Flow Duration,Total Fwd Packets,Total Backward Packets,Total Length of Fwd Packets,Total Length of Bwd Packets,Flow Bytes/s,Flow Packets/s,Fwd Packet Length Mean,Bwd Packet Length Mean,SYN Flag Count,ACK Flag Count,RST Flag Count,PSH Flag Count,URG Flag Count,Down/Up Ratio,Average Packet Size,Subflow Fwd Packets,Subflow Bwd Packets,Idle Mean,Active Mean,USB_Insert_Flag,External_Device_IO_Rate,SCADA_Command_Rate,Label
108665.80401725184,37,33,1684.5970672559918,1459.1936199264628,1066.9056471903987,20.274701179808158,237.91380667369302,224.3605922229582,1,2,1,0,0,0.7440357758066913,235.79992732375513,15,9,77147.39889544154,5474.131509672179,0,2.585820582739768,2.378225021733113,Benign
147489.343232237,32,33,2197.615109321857,1510.7030967452351,1812.0233344521432,22.37145203299503,236.4086445771646,215.56698526998446,0,9,0,2,0,1.0238299203817334,184.89195317954955,9,13,62972.334876248606,8103.631662914309,0,2.91621491010296,1.818845503421374,Benign
68003.72690373051,34,11,1610.8309827380488,2015.0430626885527,1625.1765345959848,22.583231746497784,241.47287427286335,195.83036521481472,2,4,0,0,0,0.9054196791817011,202.05691222093816,26,26,65369.88245162302,9875.104316792203,0,4.402065164936467,3.7099356001826376,Benign
145860.00151236402,57,10,1687.6341228933393,1160.1680288093664,1019.1556964653996,21.07378365794586,272.325568653308,224.99889066290413,1,8,1,0,0,0.859498463574177,193.71171435871472,14,14,34401.461656080755,9847.090671427912,0,2.237932941148704,3.615845717138713,Benign
431219.64868266264,408,330,17531.055198315757,17940.13567864344,15831.04510536085,209.1185805209729,629.5168791527174,439.8735339608122,14,20,9,7,2,1.5607170859952484,538.6577988515272,204,146,15853.36108532963,34512.751099047775,1,17.671093368069617,21.875469331607654,USB_Attack
131308.43357086118,22,31,1737.0197837265005,1645.32988180502,1872.5763637273478,34.526334590773025,272.9843296965407,183.3741669794001,1,10,0,2,0,1.050249946823065,203.76995943396852,34,7,67652.11475614879,6418.357131126077,0,3.121558321123842,3.1816535885020945,Benign
86190.36269397408,38,31,1284.7422488061977,580.3538612220921,996.3869837387103,15.28456976867892,284.76459038203393,199.94602618860273,0,4,1,1,0,0.4764974832671137,191.39265432582476,22,22,44828.90688083615,6806.022488536877,0,2.6143857444951863,1.1643132824279299,Benign
159858.93200548308,57,20,1781.8269381665477,1364.503382189007,1071.6199045500261,11.007532613827276,239.88247321445752,146.93921584337298,1,11,0,0,0,0.8298119104545493,203.9835260535798,18,22,58488.74450275471,12428.98884209494,0,3.4132438130285654,2.5115555084101495,Benign
554314.2277282779,421,120,15969.470937732423,10762.468220463852,15260.247041715096,181.94246635226096,557.6954946559036,547.082171573148,12,24,6,10,2,2.73152836634656,924.7295033521009,211,154,14257.154221801497,88055.30718797707,1,15.427091213578409,12.246589674683245,USB_Attack
148787.7157725022,54,6,1274.4120263664547,1760.5922565789322,2353.3322921728777,23.46385792527534,211.54243174591755,236.6935272879281,2,7,1,0,0,0.9496454530046106,170.8426044557189,11,17,51301.2259899283,7156.794887440031,0,1.3371115400718079,0.5703283853134531,Benign
74557.35672619383,30,15,1612.759055257091,1969.0602295763742,1230.9687663842008,21.894141660139713,220.22133964358468,192.28114317532217,2,3,0,2,0,0.6747238021197426,169.76923400702026,22,18,81137.98886389378,10016.175175452576,0,3.0194441005868153,2.8812404329311674,Benign
144873.63213198158,22,23,1109.1843380324613,1779.158114341273,1698.1095998341982,24.11026301013865,244.4283255701853,204.00308473504083,1,9,1,1,0,0.42644752589822355,179.05607346520483,27,5,81577.75009060571,5169.087721802151,0,0.534367660145985,3.3992105954776886,Benign
132145.65262907126,34,10,2270.6909752451725,2584.6505199525336,1604.0541630405405,26.674213606233014,242.17433374696134,193.3941279516818,0,10,1,0,0,1.2401853333591641,220.39853661302726,5,25,76911.43571267392,8670.847195461274,0,3.1138500897975665,5.8051623902688245,Benign
71841.86258602297,50,10,1753.8208965810607,1235.2921675544333,1264.1920398937825,20.807590183053073,245.22484055011856,188.4831132837241,0,7,0,1,0,0.8625835901247412,176.1338555732849,13,19,81128.52161445694,3061.218222638444,0,1.1461994549076457,2.158439662574059,Benign
119271.07848687553,56,7,1374.9001831970684,1679.1592546537454,1564.45334071395,29.047449021178423,241.93340000611494,206.96513860539787,1,10,0,2,0,1.2028099017498082,209.5738261165731,7,21,81416.23117653259,8500.763453309744,0,4.321515263783571,2.8296522960557855,Benign
717126.66789735,221,340,13694.00036720683,13348.304157464352,11799.643651363725,90.6780780840259,548.2223946749696,513.690360967771,6,10,8,11,1,1.960833657766104,520.2271764830781,231,198,31536.680976400934,60485.30960652784,1,19.955972676136362,37.90114286192988,USB_Attack
136682.25821469454,44,39,1198.1998925522735,1930.5605714616918,1356.8780839533954,22.58539057720651,247.53270344949766,192.94169190669703,1,10,1,2,0,0.741277288688628,176.75735100399407,25,6,67470.02915348232,8425.385029266814,0,4.243877341463203,2.176348229697176,Benign
438257.9602783709,123,187,11841.983369694914,19489.69044434026,9110.966467339267,53.27970320186789,441.6749601437664,511.8885880461808,12,16,5,9,2,1.5770879341162942,530.3155932720006,256,177,22262.960033602365,58830.42088600588,1,14.459298448288923,9.776149105275943,USB_Attack
128736.9425054214,24,38,1069.9332350741097,2273.4801957498203,1490.2255060534712,34.3778970789102,249.1293815227758,217.6722975754903,2,4,0,0,0,0.8075701151611101,212.08333535455918,9,21,29649.626702579695,8592.083262795873,0,2.1957521947381426,3.5497249209309576,Benign
164208.34176759288,29,14,1266.6103812213,1261.1328200691105,1859.6374026490203,23.591298427522965,285.05053157456797,207.17714360803106,1,6,0,0,0,0.8925515266995563,190.05346267925535,18,9,29522.972295584612,7898.474285258661,0,3.539100831429934,2.6905829006760142,Benign
156781.0172973204,33,26,2478.668791999903,2133.206936572643,1522.9703099118742,30.36083273389727,219.06806368156091,187.06286247845227,0,9,0,0,0,0.9901320043155206,187.5658423195655,16,23,28305.71909065043,11377.713197344914,0,2.8515608510643817,3.632263964094361,Benign
33988.351386517694,50,36,1433.440834358702,1766.912788744787,1936.203104328972,28.81259667413,272.4817981793867,201.11236236867188,1,5,1,0,0,0.677824278670825,192.81179681962243,8,5,20718.11724820351,9658.387043120825,0,2.4199587576144754,2.7934833678143414,Benign
110476.84335486955,36,17,2033.1125613257393,1485.3925189108588,1732.1309783780068,29.398510242970577,187.8946645030943,193.37824232670954,0,15,1,1,0,0.9356013166105379,144.1138706803685,25,20,36882.2627129074,4232.645701283617,0,2.0150758212928683,6.160939804875625,Benign
115060.46917368146,49,28,1381.8492900220392,1744.099052036966,1476.183477467912,24.937795771405227,218.95830831363477,234.31685511717905,1,11,0,0,0,0.9355283815159644,165.25116459055042,28,6,48439.68923667319,5835.278766705927,0,2.0265475428714383,0.10822072998690313,Benign
67437.04281819086,9,29,2179.7668728816097,1617.5689743881364,1248.8297787972726,28.105819141913397,197.55946468665496,186.76963053969712,1,7,0,1,0,1.0971906332523256,203.8754651106615,17,22,93270.72137257681,6397.471408639995,0,5.3290446798139595,2.6045468093728656,Benign
488502.29926376743,387,290,8063.244519017684,14867.72578736023,11880.177356207607,155.59483461437216,426.5431311065162,541.4421417625864,10,17,3,7,5,1.1672930848427399,541.44720274564,185,214,11189.205137190105,45797.713495650525,1,21.797359071150822,20.370813994438038,USB_Attack
157462.7331723152,34,38,1819.6139638808781,1406.908017107524,911.7958104251514,15.63057155016214,277.4166794043098,178.8437814407512,1,15,1,0,0,0.9885518792569117,167.57126363162095,9,12,26639.853689781165,7560.295138300581,0,1.0569634728152406,2.8124102180391644,Benign
474920.3012801604,389,344,11869.795098850438,15490.076511400594,18668.63119109191,190.2605934523881,537.2604872981876,435.3523661959633,4,28,4,3,5,2.052925071172661,644.5849492595069,209,96,8125.1553889549805,26749.677988642656,1,20.854159656911023,13.424902703382068,USB_Attack
428097.1359965248,467,163,14035.142463677099,17291.315519317308,12370.510536098995,209.7223835207849,587.2439438579121,412.35422801786075,6,11,2,7,2,2.1470356475515597,591.0543458095085,260,160,8370.382751281562,37291.609809780566,1,27.0649795232028,24.124481805632424,USB_Attack
92525.29568110687,32,35,2115.2126439900826,742.5847599232999,2186.168439119693,36.40371338599541,277.77193197661666,232.53518877783625,2,7,0,0,0,0.7360179145964224,210.21211747694935,34,18,42793.09764579893,6666.4689834263645,0,1.3929995104133504,3.6888561859310736,Benign
99842.6392896097,14,29,1503.5479928353634,1878.8767496396815,1711.3281293115506,28.00115543445688,218.84783997134156,244.13050673416092,1,12,0,1,0,0.28582880238228037,222.92025476746966,10,21,47051.61021229631,11616.251528423241,0,0.3970921319114131,3.324053141482665,Benign
164321.80902510104,49,18,2142.5244818252568,944.1762125210341,1154.0584079448092,19.268148879035685,224.54130641289441,208.77335000237076,0,6,1,2,0,0.8526273978954113,165.84558337189773,29,5,83475.95645540937,7616.861064145349,0,4.026793263924641,4.173867029519267,Benign
409278.3357555504,415,176,10610.745202304992,9241.243768325192,21068.717587693292,191.38392667846787,566.5931967168997,535.2158159416517,13,16,6,11,1,2.1352294467146784,631.3347515439386,146,73,7478.681139683124,42959.666344789206,1,30.124860695370703,17.353013056482016,USB_Attack
133866.37467031874,52,24,985.1819547578525,1791.6202686664649,1417.379165118171,26.064052655904796,190.51117064679005,248.72539856961274,0,12,1,0,0,0.6684962272235748,137.19476474484762,21,18,23353.07124702561,8497.446116933115,0,1.9106697554661514,3.451090295053746,Benign
63863.45651817039,12,13,1378.7589787156367,1877.72852269496,1824.7057787310996,24.455976350808665,223.85341583250963,166.3384290834649,1,14,0,2,0,0.5983878580724374,180.08155942206542,14,8,70270.38329714852,10910.00008654221,0,2.6153446420274307,2.827184378346923,Benign
540804.5969848031,370,165,16014.396959317144,14475.254263511406,8700.109986011226,196.89543752329104,433.65757846349356,459.3194129039792,5,17,2,6,1,1.7739498211149385,709.0850181728144,195,176,18475.74438062623,38944.990251721625,1,17.79688276880489,21.851031977421783,USB_Attack
530429.6260409032,296,272,3776.446946684273,7124.777191812686,17469.304002495563,207.22288778659646,629.870273990033,426.71610171254497,9,22,2,7,2,1.8685263934955674,478.389939860185,144,121,6923.078923698016,57496.76622450672,1,21.41770068147728,22.950274039274333,USB_Attack
114525.00472049214,10,36,1633.6216508350626,1706.88511475197,1427.5498202991246,13.87474601223936,249.883918424728,231.83432374174313,2,12,1,0,0,0.9190855774635706,201.79410819646125,11,23,56605.32950030904,8061.687335227482,0,2.5251180805009517,1.932942509633706,Benign
531602.622315565,145,188,16219.924630902991,13424.484768160497,10095.468305484927,209.9325813309615,468.3018215147141,476.34843702515695,13,26,4,6,2,1.359912250743391,438.9334475469234,257,137,26905.757883530638,36696.44346701469,1,18.788677021632626,35.03455980505061,USB_Attack
77705.41713156569,29,11,2501.978026775006,2104.8337309530953,861.0967909177356,22.01112764086407,214.26819319539666,146.60472978557908,1,11,0,0,0,0.5492920036389595,171.92490298042492,22,10,77304.14115637186,10330.212363290939,0,1.5472916693299603,1.8004488567674695,Benign
155475.9222525797,56,39,1088.6957007616904,1130.186895038429,2141.67284805844,29.48394164078686,227.7579282518287,167.0782195731452,1,15,0,0,0,1.1259111041194485,164.95585664476548,17,10,23212.47546286464,6871.071271920908,0,4.056373934306248,3.5628300247399727,Benign
110280.45673510709,52,25,1699.8935951887504,577.9314914144114,1055.0066207105158,22.10104772349137,281.34169735888,147.8506396842671,1,13,1,1,0,0.8620783712941604,168.5427463570569,32,21,67426.89227106048,6335.122855438756,0,2.165495428254303,2.3305750898706035,Benign
113877.91454854696,54,15,2322.915295880349,1864.6467075458345,1817.492931891911,34.8925129072418,239.37590013027554,208.16474089476296,1,4,1,1,0,0.8995132729852953,179.59153141928545,10,24,51956.39963529029,9067.643257443226,0,3.2373657331922394,5.121338997556418,Benign
391628.1138644277,469,167,11626.210281430278,12702.18064330581,11789.477272264552,96.53634381639029,300.9073381799997,496.4879976893034,11,23,7,3,5,1.9850339564043027,466.06778869442644,127,204,13375.625288915067,30658.563762744947,1,14.4109454614218,15.394821349688783,USB_Attack
102580.45791763246,38,19,1310.3029165486155,708.6567310863009,1453.6688398532397,35.85756851401583,276.03018036881144,149.29151263988643,2,6,0,2,0,0.8991192664667959,205.28826250785397,19,23,45770.901564073036,11330.247972832512,0,0.3945433903272284,2.6124159180049116,Benign
140840.11834885227,44,18,1125.6621718130211,1428.6694242450867,1403.5592376119407,34.215227514114446,209.8706347050641,198.74380039684485,1,8,0,1,0,0.8248658038015532,173.9679240904609,14,19,63890.086569609135,9214.928740658373,0,3.396212839823882,1.7263492548600794,Benign
127677.2055031267,58,34,1685.000401986109,2053.7510891692655,1602.2418340205973,33.41029492139573,183.35797815567543,200.5133608534114,1,6,0,2,0,0.7762935697774075,238.06378433388932,5,16,52102.78725789705,5977.278495747984,0,3.7886182981599763,2.8450105487645025,Benign
307599.1351977905,511,291,10745.015198081172,14277.17783376701,11495.495444168468,184.92463294644213,545.498946032078,483.04849578743773,3,20,4,5,3,1.409674449213984,290.3378250827774,125,91,11389.39009330023,41642.52864868728,1,12.356778411519596,17.8652445295156,USB_Attack
119736.15931543286,58,23,1902.615545851489,2551.1981792762704,1923.3446047292273,25.137125343785613,224.7782623916451,178.5889647958843,2,3,1,1,0,0.7263025737336507,197.086038603522,11,16,54474.78405557409,6508.661135449983,0,0.21930788204924845,2.9357614059953594,Benign
356156.10015841667,216,341,9008.80803427778,6200.524006389173,13729.373883045351,224.60357789999114,547.8488093990969,478.91987865604017,13,21,6,11,1,2.2330413264754276,500.5666991702654,141,149,10034.494140105053,27160.11309552567,1,11.569861975085374,24.98610754406013,USB_Attack
422910.2105827009,399,189,23431.391586424597,6661.019386378934,14664.37061221401,118.97987627584793,592.5424756720998,561.7952275970758,6,21,9,10,3,1.4655821828389677,486.1399676627264,292,70,10951.594214583027,49697.0168028582,1,16.90334059973851,21.174972471764736,USB_Attack
447201.44237421826,253,277,23399.384266945453,10911.406716583515,15465.564200368619,1.0,637.3785819801434,396.33153002488837,12,8,2,8,5,1.9384962595245814,393.46986174908625,105,222,12982.619356170624,49291.1170262247,1,21.498529967211073,20.485318529646577,USB_Attack
72962.08750708505,48,31,1894.9181971762384,1518.7246569132064,1537.189017128991,13.896901559075028,181.607352529835,235.37860936208335,1,6,0,2,0,0.8607204402425339,204.75144472507156,24,25,68860.48730755041,4605.318609365953,0,0.7839907972590765,2.718444275247321,Benign
157828.11970688953,14,25,2520.5383891200086,1439.8134802085954,1930.9761449011696,40.35031944486454,222.23089439048323,264.3963437697072,1,9,0,0,0,0.8375767945703202,183.96986897825215,26,24,110302.29439346839,5183.988638008311,0,2.629037258142324,1.0756755900010362,Benign
161037.22352162912,10,35,1581.102250814067,829.7277439510108,1671.487869162459,18.66900477947667,197.3226885187602,190.60104542054594,2,5,0,1,0,0.7727994731204492,178.20611467909768,11,16,68576.7994573553,7510.077658134071,0,1.9608382773897377,1.4949345064515058,Benign
94435.23582103218,54,20,1437.091652633388,2771.6221360279096,1280.3181474298538,9.044598865998426,189.2820982780607,160.34355402260738,2,3,0,0,0,1.169126398853995,200.582299033004,7,19,6448.090812075447,12422.855161832467,0,0.9685717336861699,2.5182562252097487,Benign
186878.2083166792,56,34,1526.1181858265634,1277.0982739415874,1572.4936617519375,22.190994097399464,209.39070657219267,192.96250704158555,0,2,1,1,0,0.9746143792462216,192.07124488898214,7,5,45342.21416596589,4644.0903641791065,0,2.400647386429892,5.722686192284011,Benign
149864.70848835955,16,6,1703.736715238371,1277.4918492122872,1701.26875100365,5.420129187831467,139.73132749611278,205.82879310258568,0,15,1,1,0,0.742078178956072,172.83632558414772,6,18,33517.51941324716,6362.690240814167,0,3.1798026897208596,2.7614364458681626,Benign
547758.4950433993,379,235,20313.44593892889,14050.894315307698,11560.401206425882,237.99963049425168,370.72106053580933,302.1225483174294,11,23,7,7,5,1.8236950513512917,573.6255064348494,228,141,11844.20403699716,41823.59844306024,1,13.851570906283662,24.03672417532361,USB_Attack
555885.6879020402,392,162,18741.06274427452,11102.651507592722,13357.57809912633,266.2251855831212,582.2619131515788,359.093575496894,13,27,3,7,3,2.2255877516510263,692.5066353821522,176,128,8126.985437404494,51477.634387518134,1,15.342571396582573,11.339154429021951,USB_Attack
113483.2152534397,59,27,788.4573734834705,2006.8965906019362,1846.145183730758,21.959673779974242,232.16832363417043,266.35727750588643,1,9,1,2,0,0.33229231750867827,167.4502402218226,28,24,83397.39583591305,9137.248581834914,0,3.0321107880741778,4.2847587154774125,Benign
113717.73518881176,19,12,1519.535499560481,959.4689446380361,1490.6507432016429,13.577702656161673,182.40345685630874,148.6063742875904,1,15,1,0,0,0.9621004440430928,189.85068364682542,16,6,73454.24947981152,9757.257904811207,0,0.470340200248232,3.9227227609593065,Benign
131715.91788958551,38,38,1979.912833143445,1596.2590542725982,322.4449325270075,25.20238309252894,239.1755749312773,184.78760998898588,0,3,1,1,0,1.0075202950978845,172.75991936483624,24,27,73359.290584154,5668.0023531009965,0,2.4384436047626177,3.279826313118038,Benign
162035.5882510169,59,32,1868.1291531267461,653.3823829267524,2171.3080605973482,17.817570039744197,189.262542474684,246.2342953208452,1,5,1,0,0,0.7500507148851416,168.01004131849925,19,12,33087.24101432518,4560.406683888962,0,2.78795071875295,1.4539291669595087,Benign
125439.42653584259,54,9,2399.7772349129136,1905.7672865950603,1380.9634279118686,31.916153597391443,245.26873546446964,184.33863319202496,1,9,1,2,0,0.9309188614134919,221.37142064806997,17,5,71107.68164849716,5020.85826995381,0,2.046471811724843,1.9485765284266707,Benign
92656.6913058813,39,36,2777.7432719818944,764.165337661292,1170.687911667081,17.883641764911676,215.9526324288361,223.6848051672327,2,8,0,1,0,1.0004619729929052,178.23384187116403,27,19,90064.97867765538,5729.268171387832,0,1.5046821996878037,0.7727009963902445,Benign
144732.8118715494,18,14,2179.6668857292343,1138.5594043758433,1050.355881738873,27.165869681081272,208.62068973626856,218.92702092042975,2,4,0,2,0,0.6537707010881674,245.3008499602476,20,19,28163.876313306395,8586.5660811395,0,1.6045847067709593,2.686452028637795,Benign
653204.6433311315,122,120,10456.48793932531,7158.387994691931,12522.753796945372,139.7348842936678,388.45993183520795,386.0510630646444,10,20,9,4,3,2.52201091891874,616.0118475212488,267,161,17518.466753395114,45667.491161401624,1,15.437731190340836,24.644452017787547,USB_Attack
330207.9246002819,267,244,8007.845531002198,10737.62602567718,11665.333791491927,223.01573434001017,343.37917353550523,409.2132548328882,13,10,8,3,2,1.577019755889389,704.2236093638132,177,237,15476.925002031887,43552.75072796177,1,15.51324732789049,20.09324940227048,USB_Attack
142364.9671957495,11,9,2654.949627963692,1382.5794194721063,1205.1962144461236,29.028989760218515,193.44194681671772,209.9921812130157,2,11,1,0,0,0.8694052652167784,224.79278831487846,26,26,62156.35042141082,7180.514829259148,0,4.332666352483411,3.390968187851013,Benign
397629.68509620085,234,375,12598.042581689468,16581.669338889602,19045.426776963603,147.42561349494753,428.9631786375298,644.1157555110618,5,19,7,6,1,1.639695815096491,555.6520491841627,222,239,23336.130625349073,60895.01922244896,1,20.793247176744647,24.903635009893588,USB_Attack
92130.32498608262,11,24,2275.5825853894635,1825.4578119865257,1711.897129623929,22.65633399494972,247.34790483223298,178.98778471207643,2,10,1,2,0,1.041438480576267,249.20042527761967,6,6,76027.1628555005,10301.098024131057,0,0.6271112424296037,2.523348805324438,Benign
93954.1970807766,47,24,2153.1900732122926,1790.126139328894,2312.1453764012404,20.571200134005085,186.31555028188728,265.5815859978084,1,14,1,0,0,1.3632232923460996,196.78579208540177,17,23,68934.0215639982,5506.520692690592,0,1.3728217352295418,2.319134823540568,Benign
390387.8795842374,272,120,10819.278489009946,6404.450393583461,14263.535320714742,228.96135721306092,515.9224514074385,478.78268323337585,12,34,8,7,1,2.3124297964070912,299.61912334575146,257,135,13975.022303239237,28450.828407598012,1,17.71289945205064,23.325879236571495,USB_Attack
524394.1014455189,404,193,3971.902724338257,12999.726426920814,12032.560231621655,109.82213931033266,519.0043878856258,586.09014761475,6,10,2,5,3,2.149538614914366,534.186166070062,269,138,10452.444234715786,54016.14793272127,1,15.722196565599093,17.46602021973645,USB_Attack
470321.96301605424,376,260,4825.743934222724,7927.990837729155,11159.561611764755,206.2982503906112,527.0577779450686,369.99101071359706,7,21,3,3,4,1.338222535521234,499.9675404873933,165,106,12145.312295013915,42750.23545698476,1,16.732657604183007,22.917904288139272,USB_Attack
529889.7004169151,256,99,21552.408121909753,10882.535700266535,8984.396075870658,237.4666837150208,242.52094084302558,592.6673875937462,12,22,5,9,1,1.4679032596323283,611.0102390113699,244,219,14958.173301403236,50954.531334652784,1,13.571783183308947,31.78496115210138,USB_Attack
31331.435269647904,28,15,1439.8259813203258,2409.987775616507,1670.5929616921148,7.964648746892632,211.91129240236413,226.6081184419974,0,2,0,2,0,0.6068013033251585,162.22574920925305,17,24,81786.81236994576,5118.583163774756,0,1.1417685633590968,3.3699535346425358,Benign
82580.47590917494,18,11,1704.446895110045,1730.6954395636988,1236.176842542892,15.672258232960845,251.8769377952228,201.07882760989267,1,6,1,1,0,0.5525196387063668,200.19025251162202,17,5,43652.26421155593,11362.007431274866,0,2.831786646276356,3.5860767631963384,Benign
153625.219542095,31,10,622.4150574108501,1964.4058939557394,1329.707971780353,32.4217969599931,191.77799221767992,188.70674523835163,2,10,0,1,0,0.9306065459305182,220.7439809755771,11,24,58409.870555152535,8865.627853037013,0,1.7278608547548064,3.1865238656500976,Benign
100061.21999810607,17,25,2661.5449473862545,112.68610662440915,1841.8207833332306,22.981407547269306,216.89356410988594,175.56931926935263,0,10,1,2,0,1.032028436971394,154.28072978130768,5,15,34551.86047292129,3894.28035878207,0,2.7195066401281602,3.5061895477094276,Benign
130817.75032970525,38,36,1689.7627087068408,1412.2489130293302,1936.1171020400436,23.927347198909032,167.01556355391133,140.10372381094723,0,8,0,0,0,0.38507687969761073,236.2142147102757,34,12,76096.86432223533,4632.016343742942,0,1.045836106493762,2.4180674826379978,Benign
78279.4371007423,59,28,2027.7902186682884,1995.974537963793,1526.9641078061031,34.35851561135274,231.22516712540286,220.80217658679913,0,6,0,1,0,0.8993128744295148,208.03411573560018,24,13,87115.50349765582,6947.065918199241,0,0.5393479827550525,3.6207153688813127,Benign
545863.2054888799,271,247,14998.062241575095,6675.8370639809655,13485.032235968261,168.79134026308682,361.3398138732417,514.2304403073312,14,25,4,8,2,2.2269223273596466,726.3639769107489,287,176,19941.208347239266,34087.18176008891,1,12.391548027560855,21.13207347822699,USB_Attack
420187.1994967263,363,241,13946.424587978752,11573.0935209378,10928.193720845991,80.9099938178,424.82802552823915,359.9164101294619,3,27,2,3,3,1.8881434103049273,417.4716193623193,239,138,16793.95898568006,28523.24189691482,1,12.760742433313748,22.07922146982565,USB_Attack
385926.3496741373,384,324,11610.986785651996,7378.398949313871,8368.879563536513,118.78488270060708,725.2691090790704,392.84586936232245,9,31,7,4,5,1.5633032403612048,345.463588608929,200,175,4059.7179680264944,57373.69444440149,1,13.189294438319042,19.50048147654326,USB_Attack
189773.39375645056,50,17,1179.1310939243167,358.63552265948397,1530.0809639338909,29.60701309401867,213.28393467296542,217.43744046230384,1,6,1,0,0,0.5383556290265992,218.16174105050953,13,5,83657.17880745036,8104.440410536475,0,4.31085950068789,3.8827071392358947,Benign
165493.20301768213,32,34,2998.688294798851,1685.8467780777391,1602.1612445085675,21.87091799384273,175.25353738396348,193.9797892962388,0,15,1,0,0,0.6839885516888518,224.20153557764644,11,18,91173.37271026548,2812.7815353610677,0,0.5372723694271404,2.224389021599598,Benign
550757.9341787623,343,174,9897.069827172745,11330.873763102389,3036.8261372386787,62.95176425684504,332.50203151656035,563.4761709350593,8,32,7,11,1,0.9908569775016338,556.7506677721258,157,168,20258.415185485184,16095.346721198814,1,17.84350225301758,19.190473707704022,USB_Attack
102203.39445388922,45,9,1904.6012462433205,2008.7150292544072,1596.6844889532817,31.561069260090218,271.86258264044284,201.14380446462326,1,13,0,2,0,1.0477890271870776,206.66547644844357,24,5,1.0,11483.111322939007,0,0.9466276127438429,3.5910407291494906,Benign
466038.273942084,232,112,12019.368369473435,10345.023902589397,17607.734164780908,83.7359953479022,566.0436518980842,440.41819417858403,8,12,3,7,5,2.15640852057796,660.0782625248561,198,204,6071.587526481788,38872.07582942699,1,12.14918761838364,18.768706774277753,USB_Attack
135296.94745429608,59,8,1215.6825570053138,1286.5349335170756,1602.7448171628496,23.67657611676332,172.19280615142839,201.62778839899497,2,8,0,1,0,0.7758550635956812,184.7604926140177,11,22,60992.08801713232,6898.935624690486,0,0.23812221514228593,4.7104450278483725,Benign
116843.27597247387,24,38,1655.6925606152531,1734.5741687043399,1019.3878830812281,21.227010640041716,196.20422572588143,222.05650793971827,0,12,0,2,0,0.928909447193659,193.2777133531292,28,12,61076.97652469835,5698.892241333815,0,0.6109285332637311,2.34730391147113,Benign
108142.67564989586,26,31,2522.12519820119,1402.3055741727712,1398.694269794922,37.793180675853236,163.6166858303976,231.03931019976747,0,15,1,2,0,0.6883986854466794,223.30153524464973,23,13,81201.70343960969,5186.963760176074,0,1.47425191146089,1.8532382542320749,Benign
406029.7405611264,523,125,17863.17822880637,9656.025501637341,5163.08415994719,224.458488651087,443.23421113755137,321.52925906315284,11,28,7,4,1,2.208423760536628,428.41580133464174,212,153,15477.679671627686,75648.06655873396,1,10.745054915967984,18.37248213414766,USB_Attack
116573.7032466649,8,24,2080.2288874794026,983.7332595405826,2131.4847085224,21.87086553073692,243.484543162339,179.7470590629226,1,8,1,1,0,1.0148714801314083,182.4550985555544,27,11,46133.934035613864,13887.863463882182,0,2.546592515909901,3.6096024414370165,Benign
188987.67279111958,18,9,2066.088079922577,1780.1216804579592,1391.229699904521,19.77532509368196,169.3800866923264,219.0863765470935,1,10,1,1,0,1.057235395288552,150.60831236745526,17,22,52174.41491279526,7795.06031302701,0,1.256573686498283,3.4484439400177083,Benign
491354.86767878773,309,297,14116.292208519506,17900.703510501826,11576.094185187168,174.4261587364262,625.8776554035634,406.34248483947545,11,30,5,3,5,1.7983116756366602,799.2557304040304,104,133,14002.391324755965,39133.48894829144,1,18.232331964881418,13.908699347426548,USB_Attack
449435.5476954088,401,270,22077.988852667128,11679.656764833902,5798.036658130011,177.63506515231427,485.80846689000276,593.8215370834454,14,10,7,3,4,1.6356502484264546,507.60555159424524,203,90,7981.38686918764,60479.306352685824,1,12.224103771854924,17.69589701790313,USB_Attack
130719.5826813188,36,36,2604.8155285158164,1445.1322574998537,1421.3489206509762,23.69157603899131,201.3965112817333,186.0706178738169,0,7,1,0,0,0.9063052622643104,202.0116244464619,7,27,95929.38174391733,8370.787172876886,0,2.8286679607831653,4.589690781787622,Benign
148888.81719748344,17,21,1520.2646284255486,1404.9405241749241,1959.363098994936,25.91980140450075,227.95724930202218,220.3907930794262,2,3,1,0,0,0.8630070069530256,243.77892887424542,5,27,68874.63367614552,5577.696750778026,0,2.419212757227827,0.6825125551218867,Benign
98261.66845446826,25,34,1576.4952700440726,1622.5357787482876,1980.8695325723586,27.70237499709593,187.18184717284606,241.30724458419326,0,14,0,2,0,1.1576568830357326,199.82845975471395,7,6,56818.233368473026,9348.60345656689,0,2.9099543238375443,1.9068009057554767,Benign
409493.9051493042,481,216,10702.914297879137,11370.953219947252,7035.914668222518,142.34797064664258,624.7082417098845,540.2141951320564,11,27,4,4,2,1.6516136351964061,442.6753258155826,268,152,20207.926003049186,33665.344681769115,1,18.99275045413942,21.674143438083224,USB_Attack
133791.1786504496,56,7,1256.0739812665374,2348.561249603515,1683.3728675942127,34.62949493474395,195.5580895499684,249.20183715107885,1,5,0,0,0,0.7501964430979307,150.63610185748283,30,13,38632.32036644359,9565.992954963476,0,3.642408478583759,2.0240345615494837,Benign
149656.59727395946,8,27,2001.7611737269613,1572.2722452207488,2444.0548998630143,35.074707809695894,206.47715889875894,234.92479027724514,2,5,0,0,0,1.2933264951804255,150.3493523993623,16,20,91226.54094393698,5304.121992172369,0,1.0628417658279194,2.5664201283890997,Benign
121207.69506001388,40,26,1243.8340426093223,1604.7968003323015,1253.8867548942635,29.255104953614396,202.31271481110124,205.973555004981,1,5,1,0,0,0.7128144231027372,190.136704748368,32,11,64650.292670470815,6865.983793487919,0,4.36223556470203,1.6256762804756042,Benign
81408.19994748908,9,24,2170.142166826458,1588.7552448331705,2349.6310344715757,35.99775192396502,244.1315747542718,192.77850129926006,0,8,1,0,0,0.553058984989328,176.01263045966982,27,19,54968.81410136282,6861.631437707359,0,3.424903849081413,2.7085805153832,Benign
617638.2131070566,221,85,15883.590002307574,9565.799262146162,8373.992947802395,190.37229829081826,598.2726541079421,548.3270430943784,7,28,8,7,3,1.4494918881718202,475.7403241497491,242,220,14567.600265907973,36787.537213566124,1,13.810329611768733,13.03135779947811,USB_Attack
485813.06912488997,383,198,19576.64616115972,14140.551907309593,10417.471094926952,163.94718018066337,420.4549655134721,461.19478753090567,5,16,7,11,1,1.751273104809073,564.2283035942945,173,112,2896.7595846579825,36729.40836855498,1,11.682505570659597,16.391191296799747,USB_Attack
66971.33661181858,49,24,1536.0954268200528,1698.9080548687257,1371.9848981833156,33.03565055097553,228.89850276973627,194.6691494015999,2,12,1,2,0,0.9870193368326683,215.73914039587766,16,24,53826.436682386724,14060.04336835247,0,2.497729856388208,1.7694455991754257,Benign
123284.56078341263,20,16,1968.3535958781529,1831.1928471895158,1837.789881185505,33.15230624013288,158.93925088610467,155.74919145683063,1,12,0,0,0,1.2634421672377676,173.58975170177155,29,16,57925.7898081103,5904.64650005285,0,1.5563376046703654,2.3547143878631767,Benign
419023.960887741,207,210,13051.96258931753,8125.023902252016,10648.411397886392,184.64724987766954,268.5002852448566,437.2842651682769,4,28,6,8,4,1.6963767155035079,711.1960357886138,101,187,13067.135833856653,49363.73256571472,1,26.03043290980508,18.5846407368924,USB_Attack
383374.584377619,536,226,9131.767007856073,17072.381247463796,8464.497560352764,121.11706528990845,409.31358488983994,533.1928159240348,6,31,6,3,4,1.6335006038650814,463.23541624362804,236,224,21419.22186160151,56213.08239344744,1,15.626293756228929,17.506892619769143,USB_Attack
52187.55727986443,50,29,2148.103730918042,1465.7735646143503,1434.6694872738324,40.657024925104686,207.6779619663857,201.89225655224863,2,12,0,1,0,1.1966818446063718,217.62776438344414,30,5,47493.06086678493,8851.800271197508,0,2.6239647495357845,2.3306460626818364,Benign
490528.22106214985,444,236,12379.311926427969,10369.278761984522,13777.872526252157,156.1186639761718,289.0646435405493,402.6633431007767,4,19,2,6,4,1.7731701032746767,428.7868266330532,141,234,17996.548046912918,31715.4612488277,1,17.398022294108713,17.470101677159555,USB_Attack
115116.03010102178,8,9,1644.9523457052846,1760.9144298216936,1428.6668092603372,23.758233699518314,245.20267981278363,199.0780162066738,2,11,0,0,0,0.8640358253108041,198.3972317304795,32,6,54111.78010469896,9586.969326047722,0,3.1200536103890957,2.974331665871998,Benign
182879.96250676317,31,19,1277.8889922119206,1509.0076059825774,1173.5967226159655,23.283916186798926,192.92869725132482,175.16677941557327,0,9,0,0,0,1.3778759087315209,236.59070625493203,26,10,1724.794304961535,13296.18720857671,0,2.9114600904197827,4.797667991260465,Benign
76285.8626124133,40,12,1838.0472394612582,1761.8392205043947,1412.892924813306,22.055462841889526,191.65710491259378,190.78813670710198,0,3,0,2,0,0.8809365115329281,275.29819736343677,25,17,50869.73437587496,9902.148767809418,0,2.1047927428597193,3.2681928041769113,Benign
108279.67192202414,31,23,2035.3247930520358,939.4821286974214,2669.457343041864,9.08982365268051,218.7410656221619,202.7356608190505,2,9,0,2,0,0.9793749057057064,209.21162246867354,7,25,28001.3644538716,7694.859563837533,0,1.4223725896208743,2.717824143231377,Benign
171175.58041633692,56,34,1069.6373470140247,1495.1649433160874,2187.1214027188794,35.99891844566598,165.96937718018455,194.10085167344104,1,12,1,2,0,1.2298708991820295,206.2406998196106,9,8,37057.4117356407,6562.165328846998,0,3.3826711796810605,5.239828372401988,Benign
133499.35024039645,50,13,1354.6958514962075,896.5244679189971,924.2209853197471,16.79167632762978,203.30577086843124,177.43391816916562,1,6,0,1,0,1.0961727142773212,154.46418872145085,34,17,82085.46073069732,6494.980627967764,0,3.6352566499988073,1.7066783862885155,Benign
136899.39220549274,48,39,1440.4065520185295,1674.0860704671304,1722.295320639762,26.358519269968777,267.1827241685575,214.38466379672136,0,5,1,2,0,1.1643439200444954,201.0554663369734,28,7,22842.357944069183,11362.433797530155,0,2.8868760165122738,3.4468859001266656,Benign
547714.535944141,330,115,16654.02059954328,8115.621786021982,12628.786030975174,243.680253909398,363.1168496613702,548.887758847099,7,14,5,8,1,1.8833440629232296,428.7442979530803,184,149,12841.155644939898,41714.17271058479,1,21.1521833313421,29.2152308884313,USB_Attack
129898.30615971793,52,9,1419.483048186607,1656.739544343396,1364.841165318164,29.96572584575791,208.09589242403072,211.78723315231082,0,3,0,0,0,1.1456349564375221,216.7674476033551,30,10,48841.154309566984,10610.66267878866,0,1.561131675473957,3.932624318724682,Benign
479827.34399918513,532,264,17124.387869600843,13665.081937186125,12895.514779915238,233.553946007723,604.9035169596073,549.6407272809096,5,11,4,3,5,1.7856662305474091,439.0298973817781,256,163,8448.25291361177,40161.0184907473,1,24.071693526196015,21.751766391005578,USB_Attack
95715.41043321701,28,9,997.4333992707913,1327.412493050192,1610.3928829659992,15.912304607127538,290.18437584857156,194.88428263105197,0,15,0,1,0,0.7508442171113112,196.02151191544218,15,21,38454.87559760836,2157.409656751607,0,1.7383689466089853,1.8566626421976624,Benign
526036.2331727272,376,115,7013.730868158376,15387.777378447221,14677.42429886687,157.77869611560124,551.7542808074191,430.59883952161687,13,30,7,4,1,1.3578148364010008,329.28721872259433,143,118,13174.480551591541,35603.98023895685,1,9.445144078448484,31.554103465090336,USB_Attack
492749.10276519234,515,182,18236.932864816954,15403.38103133404,13544.11743178395,151.13452595410456,585.653792235366,662.1203471029118,4,20,7,11,5,1.5503763309009644,762.5983870102757,128,166,8452.343329680756,53389.19430840248,1,15.398971165064761,28.044144449735747,USB_Attack
444252.5121074633,280,266,13631.73172567679,16203.818725458768,10528.354271850583,226.82019304607576,673.166027088951,391.75036177903615,12,26,6,8,4,1.7627718609158711,473.63717439744426,157,130,20564.606998427495,44757.632693720836,1,16.87399362499848,25.669043837430767,USB_Attack
125362.22889858982,36,8,1072.678063570948,1197.4227698876891,1539.7610111927067,26.374316921596964,220.3262631248538,143.79104755326898,2,2,0,1,0,0.9762591411256404,227.9821706993824,9,23,85311.5309597822,11254.530492559825,0,0.2236766609381018,3.9987621028337115,Benign
406419.74415030313,350,288,16899.035202849198,14920.911981098185,12066.464189208855,40.57803146176994,684.0782605300282,559.8904093502124,3,26,7,4,2,2.0272071209333484,406.0129304898647,122,196,24431.11755025536,33975.291881186786,1,23.591976821485403,15.893981226196617,USB_Attack
119319.4417402306,40,8,1599.4780912904553,737.3586751776629,1182.249544058462,18.452796097026308,188.9963053333142,181.1194971537719,2,6,1,2,0,0.6977144776265608,177.06020399810305,14,6,68549.40016243624,8454.77469754955,0,0.40667263055098424,6.579927283421043,Benign
101323.7954200334,43,28,1603.3510264889271,1552.9484292602883,1464.0883001315176,17.070460208068003,254.60529802526878,167.67947128119653,1,12,1,1,0,0.8905205098417435,211.7961610634828,34,26,34018.72181964698,4037.9103055519713,0,2.0323126033045034,1.105944024648555,Benign
420314.36244269117,390,314,16752.491426085817,8526.372296619684,12829.473761897641,210.70461194703574,462.30001241674955,480.68415703526847,10,26,5,8,4,1.4502299652300519,383.46260805956916,145,102,14016.379678788875,43618.86893058358,1,29.150473352990915,33.99438499743003,USB_Attack
109391.55775159068,50,39,1469.210557788219,1698.2726643220603,1469.405691621252,29.31402064206466,249.81647440678137,195.65694848722526,2,8,0,0,0,0.7569288157028794,183.81343394825072,21,20,31866.362239219867,8175.31526616436,0,1.6314399475351369,4.696884055919776,Benign
371064.11449954903,393,104,17933.00297375929,19171.5609348828,14910.41432526197,155.16093842900653,398.2618664090262,370.411227239876,5,16,7,3,1,1.8046735614464304,537.1963139865061,123,205,29656.78302282224,59401.76096126291,1,15.661544713729343,26.661254219032227,USB_Attack
129683.92392279745,54,32,2044.102319866786,1494.6401171013817,1221.6717809349757,16.42936321365039,228.51145158119667,258.04838357028666,2,8,1,0,0,0.8156229292171249,206.1394517352298,22,23,55578.55698270518,4834.997503236328,0,2.378122801815177,3.7892796813316747,Benign
85497.4351754291,36,35,1396.443239679339,1376.9744015625145,1577.2439205819303,22.456263189836953,212.54162267940714,151.67941206807802,2,3,1,0,0,1.045381520473985,196.8103921445548,27,12,34714.99019493684,9717.35646323238,0,2.931886066411711,2.605435192340207,Benign
141359.31068973153,24,32,1847.2557466837866,1017.1188028219585,1358.2818283583977,34.406288200602035,271.0188542321902,197.399648229917,0,14,0,0,0,0.7524344765188893,200.67132587512407,34,21,66917.70940679916,3443.8213726014046,0,3.4485855690436757,3.543468436991667,Benign
552769.2974641817,307,114,15209.494973599423,11268.834057381546,13271.581078840296,238.07009052912068,669.614833087058,522.7193482230746,13,31,6,5,2,1.374696461153584,453.05759442487414,205,123,2051.2100743455776,45407.468140000405,1,22.06772543611634,30.064293318505904,USB_Attack
103011.1525325698,8,39,2407.3607372488905,905.3932266032233,1187.3648471099214,17.055272005529968,220.30638819102495,208.11974701556682,1,14,0,0,0,0.562845418133694,125.32544800803288,27,19,119532.64974574855,5724.668786969854,0,3.790168251729974,2.4002818748725585,Benign
101261.89775354463,46,16,1499.8087855418244,1119.6755127928864,2270.959101597502,19.0895046415468,203.961530034268,180.76673899368737,1,12,1,1,0,0.8964363728997617,152.0683855420948,13,23,80431.30795685263,11569.964893575749,0,2.9512110613982494,5.095674515055377,Benign
159754.40186624517,27,20,2183.669348860287,1540.0170916971188,823.7550387695976,28.048800756878876,201.94127293347427,224.5782444598811,2,15,1,2,0,0.7826393459986486,208.51715048991358,27,8,85881.24787743133,11957.941376654086,0,3.40456410062055,3.4934005647850936,Benign
129908.69836849776,51,36,1820.9272378912387,1446.9872606065849,2186.1920958720984,20.3780548624553,228.32027261883394,199.47840841079875,1,11,1,1,0,0.6526656536083806,162.38364548524783,22,7,21081.660609770544,3853.1576302183685,0,1.6302820495182166,5.727852222208736,Benign
113647.98592366817,19,16,2545.783258224383,2879.127617052649,1535.9953876435331,18.92614596392038,248.685561078045,240.51823337020488,1,10,0,2,0,1.291690265817872,186.7724277814207,30,17,16913.757950077255,4051.9327094208165,0,3.032788398279042,1.8352751629614728,Benign
483706.20183142595,130,120,14194.712320248766,14226.77056249053,20677.91208254188,165.20703261744566,601.4696149154352,403.453274695785,10,32,2,10,2,1.9760716131083915,409.8905743383376,262,213,17011.743570071932,52904.950707309006,1,25.86105658961157,32.66740050819803,USB_Attack
582833.0300511103,167,357,14523.336979530772,11720.597180240025,14670.746330538157,104.9346588723454,441.31814441109293,466.8700064206023,6,31,2,9,4,1.8212189555660068,522.7322443185783,291,230,16690.479425896006,62660.63274241358,1,22.262685099750122,32.06036706944816,USB_Attack
118705.99231077278,13,15,1668.8586894919697,859.3205499583241,1843.0645980664278,14.524141639204911,226.44593218566902,207.12548159080598,2,6,0,2,0,0.9466594484998404,189.87215403463674,25,18,114435.98246220956,11552.573085988512,0,1.8515971557383117,1.302286025156682,Benign
179925.42533414287,41,26,2053.302954839728,1325.496355813522,1207.9892448827754,36.986672862236105,232.54272307314636,192.42327558622412,1,6,0,1,0,0.8469717977986032,217.71581909745888,16,27,44874.21380893612,9936.119215097475,0,4.938658546547881,4.296237049236771,Benign
528948.9303700962,486,212,14333.496023822017,9304.501845931127,14704.39231311246,183.64210110457287,479.71538335605834,388.27958304663616,4,12,2,4,2,2.025756805446929,683.8497466582985,294,130,5863.721113049831,59031.19706592004,1,6.792308789904197,13.049751935408661,USB_Attack
122037.39507508007,24,10,2640.1535529891676,1880.1960118049121,2246.9895890538464,27.76633537006559,187.63435551011543,168.3385917174287,2,14,1,1,0,1.1061440572781633,167.9608829853371,14,6,71965.66570347002,5863.111363231716,0,2.3497385623118783,1.395426106347664,Benign
136443.85138926588,11,29,1839.235039088506,1297.6500573519354,1145.083315135671,37.726805768814884,172.19544179573347,177.88602663570532,2,2,1,2,0,1.0702660162217863,199.20109715767273,27,25,55662.50297590083,9153.909829102107,0,2.2093693507319654,1.848090700141705,Benign
479899.2250201899,456,258,13273.519505687196,11350.43306750593,8363.276204403866,202.82657543657683,547.5971338028169,500.8028991228572,3,27,2,10,5,1.4646172785912763,348.72634027995616,121,168,13046.611187237815,54168.71631151502,1,16.964853064310066,23.62920153323466,USB_Attack
60075.99921330421,32,36,1570.192456963037,1306.3569168875013,1654.2809943874256,22.620071614406495,188.4659320538391,221.22337398709936,0,12,1,0,0,0.945286500423151,191.69231797951676,34,21,73967.78064903012,8369.845732395403,0,1.745607483235672,4.293123271834173,Benign
512162.84749401064,252,236,17572.577076190337,11349.777118588627,5858.8423460107,196.93718091015205,521.1210290991647,523.1616686057156,11,34,7,5,2,0.6968538507973185,797.189279869491,264,95,10542.33581664944,44204.70039411731,1,24.240874144927055,27.158503674365225,USB_Attack
126308.7387325844,51,11,2078.2795640466616,1206.5539326931016,1142.6842461566982,23.614670381340478,178.2001816631204,214.12609189616717,0,5,0,2,0,0.8356537542288115,187.98857820705337,17,18,88700.61388337995,6867.197839192621,0,2.485701899928492,2.8144080356564762,Benign
621832.8259690851,221,273,9341.111965201057,8715.61068167691,13878.921614268742,174.56560105505665,409.62850838136757,409.12596998500595,10,23,8,5,2,2.0491943372943995,361.2766139459237,290,222,23296.650415617558,52837.015802489914,1,15.711453551513898,31.798623125846838,USB_Attack
159360.75786659744,11,38,2349.0741260938735,1533.221647532873,717.8886675718019,23.362552012977446,180.65637395734308,183.05281666555996,1,13,1,0,0,1.2977489332518888,215.10757907582533,5,12,19429.0315822068,5142.740921427672,0,1.9800133737308165,2.6657773370384943,Benign
110544.76830344328,21,36,1153.5324729992135,1751.5262792511712,1333.902212376485,31.889223175912306,246.52679547115326,212.02986137025087,0,14,1,1,0,0.8244984069504928,197.23973645083956,15,19,83645.19250505284,5681.260951438837,0,2.3552244861156253,5.4935593117551775,Benign
61964.077928606464,8,26,1863.6207244866252,1394.431570630037,1394.8291024577552,13.84614645959827,236.7729789428452,204.96128919186404,2,11,1,0,0,0.8554361579011811,182.5088565805308,30,16,39102.89075413399,3724.8186088566317,0,1.9788270704688746,2.672538077042447,Benign
415020.49142369593,449,340,19612.81589721407,7273.930123039024,6852.151655044881,224.34413679856667,598.6080234129543,440.02615526369163,10,30,2,9,2,2.2045861864263863,249.07425613698308,225,203,5831.023638293228,43031.24821364994,1,20.748178486428834,17.96632296578126,USB_Attack
37509.71941108274,9,28,723.876467688182,725.6340786808262,1799.1380779617439,13.728572601056431,209.4320324611801,198.85075603607,0,11,0,1,0,0.7777335253905409,146.2609939973222,13,24,89861.18371540017,1634.7199812929994,0,0.765123890091236,2.5389655882112354,Benign
365434.28141342406,361,341,15107.737325830773,11379.189258723716,9177.097557438941,282.3835306235828,526.647321718924,493.1025205192525,13,10,8,4,5,1.70864166458572,663.3444438194321,293,80,18294.91210749291,29153.562027165357,1,22.807648728446935,20.55398048564614,USB_Attack
421998.98116055556,500,336,16976.933128001987,10748.108983683964,10124.867353956452,243.5537754178119,719.5458093784661,638.1622758604817,11,20,9,8,5,1.1066392086787022,456.7529272347185,119,77,13351.198690325135,58069.93617681264,1,18.39314004457563,33.26856300653184,USB_Attack
107266.11870654307,38,11,1870.5476910810696,1836.205457203399,1369.8664259725826,19.465347399465447,193.3490209709419,225.83011870770417,0,4,0,0,0,1.2922882873451123,235.4107241875369,10,15,49355.99931989193,7177.050868448762,0,1.1463726911520555,4.129842836415355,Benign
152366.37117089215,50,18,2085.724612758172,2092.397976534388,1642.0429893263388,16.13993116344954,228.65459760429326,209.56106329662927,2,3,0,2,0,1.2100163779790627,157.56890034875948,31,22,51136.04433321208,7188.836631390319,0,5.671824295551907,1.9368491694846357,Benign
155955.59509550082,54,14,2163.064528057777,1415.4382379881476,1529.2884841867976,36.83740983631059,241.689750908153,215.33721411289036,2,6,0,0,0,1.0578353989813942,192.04560774278045,21,12,76771.3384867592,9993.623325083385,0,1.3833217107475182,6.098617966992869,Benign
114888.34729931667,14,30,1936.941969129841,1039.5099236553485,1219.609964764969,17.07455718259329,231.36214318725803,251.4066436469025,0,5,1,0,0,0.4185776164062718,142.76579748486367,11,23,68885.53086184112,12391.309428966946,0,2.5402281502288355,3.97628523012728,Benign
358462.0723750153,214,289,22441.192545678736,9428.579914955768,13285.990460537352,252.24120680539622,702.6146767882851,441.62842035668524,10,9,5,11,3,1.7754077025695334,390.38832839914164,217,82,18735.13244021016,48474.07337024909,1,23.56482248483533,15.173337286177416,USB_Attack
138518.44741476775,14,27,2059.5353564609063,1656.9158991083873,1479.729616973497,26.986708270126154,200.10900179652185,252.22875339142917,2,9,0,1,0,1.112832661299048,197.79488007622123,23,21,95438.03766878496,8375.728083581387,0,2.0499211727108375,1.695947782132483,Benign
412849.51653515466,195,268,11859.998337854388,16878.711468649664,10189.143898108194,257.1687128250136,681.8527412880416,449.5157366625603,13,31,3,8,1,2.2371558570371213,616.0629693867926,232,152,17913.458256694477,75349.18082833508,1,14.977436000819397,19.302887323423626,USB_Attack
129281.74710470835,37,32,2061.163771427299,1246.1827157793043,1384.5981225970959,24.07146336603452,256.3257380115902,152.22758381463353,1,12,1,0,0,1.0107469248045555,132.51419423866005,12,22,70454.32330548267,6925.994572456513,0,2.086271370148423,3.920908655387799,Benign
586036.6367535467,358,320,16120.216407697151,16794.151795899987,12044.668675287337,165.8061040398944,297.24790014816267,384.05690174646804,5,34,3,7,5,1.8326288829735566,507.4937580642924,252,170,17526.317373525726,42930.09008561906,1,12.978536682574594,16.623024756376108,USB_Attack
85055.1571061688,20,36,2250.539420118828,1723.9102236123879,1728.8553039586034,35.32605968862781,211.35504408102244,193.23210914967854,1,13,0,0,0,1.1704602018791985,188.5256008567443,26,10,57909.47997748855,7593.604564815173,0,3.7977491554231584,3.2192182177556052,Benign
412030.25225246814,300,335,15385.980486795628,14005.345620494965,12342.156084635064,195.59100144970049,535.7306256624688,462.49430215184424,10,33,2,10,3,1.8675688784231468,565.5510130563969,194,85,14627.602717925362,47832.83942238186,1,17.65721247955733,27.335730851164296,USB_Attack
233442.01899394687,225,147,17122.308733368707,5731.671799140525,17733.229321722534,158.86742862771058,399.974965191784,464.129671101039,12,24,9,8,3,1.7289805996178584,526.6546126185921,213,170,20233.132425027612,27985.313225253463,1,12.581902094535597,12.847984913796706,USB_Attack
142476.68781602563,25,23,1512.8279457613905,1705.3701834207536,1108.0178012061515,20.341274172798453,213.33095391230708,197.63363118620174,0,2,1,2,0,0.528686178547688,187.57398422686572,18,7,47359.727959614254,5550.444980985496,0,2.4604560199662218,1.7901806859937999,Benign
69379.56916759946,57,8,2547.7720076008677,1154.7027629513805,1120.4048647226696,28.647663250292904,195.9919315223445,212.1553809812866,2,13,0,1,0,0.9686679824063433,202.6547674597609,20,17,56873.42269298246,1936.289383248647,0,2.575501164896536,3.0748067808696478,Benign
92092.05938189848,59,6,1813.3967215597193,1596.453483916639,1399.4980146825278,14.113727237178503,266.4279435054354,203.00307511953076,0,4,1,2,0,1.254914229426672,179.8043560208213,31,7,52317.1363050607,6259.984977153796,0,2.7345251640625032,2.131801351124708,Benign
165491.05940176008,47,12,2330.54512880129,1568.0207542555665,2099.0264544348543,20.010595604859216,227.24489573113843,194.85411058283913,2,5,1,0,0,1.005489686093273,199.42775455279764,21,17,43994.622153367905,11789.446209235972,0,2.2800342210994695,2.0201128948754907,Benign
112173.0053099745,31,37,1455.760544567103,649.9736578308007,1565.3006506152824,36.451701207641996,220.85809218384495,210.75705359619036,1,8,0,1,0,1.0896489463245318,218.30907920280336,23,13,58122.918773497804,11667.237872638823,0,1.4649545169340235,2.357400155287277,Benign
145197.67815398393,53,38,2112.872271544794,1536.486757985208,1389.8536761336911,35.415941477928975,243.66967496092815,232.37292892735928,0,3,1,2,0,0.9072745821010659,150.45447581164618,11,18,31467.66069009569,10443.434667385436,0,2.205827117341515,1.9706317871821681,Benign
127108.66166157738,45,19,1673.4047273027973,1731.5396364185049,2117.655200482659,28.499877594683007,250.8030749898891,246.07236413667985,1,7,1,1,0,0.9212150244586315,169.20237839045174,18,8,70425.41822833214,6716.3056957651315,0,4.618230373848573,3.7695988083213505,Benign
453593.72180424235,188,285,17002.797942367986,11991.772487236693,12081.583768192355,210.6766309514907,733.8311037238027,359.05934622648306,3,34,5,4,1,1.4291738056724848,378.4813525344513,234,144,22194.756867237258,41309.20937130374,1,16.75013598419297,32.75868444212138,USB_Attack
160915.5097479807,31,7,2019.3340837085047,1552.8145879933406,2393.8932949143978,15.3342277761348,250.93914514711804,175.52462739216307,1,2,1,0,0,0.766042330298618,173.45844615203364,18,5,61110.36669843548,12223.95078233664,0,3.2834902115023143,3.6034244033772618,Benign
112900.23526044299,51,38,2267.971320650783,610.2662802226845,1295.4867505517018,19.56422057108745,235.79810256159388,246.03602282280093,2,14,1,1,0,0.746472176348043,187.54982515376255,29,24,80821.41152220483,5183.862338300276,0,1.2595243605156075,2.112026958422521,Benign
66577.85677309587,36,13,717.9615642634649,2074.686477983987,1095.3085082994796,23.626407749290262,239.42117042005793,167.6709965979353,0,5,0,2,0,0.8043571950457219,175.88822501854946,25,13,63417.25013326546,8102.434601040078,0,2.1502947006570365,3.042543841611091,Benign
518022.0681813504,216,168,14066.207496957528,3823.291490426798,6028.4408211904065,139.9864932927985,648.7388424796161,380.1475701606863,8,8,9,4,3,1.4430026916418401,352.2428746089289,93,120,12573.167878220025,23378.090466785605,1,20.23057280150325,19.41474609978235,USB_Attack
136535.75186105084,59,31,2005.2758175291478,958.5063017832852,1400.366295665193,23.029490211342146,283.36238585661454,240.3240609475619,1,13,0,1,0,0.5779822177330517,175.21194907262858,15,18,104155.43313294736,8322.260667531104,0,4.052407384320814,2.301089929489363,Benign
585234.3098163154,301,165,15701.735588808715,15059.934363597196,19266.63416416262,110.2873564216238,550.5579876824619,519.6499270172083,13,24,7,10,3,1.7669670886511228,568.7664124154959,80,220,1.0,34159.169894885126,1,17.847165879092948,29.01137072534467,USB_Attack
72988.25249293685,44,15,2280.5786068589255,1604.0508941825342,2540.7896312633748,28.20668701486938,230.82821650741158,220.56172567919256,2,6,0,1,0,0.8671506227855613,203.77590859487364,26,17,60226.76285367271,11015.580922188605,0,2.9468819879950323,2.480764790348097,Benign
547937.5703226639,360,227,15250.862658443733,9926.025024316466,9955.744013198082,60.97095823994093,763.7275152746836,366.6794630590099,5,32,4,6,5,1.8155890727426147,379.7383233142201,195,128,10246.393132632533,56466.24234296874,1,14.743182796387586,23.975307478114967,USB_Attack
453488.81208045495,451,211,20309.892979359178,10358.518901368268,13223.099111954443,185.71374457021582,588.7843336982407,302.2109071799091,12,22,2,11,1,1.1334035992732872,325.82450221469094,136,201,4655.247766698387,72599.23181581804,1,15.508565874110404,20.40840888088743,USB_Attack
109035.91217657324,10,31,2390.6133822074958,1871.4864333205837,1315.2482931452314,11.888121706299943,200.00472267461703,209.20664662079176,1,2,1,0,0,1.0715046052969899,218.4838878988043,19,20,64751.303876010694,11938.253384444823,0,0.0,2.6183821857696756,Benign
288464.7412212769,351,159,7140.778669561796,17986.057351201092,10840.79552911307,140.3167328223832,676.819154175553,620.4780138616716,6,30,9,10,1,2.353624890126745,821.0833061750795,212,116,14892.458135640978,36519.01304725852,1,17.419280089066962,26.578002494312106,USB_Attack
388369.41496331827,471,280,14853.441420022697,18936.546884963795,8706.708624524623,191.42936773389562,504.89775958130815,433.743330385553,4,13,8,3,1,1.8101245529406322,376.0715801662781,203,95,10822.070392541595,48152.80952776692,1,15.23563994361098,11.132675461462153,USB_Attack
98141.68544221418,20,17,1633.0575870032233,571.0361955710629,829.6632909640956,25.600282097932073,186.52832039518927,218.38424542477776,2,12,0,0,0,0.9060037976335817,202.32090708849722,16,24,43261.48521129547,6007.567600392184,0,1.3922581101692741,4.790317543076408,Benign
143145.99779285758,43,26,1343.8409377231892,1096.1676857086381,1042.8542108838526,28.071086435258874,218.97049407669485,194.9007714491409,0,3,0,0,0,1.0730406598673703,202.8212394467316,25,24,22374.082266812504,7461.219378388639,0,1.7285732714756878,3.689571009200759,Benign
496593.0036458098,144,301,14124.843579681892,17574.45425126048,6408.19912719908,200.80830438418894,368.34853082510426,511.3765702053967,7,29,9,4,1,1.998012171133132,368.3775312703639,134,232,12612.141409105261,64870.755341578566,1,19.0019178873592,30.794707038643374,USB_Attack
655584.9134418023,356,221,13049.391181265035,11527.798662831678,15574.50717378111,194.8981828080894,589.1981052977916,445.5199685384535,10,29,6,3,5,1.5393937732613905,743.336748542096,144,73,4223.583046194619,75108.19638147533,1,20.89781241976499,32.16653502544603,USB_Attack
108238.80612387805,34,31,2319.5719157420904,1605.565710703699,1350.1932108122105,36.75195052985827,190.10811807932768,215.44708325461178,0,12,1,0,0,1.0195282361958646,151.3906938685484,23,14,50764.210629628324,8594.157657256692,0,1.029628495424888,5.424550704528895,Benign
124197.7293611734,24,22,1732.4434845466858,1212.7068567291503,1666.4606229096785,40.6615787387779,250.1264126770367,192.5301217106131,2,8,0,2,0,1.2313883748332586,180.88083821470053,17,21,87018.3548571629,9001.948231388169,0,2.4999335153503117,1.7846492834107057,Benign
95502.74677633276,44,20,2237.8704818804745,1400.2620446170754,1511.0914717552366,31.163282805993745,222.7144184636247,221.33798552314022,2,10,0,2,0,1.0522313971293558,218.94453478286482,8,9,83174.04139157015,8528.984551932374,0,0.21270117014621448,3.1955927459360938,Benign
413735.4195115498,379,233,14356.089802883405,11834.96441538787,12058.028898226103,183.6518712121489,547.8003967036515,264.79609553891703,4,17,5,10,4,1.5115451159077147,548.095177371628,80,127,6704.139209551097,41065.228159936145,1,20.659396006992846,18.94253220052739,USB_Attack
482549.4070574647,338,107,19364.490140290596,8253.849433621028,10955.014756876253,160.46522820910752,557.8686637419382,397.3123189716824,14,18,5,11,3,1.2872903254053978,520.7279641176831,160,122,19554.915777863484,49240.16365719616,1,22.782006155126982,21.61284320948559,USB_Attack
336004.55993240897,143,293,13505.846233096774,16395.0297118184,12465.580221846823,231.12990567381476,654.2338351435814,412.45765573370505,14,14,9,4,4,1.964539263219892,584.2102345050652,295,181,17850.364594663486,68214.86412176694,1,17.293576044399128,14.05346440419251,USB_Attack
606891.5595547525,360,356,12529.425549306541,14566.012085925468,10541.828717165601,175.1397604249064,577.1817595872616,391.60532192696064,11,14,9,7,2,1.951383892639988,627.8953943029519,241,204,26185.84371633525,49218.73944916155,1,10.967567841835951,21.582643599126826,USB_Attack
124861.78677188624,20,8,2218.9266744340684,1029.4304688022369,1869.9536775677632,36.85655230237133,197.50753467366064,143.79041655874363,1,13,1,2,0,0.921376085484725,138.8440575019703,27,12,76801.35713611603,5549.719048300732,0,1.321662045833297,4.206674291544434,Benign
662826.0148300652,431,127,6368.234477695358,6308.72534892608,18567.868559505725,92.85238363574415,419.2094251010765,492.20141850869913,8,32,7,6,3,2.126510925350798,472.0446720594484,80,210,825.7508008397126,57800.50342161338,1,25.12871949406239,34.7650957663018,USB_Attack
72387.05097605275,36,36,1276.9088901347059,1505.9371451916481,1509.7572279451354,20.72029636050008,266.88327297316874,188.06414609957483,2,14,1,1,0,1.2497705815312474,209.07987192881444,15,21,67858.61573119853,7763.10590274491,0,2.764952577164567,0.9893348337299805,Benign
120753.861336481,56,17,957.5685822454376,1627.414016777119,1458.9973156349265,22.160576219312656,160.46219665664208,174.22847034969487,1,9,1,2,0,0.9048842884225367,213.98310217497433,10,25,64118.94446794416,6951.2219309826605,0,3.171875482091733,0.8548042161176905,Benign
113401.92614200994,42,31,2215.9157260481898,1218.7481792102376,1099.025811471835,27.560673110206043,178.20234161814744,234.75501738215377,0,4,1,2,0,1.246252422022497,174.21185524687724,27,24,44464.33519276425,9029.19414704408,0,2.24405010812837,1.9262009751067162,Benign
477233.0550965523,306,290,16884.338887479054,10140.878121920257,12014.556985734047,260.54023050119145,633.5052506457546,507.55234841840416,7,26,4,3,5,1.7094859276473842,852.0104985851904,252,161,19056.014201316742,36031.639152906675,1,22.99510381558582,19.770566416118278,USB_Attack
119611.83695689235,58,37,1965.193877827991,1773.5727901827477,1267.835455254743,22.72148772247239,269.05928827400885,139.80569932722585,1,9,1,2,0,1.180433588744595,163.94471915449054,34,5,20751.533887788843,11230.822865885817,0,3.3223572098461704,4.076100887499764,Benign
76392.02160205107,59,33,2419.8534535345616,2382.653320693641,1551.9724515979997,29.202217651983126,198.4960022855083,221.46486905949396,2,10,0,1,0,0.9396866143068241,173.68993803485182,7,20,49693.14058349754,10326.176236671723,0,3.3414467656023223,4.130976485841502,Benign
82128.32103428504,46,21,1145.5377615732573,1443.1900292543487,1197.235110278203,26.748569994191943,208.56642238702506,217.82444139217804,2,2,0,0,0,0.8015152687085254,133.08581434348608,32,7,63535.43063250705,8241.644242915225,0,0.8029012938818796,3.0098769574667203,Benign
409416.7341976338,241,202,22436.513289217248,9488.015748348389,16573.764123688874,164.8767062252959,420.2718802422101,455.1116765058468,7,32,8,5,2,1.992013237386165,704.7649503446232,236,104,7806.275253575305,36992.3152046851,1,10.144875438032848,27.06709858810818,USB_Attack
468746.0025726104,340,336,20249.381330346645,7271.446427489341,10043.082384865773,154.62177955690552,656.3268671521198,628.8174587895282,14,32,8,7,1,2.070703792473849,853.8781462801453,144,238,21714.935331897155,40027.09027258097,1,10.998083635962427,21.25550263889147,USB_Attack
53574.378868709915,28,38,1989.8714378139803,1252.8753637658572,1351.740031806508,30.549679619701262,250.32826022946884,152.28274326204777,0,14,1,1,0,0.7690381843662375,187.0634703649733,7,19,48576.5160905307,4999.308825598508,0,1.4660368734770373,3.980251596627827,Benign
130371.7973940474,32,18,2419.5799992102175,904.0411352570186,1909.4346586500028,33.45132897602284,228.8534966895537,189.87404308289106,1,10,0,2,0,0.6487919408911356,180.0918821586968,30,10,71899.96389004891,10313.655844879795,0,1.7482426110591684,1.6186485174008771,Benign
471924.2307079543,137,338,14880.81943992276,17639.31143295093,13366.661251592752,166.24989386407847,603.8392594782875,375.08167744140644,9,13,6,5,1,2.118665792147212,204.44274618112905,225,81,9031.560559794234,51953.77085603929,1,19.21734758040034,16.00871561175064,USB_Attack
115409.22371381361,38,26,2084.8989743528837,1984.2787612895618,1465.2312251891426,28.420881862745087,165.22900660918907,223.90990341075536,1,7,0,2,0,1.2006894598866649,172.81578499642035,16,21,56831.88091434475,1.0,0,3.0481173483329225,3.9891618910580418,Benign
136506.07488079323,30,27,2315.7618874968507,1662.4712108398585,1597.4610900056653,32.51114086978943,208.52167694422099,208.08141093501675,0,13,1,1,0,0.9746259682706854,173.34625992714393,31,22,69501.8220370492,9814.78967571057,0,3.677924181930721,3.3787773630074316,Benign
98907.92757306594,15,17,1706.8114680216086,1456.3429541037394,1168.695841762337,31.968484672917846,225.14201673740587,168.20275654087004,2,11,0,0,0,0.7032253727923927,211.1644049456203,26,23,52684.33854920787,9153.262142069387,0,3.6216337701612087,3.8515293119650034,Benign
361077.23355192575,223,314,14209.160144992138,14266.510962217493,5895.2995541559285,75.31624924533128,470.75116679015514,431.94860651228726,12,8,6,10,3,1.648306362619484,192.89601465355952,270,174,4001.8585470726357,38749.77618391477,1,3.3189007074231913,10.016338689943357,USB_Attack
71372.59445075545,30,31,2009.2246844924612,1473.733839629232,2327.105002605562,34.74453656038967,242.92119052922584,192.3786374178826,0,13,1,0,0,0.839476129798379,285.00522030029714,25,22,64741.31146389123,11612.847551753275,0,2.5667482388503733,1.947675801014981,Benign
498948.1203710322,282,319,7828.344840177325,10376.400525673118,13393.664689511415,147.2403514085128,359.9741663723605,465.7448679518049,4,22,6,3,3,2.1498273958599423,568.9694928592811,221,205,2819.747785560123,61787.89956500873,1,23.497283800946697,28.18023531702838,USB_Attack
148282.97403675824,22,33,2091.1763036835614,944.6473133073504,2536.2743344245973,17.706565701225045,201.49729519710667,152.31478268682866,2,2,1,2,0,0.8022216873627822,203.13619446766666,34,5,23319.394682215272,7016.5493315967315,0,2.202886954592503,2.0452571846939263,Benign
90450.15216826674,53,11,2080.6402632006084,1389.8637717885279,1227.9270513858633,22.910877961927113,245.40412678200966,218.7441000507652,2,10,1,1,0,1.0011471302594073,180.69898647696593,7,14,62946.4327696993,10071.26356399869,0,1.563648100894517,0.8720840837925712,Benign
604534.8325073699,267,262,9074.034807806864,14233.53202217437,17127.151291763323,168.42655806104258,282.97183882789795,733.2962461002537,12,22,5,10,4,1.5025019674995528,423.4174937076602,215,176,7309.2623581540165,58942.46389300612,1,16.508234114143843,26.011251781519732,USB_Attack
537665.6199182628,218,309,12445.248155395704,14404.526647050865,14070.355159350538,216.38540690488014,598.9849573661995,477.66754368957635,7,13,3,8,4,1.5660556388474278,533.2678962992138,101,86,16731.41856560434,44721.24242725942,1,23.134809671932544,24.98111362744266,USB_Attack
77700.90890748372,34,14,2383.3915810951194,1611.5653520335527,1412.2038939700037,19.397950038485604,291.19527310203284,178.1526669952471,2,2,1,2,0,0.5447355600517331,219.92645125344967,17,27,72518.16091342212,8656.689702347672,0,4.348423793189323,5.38188859921317,Benign
114784.86899716151,12,39,1893.041446845149,1699.4873585652035,2424.8266204811853,34.53741737216323,181.72170813233635,205.13239586305292,1,14,1,1,0,1.2358362115593664,137.35930567224943,20,20,38245.56165750758,8864.608104368672,0,2.3203278573393216,1.8261751124418895,Benign
98112.6841759306,16,23,1052.9223467251666,1694.7721071570465,1387.5363490376162,13.883495952837634,246.9319541241333,158.73907558798257,0,15,0,2,0,0.821717684294571,159.32422034677478,30,13,6908.709180135855,7134.13545956056,0,1.5307814234299515,2.9136394705696063,Benign
131339.12993984096,56,16,1742.6271469999547,1060.4356063731939,1156.1376748783914,11.93979890946867,265.67375981569546,170.40251564444358,2,4,1,0,0,1.0740497767948023,185.91275179630506,33,19,96454.63324069386,6724.753808386631,0,3.663104958004719,5.860098953389134,Benign
133576.15256938775,38,13,1897.2029384702842,759.3073375498427,1140.6164561690252,23.91907193659721,186.02618808768585,201.01196599245003,1,10,0,1,0,0.9377370042873285,174.48661729443046,27,21,86616.55655316383,5088.210953906999,0,0.09710144699394352,1.469229585694704,Benign
129625.48938973821,18,18,1227.6998811065914,1618.074796438828,1956.0088448173121,18.259527606435906,199.8707766123469,207.87059090966534,0,12,0,1,0,0.9804996235107005,144.75018653613228,33,22,86337.72858134806,5953.345210323463,0,3.7517793690080055,3.9246854475769535,Benign
127158.02372785332,16,7,1619.9309682114933,1272.3364313328066,1898.9206993236144,14.934129168125628,199.47680156197788,151.13546312181913,2,2,0,2,0,0.6736031213046467,193.47414952936933,8,11,35343.55333194327,12729.630056883487,0,0.7805942915435216,2.0046331534596176,Benign
553750.2815356108,291,351,15697.703571279688,21525.44895584474,13396.70719125776,212.99650286274755,471.39283663722136,480.4958125814178,10,32,7,6,5,2.2786137477195894,660.6580783839113,115,130,16596.537692365488,41808.07716140091,1,21.228868592603966,29.26946469314057,USB_Attack
449929.1339957722,329,317,11736.311265227805,5657.176320985515,7375.120426522968,168.8543829364283,672.9990972603188,623.638656955961,3,12,7,10,2,1.8997837718128574,423.1701844365315,219,150,8885.630363719518,31313.31581713506,1,11.490102650699166,28.499934144525472,USB_Attack
118351.95401391247,45,28,1882.9776574510256,2395.8104074782177,1048.5625821162862,25.081074649873752,213.06003941807214,228.7555619873088,0,6,0,2,0,0.9050694852081551,211.89929990057408,7,9,58680.89031272019,4122.677192227991,0,2.88509132135561,4.108169997791266,Benign
153980.69461558765,18,24,977.1084175928778,1076.950094534379,2188.497534999817,20.03623369348591,249.3295914897359,175.60691741401342,0,5,1,0,0,1.1652311161008724,216.18207657883116,22,9,52343.75899793615,14664.34842627171,0,4.999779432050996,3.2126023827168435,Benign
656951.4724238031,165,225,12145.371831538416,19223.807042855493,11288.420150224374,246.62910222725986,623.9736413283725,305.0950052847171,13,30,7,10,5,1.604634700062744,543.6617022324966,92,117,1.0,63636.341123473016,1,18.447780282854282,24.85408493984824,USB_Attack
77347.09051966282,54,30,1771.7455263048544,1891.9286327631678,1526.184550223322,24.961074254229658,185.91373024255185,207.36177921902242,1,13,0,1,0,0.7199319255768585,235.32447257991274,23,12,71072.29525764025,4944.806783946514,0,1.2993389605748844,2.754410873395619,Benign
110629.3367503239,19,35,2058.2071413772023,1841.259405094981,2247.5332692604234,33.113932565883395,243.44748266734533,192.5092452282958,2,13,1,0,0,0.9174667950522806,199.94878139331152,11,9,54307.656811021865,7840.925306066328,0,2.593854146054474,2.20849929627677,Benign
160743.63287601783,9,8,1604.233783122286,1340.5209251127635,2283.3305091246066,36.765963723910325,239.3471652017306,208.04060114478304,0,5,0,1,0,0.8838732330279686,215.37475884980304,33,8,97899.40580035027,5679.554029496138,0,4.330393549277759,0.9692234153226154,Benign
135242.37315597196,57,19,1399.260299628488,2075.6242063343966,1485.6241592154806,26.182140499872517,182.95102320883132,159.6524958630876,2,13,0,2,0,0.8298269798202504,167.91208809607554,14,21,61887.15962073552,8948.95138020152,0,2.7149980542021774,0.01951235314209443,Benign
125857.89094439318,35,39,1414.5776867710965,1500.2137438649352,1492.9712957873332,26.80434495016416,239.58956826062843,180.3263840431415,0,13,0,2,0,0.8969166948360584,235.6490439050885,23,26,3946.295479846507,4069.7268233929144,0,2.5535388571823865,1.8373473175468693,Benign
113469.45919696029,48,35,1530.9148917257976,1557.6477562209477,1267.1813271551694,23.534503861633272,266.4403434886922,243.03079572406685,2,2,0,1,0,1.052742384267916,189.9112696446611,23,7,20133.216810077312,10956.327742892301,0,2.7028959288532124,2.955834524765097,Benign
108485.97222876764,24,39,1809.4125482905235,807.9749467002854,1386.158685005946,28.84998896047263,218.28407199370716,245.14294705992828,2,6,1,2,0,0.7560147163035127,237.3031323051318,31,18,106104.04185327562,10443.633970277317,0,1.2943936264961535,4.567045700216048,Benign
128646.57189270973,23,12,1873.979232712396,1790.144236307845,905.4700096799515,28.12175488467311,184.72136422776398,225.2876223583071,1,2,0,2,0,0.8308217992667983,230.74459861858097,15,11,52101.186202445846,7691.430254073855,0,2.715073131442577,1.9665351314596777,Benign
112428.7762504655,19,21,1704.6400610959486,1382.8147288924151,903.845449526376,35.606781464707296,250.62339897099866,233.01176569860942,2,15,1,0,0,1.0964241605785627,197.72914025514757,15,10,65280.179228071145,3695.6487090082783,0,2.0286032005885044,3.268260567533038,Benign
118722.64136866668,19,10,1588.3402255017404,1709.1504879452364,810.9364524376394,9.890362966756568,280.30659008398055,145.22267431880712,1,8,0,1,0,0.9937925546712,202.17060793303878,25,18,60214.0413614161,5888.1415132042675,0,4.086954088753166,0.6183300562169816,Benign
490679.7752751596,142,300,14421.404017315888,11684.060699316718,13107.664999679724,189.2516679443965,375.60896935226754,521.1651840236033,5,26,5,10,2,2.306640562847696,624.0010067354414,284,212,28829.14554372683,58879.88225375402,1,10.89895335017507,9.176711242183746,USB_Attack
568852.2617685068,488,81,11580.825610618152,6256.658671291598,12051.100817415252,192.10971841011522,698.1043266104348,662.360344930852,7,24,3,11,4,1.4429188319411663,807.71778637997,102,127,18447.47260870301,44489.71165020138,1,14.075556118976014,12.291065008865555,USB_Attack
135963.88121644314,51,14,1414.6374242508955,1479.4288923899921,2279.984919482462,24.78972833966311,258.15544722104573,272.4692577924212,0,11,1,1,0,0.6278917759622569,207.85594564166473,16,25,89243.54591709665,5275.659888954718,0,2.160240062910249,6.12777393442871,Benign
207427.3394524626,34,9,1521.0139957269037,1853.9698805972043,1207.848843520238,17.486615743231106,224.03755502371152,190.60748076480667,1,15,0,1,0,0.9576595575220803,206.321263606831,34,15,87728.17943034956,10728.17765104138,0,3.1335831264080287,3.277189062913897,Benign
575147.0343217229,297,346,19084.86401764694,11707.32380747321,9859.382850194546,193.2412848900366,495.7354949321076,589.1453106794959,6,33,6,11,3,1.620591872815162,593.9836044684757,212,90,10367.383095594418,19412.296515502756,1,15.754135891930641,33.98372027074453,USB_Attack
514077.5391454232,342,352,15276.455693343474,13557.91417031672,9715.38441121636,313.32924585976303,501.0561266531905,314.9311537345693,7,29,6,7,4,1.8909625855991181,636.506521730837,159,85,15477.250170725554,65502.41303744567,1,20.650647785289756,18.328857057162182,USB_Attack
97194.29734143283,23,35,1110.009667048152,1756.0300228682704,873.5252916318092,18.94459319682868,185.74169772869854,210.68370382193626,1,5,1,1,0,0.7421613231802348,216.04043084225833,29,19,51846.87045829943,9371.394507386281,0,1.9456236441653663,6.545300127594326,Benign
369714.73804778024,544,84,10349.461183331261,12389.592382343286,13355.629523471642,222.74023108503462,509.77969746909713,441.5118303780814,9,12,8,10,3,1.9438516191603314,644.0651109483453,204,224,16772.52995161753,56344.92893671125,1,15.72403869006383,16.64523778805773,USB_Attack
121396.72419983582,16,33,1344.980555399426,904.0821707930371,2060.74625105329,31.852582880079186,159.52882031549717,163.99901509321631,0,3,0,2,0,0.8410958629659577,211.75949518553375,23,19,72766.2992705233,7845.284907171534,0,3.7445828328683604,1.6269158491299789,Benign
516173.54547709314,442,217,17980.96934557303,12879.55256629397,11447.802326824918,247.0434090421217,487.63412364701287,435.8797538519316,9,8,6,5,2,1.5624109294393091,359.5700222966739,97,137,8044.514772057709,48611.631940908854,1,7.962717634168733,14.125227553402555,USB_Attack
411402.3662066476,523,86,20246.102212524405,13908.435409626778,12439.31867191667,131.26438347740418,459.58498971069935,607.8323546006363,7,22,5,5,1,2.0318598070719207,637.9474047486829,239,197,18010.014406219725,25351.530647896365,1,15.814548650643085,36.43540483607753,USB_Attack
125772.63353304545,15,39,1580.1020752552963,1456.5665386073174,1137.6816253756083,17.68358725791177,231.6667663086755,181.50506641227383,2,9,1,1,0,1.389329239577862,179.62008715299785,10,12,70610.46313618182,9295.06787797294,0,1.6878874464634337,4.817377986415417,Benign
481191.3005521503,244,377,11968.92910042274,9066.377644137385,12561.272829914316,155.45650391397305,460.06637645009437,421.35207886168365,10,21,7,6,1,1.8100278268155259,578.5001582302385,134,79,14910.986574685601,30906.522735448256,1,13.114428801152426,24.83884588813893,USB_Attack
546216.0024252147,471,189,23161.778334289855,11200.206260418094,5666.091989818462,194.86042884142853,719.5852135466339,423.130571099068,5,34,8,8,1,1.861536407502748,300.80503017305523,162,221,18002.83565884245,120108.52847863495,1,18.233753379282227,18.759820444680916,USB_Attack
357756.29446270893,297,158,14404.297249029685,14541.337754730199,2091.4279023074614,157.08620697206806,605.3786592472511,434.1960546316456,7,25,4,6,2,2.0995962289044034,504.01128220032035,87,231,10546.984955457483,54077.38573235441,1,27.32656741532285,17.691510859627083,USB_Attack
404314.5775196588,127,276,21658.12028534159,11696.537137943225,8585.861165704053,126.59109083433313,478.57641413683933,356.6487704072937,10,19,5,4,4,2.474779422029258,596.9322304603223,166,234,7388.994363475658,64962.899722049,1,24.97284812323026,27.94866164151958,USB_Attack
504566.017937705,446,279,14868.800732558328,11408.239547107582,12987.864926185024,155.06242406112185,637.7986761542587,420.42592395520495,4,29,9,5,4,1.5417752078357654,427.4583981086134,263,181,16356.873120683289,41256.19696745412,1,17.424177627255347,33.234929956050024,USB_Attack
471014.88775540947,479,179,15033.957185766827,19733.176912777115,712.6532001768828,254.78690682779055,329.5367438335156,482.35531059385903,7,17,3,8,2,1.8184011523233083,659.3800206435793,240,157,13123.981742760163,50985.06162481569,1,17.59776960545249,25.37403567654408,USB_Attack
531467.3264373039,267,334,12716.93827182843,8886.241348308726,9047.588764661725,195.70019476778313,685.0814022058804,512.4600490981636,13,28,5,6,1,1.2804540560714703,634.8467305691062,93,99,14884.846631416893,58580.14498868229,1,20.50902101912463,29.17698033483576,USB_Attack
369344.3342376362,313,254,17958.73159434296,16605.590178738134,5270.336607802146,99.11324835664779,675.4186923792307,596.4241010734946,8,33,4,3,5,2.3185046733616934,557.4832679948677,152,91,18271.434724911327,28908.640564593043,1,18.5367862873368,21.020871398666298,USB_Attack
119488.86331987611,41,9,2700.821302173253,252.35087547583362,1127.689381987694,33.71067155558678,215.5842583182844,224.64920552165486,1,14,0,1,0,1.248266173798751,233.29298572844368,23,6,86561.85456065102,4675.255706167463,0,3.044346494598212,3.594243785413071,Benign
128492.05764029968,10,36,2225.243601600954,2280.0853672989497,1255.9794523209534,27.230150196859743,235.02619063493012,136.9208301856284,2,9,1,2,0,0.6434392472813619,169.15443019233575,8,14,22096.851881751027,9743.63873844107,0,0.7544235924407314,1.2346257135358938,Benign
152535.454827899,26,32,1905.991274885806,1786.380195942568,2063.5792426327844,29.483458750048833,258.55775235078056,203.8461900827377,1,12,0,2,0,1.1336721169914803,143.58560600717834,26,14,53839.622782046354,12873.223870657763,0,2.8239787301015125,3.2038516730625126,Benign
492520.05657854327,129,106,17843.329802371725,10560.612410783226,11623.740041341962,200.4240831177748,674.9368461841779,500.92112248469317,12,18,2,5,1,1.8359672291981963,372.886627504496,297,175,10747.548717699032,33785.06915671654,1,14.039607302641622,17.243582212812477,USB_Attack
149214.57215151927,30,27,1868.6185644838124,1147.9532861515722,1788.3292386740918,25.076064727322546,191.61906983089938,226.72569341054418,0,2,1,1,0,0.48115907363174226,187.43701575002527,16,17,68225.35589147588,7333.922281016994,0,1.5661188466548464,1.9033568486058159,Benign
120248.4572987378,39,28,1174.380607202504,706.4472274579904,1518.82208836141,14.65153040148244,143.65954648442843,221.25684754512,2,12,1,0,0,0.6590366290104915,176.25795555666943,20,11,66947.64946572985,3659.935657828938,0,3.2111222768512153,1.6821448019492746,Benign
113886.54416626357,17,23,1754.9639020956974,1503.2483055263294,1597.924265248561,16.776066339178975,193.08719779422367,231.89001560736625,1,3,1,0,0,0.9356453285277083,209.46171121495772,5,18,59740.44923970269,13333.167538592756,0,2.4384404718803223,4.2402094096517775,Benign
593373.5267592366,507,155,18634.503459792548,14499.63086221883,15243.260734507514,203.5937126737756,684.2657837080471,524.5358535306966,5,24,6,10,3,2.0744596206790624,629.9657131760607,240,104,16927.338656470696,19558.038909019637,1,6.89988096326619,27.624158134059368,USB_Attack
469287.4344059887,396,221,12111.503219177019,8405.013003021602,13651.60502679132,239.27737368378126,417.29459766613195,498.3221985343294,12,15,3,9,4,1.5619966311444795,731.4013362585708,102,138,8698.48801200637,45685.55255956773,1,18.563324455625082,17.155548299494075,USB_Attack
399917.6409586431,380,135,14891.93941754937,12868.404607510167,13010.190165482585,134.61620641063206,404.5525962916409,452.09559915930635,3,18,6,11,3,1.5430601948449452,357.355837675159,297,121,26540.77242387031,55074.24502450082,1,12.341939196051339,21.161545415324344,USB_Attack
435697.7620111152,476,192,8924.405857202222,6889.566767938788,11514.269466013871,128.98355307167532,548.384569384842,385.85491057543965,10,14,7,8,4,1.7602572495385402,493.6969557423253,127,163,15258.907766863249,82784.02275824404,1,23.625091728436683,17.872741636304927,USB_Attack
75236.82493581023,52,25,2186.8459455493844,1391.6813793842734,1632.5728416146198,25.580760376816063,285.0362165928374,164.76096569259877,0,14,1,0,0,1.0997151038838613,161.42328973160772,6,27,84366.03200981261,11213.3784140123,0,0.3328318013775893,1.7074448585060271,Benign
121603.73737852422,48,19,2131.5561905328655,1735.2239187822572,1682.9756064492285,17.99826937391833,236.90785432287652,147.3851946623405,0,10,1,1,0,0.8174328065468452,144.90000261426974,6,12,73464.32158751554,6252.229003162978,0,0.630064184907565,3.308899570491229,Benign
523677.29547568265,219,282,14131.908507835344,12203.674092801177,10822.380830422895,92.42380493214765,600.450154332632,425.52344496834434,5,28,7,3,4,1.5278103756737074,440.81939836094205,91,210,26434.63482974826,44573.06347200439,1,19.26510463100134,20.29671355535548,USB_Attack
155086.14441881652,49,20,1116.3935543490009,1347.0080545964456,1611.2760117449486,19.99720466751433,245.02987913964745,172.20434496141456,1,14,1,2,0,1.114487077292859,156.13771707182914,15,21,8387.553827717136,8001.073270091636,0,3.731764554154976,2.708080122250635,Benign
114640.3449295833,48,33,2695.361369340585,1966.7107224038787,735.102937792465,16.03618801323963,257.9997360156762,190.6745328610073,2,12,1,0,0,1.0704911958437342,152.78106735007646,12,15,55197.21208584487,10539.050737623349,0,2.661649664093386,4.491121689912586,Benign
608120.3525038529,246,178,9526.81364618665,9996.280784022027,17018.24384077022,241.13319541940956,562.395132223389,371.050258315764,14,26,2,9,2,1.5684333203087744,452.70185592464355,175,218,19548.346119687256,58996.78374857905,1,20.704179668708157,8.95565640350463,USB_Attack
104801.91912086391,34,29,1759.556773152434,1987.7848097383921,1418.451743345523,23.655964655608578,182.3921750834748,223.18659980865547,1,12,1,2,0,0.9227013231267505,182.07050193795024,12,10,53854.077052771434,8703.624057745343,0,2.4294165124254645,1.7079694685694147,Benign
395918.4842266836,129,253,5735.91537389402,7507.086139097832,8610.127769317978,275.2226929674582,728.2748362776897,521.5721239469924,5,15,3,5,5,1.3899843736036637,590.9644265358402,265,112,10251.008910281967,46429.408009973,1,11.944159665367168,39.066822190446764,USB_Attack
136088.9090754268,39,31,1555.7941719672317,537.0949555110676,2088.369781002123,21.452029183149843,219.58456642627004,206.70158502172407,1,5,1,2,0,0.9544227147509834,205.82648202150108,34,21,55059.314794659454,4458.623705892984,0,3.239926989840737,3.532872791865421,Benign
473180.5671186158,384,343,6175.645499104252,11131.335515086486,9723.93985588952,153.23817518834542,632.8425543538245,209.79552095028885,6,11,5,7,4,2.3432425415313736,537.9619512333546,245,239,12109.209214071172,27227.686337862324,1,16.46167061528209,18.076310382573872,USB_Attack
112906.6074010646,48,26,2493.02216019304,1158.908994295328,1788.7611135484701,39.98706112650764,184.9600151435202,221.19897897512664,0,13,0,1,0,1.1224189986152746,207.0979140228628,30,10,90822.18615618948,8576.150465721583,0,3.0373620919964717,0.6238068205070864,Benign
72984.68728243659,32,23,2022.1967017888355,1441.6237414452353,1262.417940900845,12.015516226557287,234.5893192347266,221.67668169200402,0,13,0,1,0,0.593919088646382,153.84385490352736,6,19,77308.38815317585,7869.982616172773,0,0.6488400800977827,4.9816716032290245,Benign
131654.22602554623,55,17,1746.2499227846372,1198.009098277076,1501.0763305658775,35.27584994735759,184.81109918309616,145.54895326441343,1,14,1,1,0,0.7991379376161858,172.69539974627847,22,11,31497.222932165496,7350.846541836557,0,3.0376287458669364,3.729107548771073,Benign
67205.52876913603,38,30,2109.5589925068766,1490.6670650404792,1770.3939257415816,38.23619230116662,166.32778181585144,242.56054524960058,0,12,1,1,0,0.8927514366615306,133.23623233487206,19,14,23523.4768688259,8348.788996074989,0,2.160998202896621,2.6631206227431,Benign
142553.8939750637,36,35,1836.8984908846865,1032.325966845796,1945.200082418604,31.126539970091997,180.72698601358417,125.38773162319139,0,3,1,1,0,0.9939358997873041,209.63740300174166,10,19,69736.27452133245,6517.510953995314,0,2.6928327682623157,0.9433505201499393,Benign
123858.64777473797,55,29,1704.8885408384506,923.6771534767296,1858.082331554496,22.356236245031806,211.7975579107863,231.03246909781546,0,8,1,2,0,1.0315057030004398,139.3281109814335,19,12,85692.772429809,15090.958554642193,0,2.8888187497216427,2.1985890061386915,Benign
191608.55398721766,32,32,1969.052960753165,2050.2111671569014,1529.995852765131,36.41521657391793,185.3178312282417,180.97670095826527,2,5,0,2,0,1.1977972314591754,153.99673502144086,22,25,23465.719033669222,11533.332998263086,0,2.8379645356756384,4.435270092489108,Benign
497931.4237124315,243,93,9846.32055520209,16439.226621445843,12947.714635928667,158.80620033585706,784.8498478556407,552.0971473214156,5,29,7,3,2,2.2766919989328853,365.4097854565248,129,199,15183.891859391439,21515.919771011464,1,19.01033293350446,27.777671437557977,USB_Attack
116920.137268781,27,18,1926.1321320017162,1500.1492313653591,1353.9918373891642,19.35371531431423,241.01555068477234,215.30582615897606,0,5,1,0,0,0.7564028300340748,186.13719990310406,34,14,112210.80482146265,6622.838951305115,0,2.5408956832306444,2.7468703493587716,Benign
173948.63102769188,53,8,1902.1104628108178,1929.531680971276,857.1197473202809,21.89385324646669,240.10550664021727,198.886323532828,1,14,0,1,0,0.8709926536968337,185.22192290827954,27,11,54089.958178777335,5511.2987571782505,0,2.726700740878176,1.6399269673636965,Benign
155741.68920874243,47,17,2101.4680106289625,1911.4368568033078,934.1202819162701,20.4384500870517,196.8710931818741,213.53259918140958,0,10,1,1,0,0.8361204887579946,214.35694154440267,32,11,115568.86454850821,7448.924327564142,0,4.095780047346795,4.02849213730495,Benign
99113.63845260302,16,31,1490.4315212621955,1857.681692211908,2089.603092048937,17.427015000643344,174.36204445363677,197.40654033757934,1,12,1,1,0,1.0039866926738883,186.86291528568185,7,5,41880.78396256358,8296.815080954382,0,4.7761609872100825,2.7904064133616413,Benign
126719.02285120344,33,33,2155.0681764382703,1636.289931525691,1469.3388320612783,33.880062672871716,199.85317871977773,221.4185247971037,1,9,1,2,0,0.6866002004784729,218.97311203909052,6,6,45768.14368672934,4234.185911134855,0,2.478748805813513,2.6687289680896265,Benign
120059.98069245262,27,23,1346.8442535247473,1825.8014888415823,1563.6229992216367,18.812413179025732,242.94756834242426,265.55815286346143,0,6,0,1,0,0.8649140557751397,201.37973199610718,32,22,44535.05332170477,9247.93970974917,0,1.8854973719346055,2.8666715916775813,Benign
666904.0193273121,301,82,4576.425006096946,10864.918057103214,11202.653752003635,90.77570670558133,522.6712723498323,599.3914947477386,5,20,5,8,5,1.3801466813725558,379.28505042394556,275,210,12084.806878266383,21506.62563189058,1,17.59686296133212,26.994838002272115,USB_Attack
403921.1581520188,383,124,10837.62764658039,13037.461813032774,10838.50956124044,135.09077911163382,400.51142666475914,493.02492426155334,8,34,3,5,4,2.5590438084024747,583.573849518023,175,239,22461.316424601377,29449.123928421246,1,13.828323654748548,27.961537206227867,USB_Attack
117320.38791897797,45,27,1263.9741138131608,673.2589439336174,1185.161655620282,25.246485453993532,262.05026178483973,187.52977199162257,1,6,0,0,0,0.6894134408485184,235.3175015511719,11,17,55132.66988508364,5659.0428958365965,0,2.2559348497920264,0.8726638020538626,Benign
72058.42874169859,46,29,2307.8311416928314,1262.1600572324564,1688.4603253320356,15.752591646218086,280.5220741866781,185.47922300257915,2,6,1,1,0,0.832043076591457,226.82292056255062,13,12,63187.02790340472,11192.368577714777,0,0.400899221159122,2.132740949936945,Benign
338601.20316864445,266,141,13148.122552628001,9173.835754329057,12122.743297254867,176.71278455260085,411.3786341998011,721.1203883515973,10,12,6,11,4,1.8238756425054137,635.1960691913298,283,122,19272.84450327043,41561.13416219611,1,10.079990403490035,15.027276092070437,USB_Attack
133500.62020265497,15,30,1450.541831296664,1217.806829830768,1674.0021511213604,24.12569671923134,272.02971388952716,172.20683138217163,2,7,0,1,0,0.8882279833334512,218.66467623243108,32,18,49523.178555144346,5747.560527554115,0,3.478466561347463,3.679981690671964,Benign
113177.41762068348,40,22,2427.703855243321,2229.0477627563896,1635.7753541269933,33.45577812144748,210.88076677228898,226.17302507604774,2,14,0,0,0,1.2295362721880527,203.95376531144032,25,23,91813.65565997848,9911.94084206745,0,3.875971761942382,2.0653128490017867,Benign
402854.12366003136,170,124,14094.110412154165,14258.06960573341,12203.91254893287,193.23358285973978,433.92529644157173,545.5822176157782,9,29,7,3,2,1.8256535277342687,385.25281040203646,164,135,17381.51384434605,57084.82078767791,1,19.398312663873092,19.11801521261744,USB_Attack
149655.95588554387,56,26,1705.9286574309517,1538.3619471117463,916.5077498788851,29.072963089062075,244.80003640354667,213.52325317164977,2,2,1,1,0,0.6087906257771898,191.49144602202992,29,9,54309.12275830805,7386.083962714538,0,2.7287351456452975,2.9480114875613133,Benign
130935.75113978407,48,32,1293.9854995417322,2006.1348895057808,881.680161600257,23.96066256016794,150.80295532615816,219.1539685357113,0,11,1,2,0,0.7693479966499005,240.9654769935657,12,20,69457.25945332668,5038.918903392258,0,2.8126635202800134,1.8769317446038825,Benign
366707.41862840974,197,271,12805.722370260855,13194.370525068369,13706.620032771094,127.84950585755617,412.6361869871256,160.52162807129412,3,12,6,8,1,1.7225063291929141,569.5729548883527,113,140,6963.215246353224,51445.73091009162,1,8.447758372659836,32.45686653887455,USB_Attack
111581.98659485808,35,16,2223.3681220955327,1579.3246660776838,2091.269377769324,31.329125107953885,177.25492292913748,214.61429827477772,0,14,0,1,0,1.2409275168393727,197.2090007608181,16,27,65931.79179136064,10647.294692317486,0,1.0419450932941456,3.3105568686040727,Benign
74979.91791654483,56,20,2169.4729520617234,1904.6055677996005,2036.0730267564857,20.494582701433583,157.62835389309393,228.4780176718239,1,3,0,1,0,0.9896424301225781,138.7518871792408,19,21,58626.994955524424,6758.487976378016,0,2.0770306311851465,5.644614073906183,Benign
89237.69616666286,8,12,2068.764914096972,837.4782228748412,1230.1572772052418,31.675473235581567,250.77602441884795,201.60695846770696,2,14,0,0,0,0.6428180557778763,147.07848580600543,23,14,51768.35407842682,9678.188774640112,0,2.4288113094303854,4.2741915763834335,Benign
500651.4328012587,528,306,13750.508531174763,11260.686583121167,9526.675023335889,225.18597225383178,746.4044068525124,377.9226704066132,7,32,3,7,2,2.3849636103218153,575.6642353063855,89,117,7288.5798124280645,68143.88767702084,1,17.929813830170126,17.863095058832197,USB_Attack
156852.62436840453,8,17,1537.8116665310076,1873.1189829206041,1173.8548830467316,18.268905736193783,210.98146233553314,214.59111315874594,0,9,1,0,0,1.2578850964180792,208.50340792354274,26,8,57165.481006964445,10805.418500118396,0,1.8536708109423192,1.18218854936057,Benign
100814.89827337573,43,16,1392.5153466669894,1529.5200667541674,975.1671619336437,19.444436034934338,249.89548328782328,218.01098712835972,0,4,0,2,0,0.8378198596229711,183.61904468525034,11,19,31099.934890565095,6796.102593894741,0,1.6454209179263664,2.731951820149848,Benign
139206.40977986276,34,19,2444.952763380835,2160.300215434866,1264.4905918497197,20.634435948683166,271.96188611917603,226.69043063656258,0,5,0,1,0,0.9280945010350873,192.349737614561,24,8,96955.00858268728,12043.051564308687,0,1.9828390485205492,2.7227945405571052,Benign
103850.5139141526,22,23,2182.402135863295,790.8344888158867,2030.4739853718315,13.264298993972695,227.29160950639658,148.62821720328563,1,8,1,0,0,0.9481119207998123,149.25633609928354,6,10,80917.98566264703,9772.130977907125,0,3.063556318075851,4.999794329739516,Benign
127438.42682555625,23,29,1453.347886399788,739.49920442424,1836.298146769588,21.24477814692914,219.1140427279736,194.49405437946328,0,13,0,1,0,0.5908274081666021,177.15640010037356,32,16,51468.49365611145,8634.433802488025,0,2.418069070205474,4.283557162594027,Benign
115758.13493568593,41,16,1819.9158841115673,1846.358932480223,1111.9807993511913,35.41159789775604,211.40092252902676,168.0389513772793,0,14,0,0,0,1.099589342524045,146.25589663281787,18,16,21267.512954028673,8729.31922162361,0,0.7591181821283766,2.770208316156785,Benign
567246.8811673385,251,214,23189.293386851383,6110.042351018923,12636.805499784788,153.2853825793257,397.3996043125562,490.4859047974036,14,18,4,3,4,2.3741155092840494,385.84433949404854,252,188,13477.901909293965,36871.19577789317,1,18.62765889030317,24.13690159633041,USB_Attack
103955.65985344327,34,22,1235.894647147125,1413.037496925675,1799.6492687746324,35.601568869231585,250.6142917511403,221.80127514013287,0,5,1,0,0,0.5012919204294142,210.4096156310153,31,19,104103.48434590617,6623.719929116736,0,2.663924545833977,1.3776697647938625,Benign
420144.44516745396,305,93,11896.467142580163,10374.816484494955,7261.020174019556,225.48679621485695,516.2446228170004,485.2113680431567,8,24,5,7,2,2.009619395524688,474.3750176570392,260,187,14170.54446302352,53436.39160384027,1,15.076521206055885,12.559055216968245,USB_Attack
78541.52905909103,20,9,1592.2536678804022,1835.343139934133,1531.834497933092,41.912285096822025,234.96120765359035,178.121960541247,0,13,0,2,0,0.7060599749728839,237.6735826063124,8,26,76785.61259262351,4883.293058346402,0,2.533101980084504,2.550965116350818,Benign
104043.67518171728,19,11,1323.731666852157,1133.761557366714,1660.7389788259247,19.545495477476578,218.20789845772157,217.90890604778286,2,9,0,2,0,1.0496698492517749,198.84200157874872,32,16,39127.962810975965,6435.60106378087,0,1.9351455763956866,2.845705617669683,Benign
644358.841221612,462,110,12620.544528601054,16299.731991011013,11185.677774308679,87.6072421067281,444.8858053268827,440.2280499506047,13,29,2,10,4,1.8149593377883415,553.6905681732318,265,219,13222.481032266105,63058.340044855264,1,20.37541709012023,18.802936686752737,USB_Attack
132306.36047038654,38,18,1018.0982498971645,1585.3767806393864,1601.6581710761143,17.7185354784608,251.42007360648088,242.7939998636991,1,2,0,0,0,0.98027021985112,248.52001054520042,8,15,54360.678019601095,9486.734989124687,0,2.9427767068176216,4.584530816081763,Benign
599563.0929712558,370,123,50.0,9317.378117129938,11568.50488620625,240.1395496241343,212.71096521957082,481.1984644382643,7,8,6,6,3,1.7545438797405513,538.4715981129807,216,219,17299.967331331405,25227.307461632372,1,20.774319224738,27.19080832874089,USB_Attack
191238.19650079292,27,11,1757.4525147875422,975.3193831389069,1279.610164992474,35.70543333486713,241.67849747300374,230.02133145904668,1,2,0,1,0,0.9142343505966282,194.86309809828404,33,24,61977.10622957392,11296.337776442933,0,2.9444766214918716,3.828315942096866,Benign
661192.180931514,397,136,14074.787810243908,18497.779661833287,17594.99716233992,168.81324208616016,359.38656667004017,446.6939622681137,13,17,3,7,3,1.6813680393163386,303.96049570269184,237,203,8234.15683749158,60893.74060032188,1,16.144384064348344,28.781451965476126,USB_Attack
126108.99536129403,17,29,2125.369713828614,1390.0935157330025,875.4653625990911,33.2305422334196,180.08487634282457,254.76724658547937,2,10,0,1,0,0.9544668242802093,197.22696148472716,12,23,39480.88872452536,5899.802970312423,0,1.270873266959179,4.999163016941203,Benign
388558.51235326,173,161,19498.05598277349,9285.10646097535,15068.035539564622,276.00204646162524,571.2899399377034,450.61666519170615,11,31,7,9,1,1.9791909886703585,473.9347585650968,122,188,18357.235853009257,26212.71180551627,1,11.340707946038219,21.525943750885055,USB_Attack
105197.95978851964,15,14,2088.442655299325,1496.0857334960247,1826.5038458348768,30.23862762526332,294.25160929864103,185.62418328753182,1,13,1,0,0,0.9654160858601775,191.97028959311763,12,21,21405.124311154526,8704.470481005235,0,2.0963887236254557,3.412826627796772,Benign
124242.58420021633,15,17,1708.544604906146,1254.3523872887133,947.8870423384212,17.228453466236232,217.21812167457165,179.73978690691789,1,15,1,2,0,0.943394415437677,150.35088455931867,21,12,41892.32939528964,11631.665030848166,0,4.009198978857398,4.0510520700937205,Benign
50238.85875377139,20,23,1406.441182396447,2061.8546013408327,1609.189297649703,14.301451895737179,177.29252135979183,178.89495312646648,2,8,1,2,0,0.8580666057410413,267.60948255563073,17,17,56608.959868497666,7806.007718730109,0,2.0514957608801163,3.0282105621098947,Benign
127104.78350364082,22,23,1857.058785569307,1257.334133270631,1813.852485353358,26.910129110828446,248.03077338995644,199.80890757994823,1,8,1,2,0,0.8137529189787444,209.54308919105145,15,23,68744.99031839987,8069.2411765809065,0,1.549048766716449,2.65112972727549,Benign
177087.22386822503,9,32,1168.6627439908389,1368.556636640346,765.3064924714618,26.828306667291308,192.95636780493868,213.89260448486806,1,4,0,2,0,1.2760885636057262,191.55642187885095,10,10,93075.57475396953,7983.84328215924,0,2.3730294787627777,0.5773572932846704,Benign
106396.85104894222,58,19,2069.719260318324,783.8260638361694,1391.7675599455124,25.426766290393203,152.78165921410664,157.54529181542244,0,2,0,2,0,0.8114590216274779,245.25600729401404,5,8,49517.776641665674,8660.426915701073,0,2.62548908935496,1.7888928199640233,Benign
491861.8584309738,248,162,13220.527551542988,10547.217510024353,15794.546081938026,230.97449586036413,525.4445930752886,445.80407795969705,7,31,8,9,2,1.9291911223380211,531.6988668702629,275,131,12813.542299251165,41859.52698808471,1,6.718533657102988,24.43801149362215,USB_Attack
150747.65079376198,49,36,2259.1162632667247,1732.2342343525725,1720.7764071029492,31.988530541069416,187.9183764475905,206.3855304184219,1,8,0,1,0,0.7629741706663469,216.05168909932573,29,24,18917.998616586876,12989.890509600058,0,2.044376238588317,1.2340729979660712,Benign
406832.3377823837,195,377,14760.223254269556,5509.5371281724065,10740.877736343396,207.14867592022267,597.8902123712144,432.8352769543194,9,13,2,7,1,2.583050450651723,804.3890757349018,145,88,6764.404794321641,22491.022539683763,1,5.761827564970908,29.96942835723054,USB_Attack
102571.1943440555,49,33,2331.2667581549586,1769.7826455295929,1763.3357849646443,15.477256013553317,191.55584866641726,199.22231743760537,0,14,0,2,0,1.2567516459957289,202.06998556970495,11,13,39994.13431511274,9467.104360536086,0,1.4081844338164522,4.213181183035359,Benign
589393.4174847924,214,291,10855.322601973623,10933.994643764301,14755.795582555013,138.9647395949421,755.331386262368,426.30065338943587,6,34,6,10,3,1.3633471525492582,485.76340703595446,237,107,2478.507277997456,58505.602877367994,1,16.605614612290008,26.048702711321013,USB_Attack
139229.7215818492,13,17,1461.11514963559,2439.4713163328192,1776.5227720371038,40.05849191756461,226.42244136120775,162.84432779028361,2,4,0,0,0,0.7665215688512961,119.90554673728496,22,10,70469.39412316539,7719.688248145686,0,5.576385558511665,0.0,Benign
116604.94770813308,27,28,1990.4674734242853,1163.4635276488905,1223.9672933596903,22.070159868383723,129.37769938643567,172.64639786967425,2,9,1,0,0,0.8141540758642508,147.05007129716068,32,24,71389.0373892822,7684.597652333325,0,2.9589004195803383,2.8342778933125734,Benign
89619.48445835515,46,27,2385.2485467133774,771.2593154543451,1478.787022235214,11.652066535414589,233.3704389246606,198.17414488147782,2,7,1,0,0,0.8961264730694289,237.59317620238917,25,18,28017.550660900997,7048.0178357743225,0,3.2179337715422833,3.3835812053351995,Benign
123797.90130833081,37,24,2633.304454157461,1027.2511517678142,1284.9828925748202,13.932008695447056,209.85940350493635,215.31653345569984,2,11,0,2,0,0.9643742676850589,182.43504078907148,24,16,77642.9028602987,8331.56784611723,0,2.4996511073293686,3.288914150011586,Benign
102489.58929581456,8,13,1820.6830818404364,1183.3566738757838,1501.2630890954022,21.305188952530305,269.5851174766782,206.9390987654558,1,6,1,2,0,0.8920005620739235,250.04740538208225,27,8,59144.7657133642,9624.673606701714,0,2.664859919282212,1.990398064237415,Benign
104147.21606653424,37,9,2718.872815393378,1061.55287852239,1273.0879304355954,41.113132722459376,233.8322747155548,174.53526840313847,2,7,1,0,0,0.8160030880797197,229.30376328007264,23,6,87877.93204780147,8165.247230183017,0,3.443813744433343,1.3130080653842562,Benign
138188.73468326125,49,36,1655.1677250872847,1542.1473814401843,1410.5847033782088,25.13664000162543,246.46552453135553,192.90314019355418,0,8,0,0,0,1.2909083715619944,183.39175623640355,32,8,92155.87105909197,7270.647500672465,0,3.1752144955646466,4.240959592468503,Benign
79848.52766028466,51,35,2349.383811181486,2063.6947075006597,1029.757996675729,20.062527065985496,195.13107196426762,245.35515028630425,1,10,1,1,0,0.8599122349095013,180.74457000223953,34,5,95334.87788571953,8327.596702641478,0,2.918987011034088,3.492419879807233,Benign
151419.45858221274,27,36,1328.9095015203475,2192.8465828364615,1696.2638381655966,19.516781933141623,192.34762872137128,216.32774697789685,1,2,0,1,0,0.7759797245720956,239.45249248153547,18,17,28662.770888525953,5504.37330556115,0,2.5193438734173546,2.0462743451907266,Benign
496696.1975926269,137,256,11548.025626524302,8766.270135095288,11285.176799001987,150.37653054982533,597.3350305279944,439.8396882196493,13,29,9,5,5,1.6983523768842388,796.9451376898423,101,169,19254.727792411915,27166.557355304747,1,18.879288351855266,21.732534086378124,USB_Attack
541888.7236058111,488,90,6292.025278930864,17759.60221672251,10741.305640757357,118.69692036834704,570.3383902556186,665.6428656404098,9,30,9,7,1,2.087081079472852,541.7168100873685,164,109,14904.005164481492,11498.358666578322,1,23.357712451344867,23.985688291379418,USB_Attack
529150.0647803203,217,231,16097.142187085912,7727.4057493459895,11387.062016759473,170.1354009573189,621.2093024623119,399.677286125404,12,9,5,11,1,1.488991003521153,715.3750155764575,225,130,10989.678134363063,37027.697968657965,1,4.549104629420212,25.638662244072805,USB_Attack
153820.64284927267,26,8,2033.3383990403825,765.366431098908,1429.4848161382015,41.79863607809946,214.63383294468355,200.19771086702218,2,10,0,2,0,1.2855727518098665,220.9005569255755,13,9,91762.96092962209,9200.53695778411,0,5.059319057523055,3.535769057432478,Benign
122928.11977486321,23,12,1143.780573899738,1973.9301305496763,1564.7049584943638,30.025675171411603,177.1312387505695,208.2784129580002,1,3,0,0,0,0.969254404047713,226.07641894459496,8,17,81517.12482170368,9329.595300238629,0,3.760714066530988,3.2209710141733705,Benign
91784.0935349635,31,15,2013.4748053945923,672.6325237129219,1805.8246688116742,31.63949052845816,191.03466802089687,216.96690335304677,1,10,0,0,0,0.8423491508913512,193.03437782837702,27,22,50658.81802309811,5764.176742209591,0,1.6908627636643332,5.907671672251666,Benign
104121.8307990032,10,18,2253.229060406182,1160.248639785088,1631.2968969439935,23.063161354058575,253.77678796149016,211.63956753166443,0,2,0,1,0,0.5195525865921642,169.82746205287106,10,22,71973.43341009686,9621.279300134715,0,1.096538626360925,2.890936822501011,Benign
414647.0037582276,136,135,12870.82172035658,10338.132127797879,5739.706155740589,199.3076964385718,687.0020528080136,565.5166502879721,7,34,3,6,1,2.0238123539770743,574.4713584171683,187,137,12469.62958530346,786.5388346520122,1,8.995446564809122,22.0498955786564,USB_Attack
121125.69697018796,24,17,1315.523522162901,1453.9283339780486,1382.6817911178357,18.01135215736656,212.27508812175836,184.66685301822258,1,12,0,2,0,0.9417123536665793,150.87200831940524,11,10,60302.93797713613,13134.68985101489,0,1.2001219801869394,3.11467794066204,Benign
117273.87211122112,15,26,1562.9066920726307,1414.0712567078224,1913.7717544908157,14.046024448887346,257.10656492262285,261.40966646869003,1,7,0,2,0,0.6638116306861689,247.32666641654328,7,16,57971.4118812982,7388.934696365242,0,1.950026301826295,2.0663025870878484,Benign
419728.6714735017,257,356,14126.292337277042,9481.822090522772,9198.02973539307,168.73732576032438,570.0705366239176,322.5169677417715,9,26,4,5,2,1.8368253522648823,488.3380069974926,96,219,13156.321134576641,57207.609251136004,1,17.999683854072757,24.54704220007911,USB_Attack
113568.74670884658,43,27,1749.393220992041,1495.1389247549982,1703.0533698026766,21.92067850203291,141.76882955504345,161.24888914106307,0,6,0,1,0,0.9131655789903078,155.65673170017666,11,25,42190.87490000235,6422.328114114284,0,2.1075639579838077,1.7721589764039845,Benign
423875.7741333576,519,235,8977.310379207316,17116.181010888173,12798.18023958835,154.19147678083218,442.5837134651717,456.00352922509,11,16,6,4,5,1.8610961286374945,397.05358572683684,80,207,9353.42009206684,62202.937960383184,1,19.21409747472532,20.89424106814637,USB_Attack
432614.39731354965,231,280,14584.765670970324,11576.920295824595,7009.478492590492,189.87907918506522,508.25256803944694,415.7697879971628,13,34,9,4,1,2.218025029576874,552.6598264334011,104,233,7538.2089793544465,36742.007064287274,1,11.81072942552716,26.939751942690428,USB_Attack
378756.3580408061,262,157,9256.402397097889,10121.556329993273,16774.990337957894,124.4380816700203,409.5512430076033,583.2896654178235,5,29,7,6,5,1.1377526986208433,661.422006774289,284,202,14719.94707698326,44391.62901793708,1,11.14902875974218,38.031490883171145,USB_Attack
78949.97107346647,55,9,1440.2980901565124,938.6076927312013,1322.8218078760615,15.643177320251601,165.38496329704486,182.72156931976417,2,10,1,0,0,1.0233165927848142,252.04030109766586,11,9,59809.24549962961,6871.728998630174,0,1.4172451439821565,4.428229331017282,Benign
114313.33465382164,31,36,2495.716589627656,1135.6824376699897,1243.493182400061,27.413061863701422,255.56208359730428,244.32543625829783,0,11,0,1,0,1.1298466626197319,150.07891386739726,27,6,50968.47219900893,9226.825148785887,0,3.9578808210229495,5.067669168614035,Benign
95407.38213687469,43,29,1279.3803818439433,1676.5501885864612,1480.098340962067,23.25093586842564,225.7223931129557,199.7815536458433,2,6,1,2,0,1.3346876916791184,197.05142148909,12,12,60794.35840162853,7381.603670084119,0,2.983585960844718,0.4116951035308971,Benign
123340.51288194334,27,38,1836.3887849707744,1654.6210180618696,1195.9594235683012,32.21747142364337,233.61551431497222,233.28674200240226,1,6,1,0,0,1.422805328133819,172.27239773429176,17,11,51045.78800849348,3209.551852237718,0,1.8466434428270047,4.416834460150506,Benign
108341.00456799545,33,35,2391.5527042740346,1139.771804731949,1079.123119469461,19.276714592995212,234.68635909241794,177.26836602417308,2,8,0,1,0,1.0463342233008752,167.48487115016738,19,7,9775.10629426434,9632.90578140121,0,1.4366480006987232,5.3563299613497355,Benign
164321.80994924007,33,13,2365.678576126659,505.1582601080738,648.7790122807834,29.92886218797629,174.55165139525366,177.73349816240625,0,5,1,2,0,0.8080299620182461,146.08435525642193,21,10,77297.00577522513,3455.0704643210847,0,0.7393258994417926,0.4855125952538528,Benign
135197.49462570762,22,30,1589.8710511498825,1689.0057436524742,880.2948968685158,38.1267873297803,230.60076207503218,202.73137109989918,2,2,1,1,0,0.9123671773043136,191.78750598274095,29,9,95483.13197477229,7585.340901350592,0,0.6514348946123567,2.34583405131076,Benign
80645.90502668366,36,9,2077.5348600356724,1096.031670461137,2294.16254444461,27.180447317277757,251.7608824120702,214.47663999034688,0,11,0,2,0,1.2146509170254538,163.78297008041503,8,25,34388.08280521477,7625.944657513409,0,3.7569502778540134,1.810635562478548,Benign
140136.84034841094,46,38,2010.5895418321131,1810.0781155568775,1237.3999001480893,31.28233162193505,259.9108580629729,194.6312827230214,1,12,0,1,0,0.7213550089414862,207.7413372737003,11,6,50917.3209885976,7978.239523763431,0,3.6295353845287432,4.363455283650929,Benign
96760.4443121381,9,32,1530.03041070363,1159.7506610425125,2261.384119928458,29.575121969420636,245.24421637545333,208.77396352042356,2,11,1,2,0,1.189532219328526,188.58979291979375,27,17,92998.99341126173,8123.008009448868,0,1.7988888009602233,2.419436172590479,Benign
102690.108858674,14,29,2107.974968574037,1055.4447958485862,1661.261840462232,40.18473187614018,237.95953805072088,217.65457860350696,1,9,1,1,0,0.8660151880164298,180.62123975170167,30,12,43029.131741706224,8097.415778432516,0,4.139416268734172,2.3636126660118775,Benign
129414.57060321365,51,39,2731.2460860261863,1568.927358266813,1480.096791345558,27.97248337355063,159.1902557330355,157.38482960679897,1,9,0,2,0,0.9454251902958338,163.94366527938817,17,24,68529.77601100891,8943.988937952992,0,3.2401168047859157,3.5897725305748525,Benign
639904.7862405858,182,186,14152.051084891273,9007.493865753357,13360.724354491666,221.68436277417842,485.9309031456788,450.55784066428146,10,33,8,3,5,1.9020380389301423,482.9360001098977,215,126,13054.508644097634,65817.0387589531,1,20.329429213097146,8.439485873117142,USB_Attack
146785.67448968865,58,35,2083.1781895353356,1837.063496002458,1501.8675582304195,24.709791771872347,186.51989776972437,184.4395241282073,0,9,0,0,0,0.6352549594817063,212.07041211123746,30,18,73909.93656675496,14800.813321440453,0,3.5343275849507223,2.9136966769675143,Benign
96764.69815459814,39,9,2136.077489100354,1561.2986846426334,2256.8735067872917,18.804891714537927,264.87587586812253,185.89633527137394,0,11,1,2,0,0.844232798487744,169.55972338502258,23,14,61514.15711798903,7109.778899884918,0,3.242153035566982,2.340972561834425,Benign
398190.2074937654,323,331,20333.26155238644,11485.995566026559,6992.419598398101,180.7430490767932,399.050161029429,157.83002696026176,12,23,3,3,2,1.9965452403343886,599.6373098145581,288,147,13332.1137187733,62975.40806703281,1,16.216892584818666,30.741444954175165,USB_Attack
100308.87319355673,54,38,2030.1123366031445,711.9978623314812,1609.6954610790315,35.1353925250934,186.73149162479325,184.85631693253208,0,2,1,0,0,0.7596078879429882,133.3603244371954,16,20,77088.43117455076,4333.966096141736,0,2.2119483444335004,3.9214022738958962,Benign
103030.83754934883,42,14,1291.6202125807363,994.9468331613497,1040.5326536379937,16.933125029259678,218.39076357028947,139.84767091364495,0,6,0,0,0,1.2225042320041104,224.12060181429058,25,17,45430.21594800473,9711.467796242963,0,2.3713655773072455,1.1360640593226428,Benign
425258.4243596442,163,320,13168.20608295593,11598.191329947073,13844.23056488126,146.49684523023714,541.2495135114183,441.2090050243094,10,18,7,5,3,2.2624475384332636,669.5450084797765,233,156,20060.27818494711,15294.534983474136,1,14.014033215294724,40.37409426580287,USB_Attack
138863.8888083091,35,7,2880.9708905942516,2278.4432525594802,1158.963262643016,28.328133043070093,251.52769401211617,168.0678190622506,1,10,1,2,0,0.6863545687237749,221.3971088860423,15,15,73066.09692608025,4854.656390456802,0,1.5391244850753505,1.6871695495445886,Benign
171298.31862036214,20,27,1673.369195170595,2187.3237131200867,2011.26197094508,32.342282759165855,161.35336125463914,214.88995943547636,2,11,1,0,0,0.9507274097162146,186.3913525478219,28,10,76364.86289446116,4480.226462946666,0,4.660193446775217,1.3158034069250641,Benign
456287.0474838868,121,194,8316.270650615788,12965.836549277125,6990.313681186472,226.1213802205088,476.82500952626236,477.83862536225814,7,31,4,11,4,1.8598468769237677,521.073662530345,153,168,6875.64977543759,38537.215879700714,1,16.460279870497235,15.991121649074877,USB_Attack
89078.4890420298,43,34,2376.2912894506962,1560.8017963878922,1578.357133987034,18.674160684134314,221.33519787942876,134.755134199299,0,5,0,1,0,0.9376175833041018,220.81582189692497,33,11,96194.31089771117,11459.83919585985,0,0.2792118746229657,2.2790128836371224,Benign
122112.57381981867,15,25,1326.1614985788115,801.784498876089,1378.7678257907387,28.02697470479806,131.40041121685994,176.7730378987903,0,13,0,2,0,0.9301906791183958,187.90613832180537,18,11,91784.19063833475,5545.739153803336,0,3.5847562121590864,4.51021944502007,Benign
475358.8944471408,346,289,16922.594175312468,8389.456458114424,14304.215500482765,230.30718186672414,419.3367058964759,407.1122186414908,7,22,2,7,1,1.5571104353807992,599.6749746797219,123,183,11493.794336547322,35771.8900310732,1,16.691539083479917,20.311936769728725,USB_Attack
96671.82216755199,38,23,2424.5260839930834,2306.5763452817514,1108.570583654018,15.151773307149774,240.72727207539597,157.7337459439531,1,6,0,2,0,0.9189829094984254,160.71148961885518,24,26,53870.32820188421,1143.941015136962,0,2.865847061404142,3.7598059365855754,Benign
101097.52469232991,24,21,1821.3837826539798,1559.1371991880715,1520.7293310401465,40.50820433872277,263.26279679147206,223.4798263154063,0,9,1,0,0,0.8059186429182187,202.7844664758854,25,15,13999.623745108242,6063.662759142869,0,2.3109717464065724,2.09163064971308,Benign
540895.3096598873,315,342,23577.74851007742,14195.752903427445,10195.070618694017,149.62030618290964,568.6958504585715,404.32022860027496,10,18,2,9,1,1.9360370021150373,725.8726806536761,187,234,16162.005908428506,69968.72399212579,1,14.652969579612972,21.895722418705873,USB_Attack
88443.38181304758,44,37,2071.9948071613094,708.868202998374,1154.8797571294403,17.050938304119885,225.64135761473048,195.13953098320292,2,4,0,1,0,1.1547271378860677,177.80395770523256,15,17,19603.789492602285,7188.007901664441,0,4.3356098117743835,3.481425923272613,Benign
115671.46864439236,50,14,1601.7670589767456,2121.137577478862,1245.6343114434771,23.06291385456498,242.80284438811134,176.78265201444725,1,6,1,0,0,0.8148643953811644,181.33775096312488,29,6,8143.973356521514,10584.475031128331,0,1.8742618086623888,4.834793781091999,Benign
401154.64823004795,540,118,11639.298124537498,13806.848737462482,11341.064184119157,235.237431323125,425.42804247969224,435.9229515726209,7,17,3,3,3,1.5279350200399882,489.27390471897246,147,107,5537.425008461412,46072.40976487673,1,17.69377164361924,16.51139875685814,USB_Attack
145263.808774129,29,26,1496.9065261829332,709.4697659867269,2066.6907423952343,7.6661196550110695,252.03717292130594,224.420758842833,2,6,0,1,0,1.1103758810139013,213.7372319759589,6,26,85790.75959318812,6089.062069888659,0,3.842195597821486,3.3971788993137895,Benign
397406.1922949767,328,221,16486.93403484419,14410.048525261449,11794.891727364704,128.05702195932074,436.2647854638808,501.00505242812096,8,24,3,5,5,1.728098697898587,590.6620362520699,250,165,13530.610158221096,62917.12302990869,1,19.866803121861658,19.841461087506246,USB_Attack
204287.06910289178,29,7,2687.849016182857,925.1078921888413,1545.9170120946244,17.708211988349575,198.80937842529664,253.8695359500546,2,13,0,1,0,0.9502663827661622,156.84239553063466,32,9,54355.997508252665,9144.507080245367,0,4.3114936138351165,3.5481746134765415,Benign
106458.46647106814,26,15,1374.5283880942147,1440.7154134296127,1392.712565182885,27.116201920866033,224.94832002789587,194.15079447528484,2,15,1,0,0,0.8726003453870695,157.42764156614612,21,11,59615.1564412708,9344.03165440653,0,3.838200649302636,6.4677471886613525,Benign
122160.52925751156,25,27,1703.3934896209037,1593.3025363257684,1260.0635700026814,19.591944306209598,215.12329301870912,167.21972546846305,2,15,0,1,0,0.8988695049653792,185.54404256006163,32,20,53567.097958181286,8539.53022568595,0,1.0095859873678041,2.5902480624018,Benign
567899.8832980318,493,238,12117.892607846718,10585.965557817939,16231.205832950494,164.00215331738596,447.3415617739676,495.2813637798068,13,8,8,9,4,1.6498678807331577,615.7652233932583,103,128,10132.553953329543,28967.738749768898,1,3.0281833162208702,25.460689588483536,USB_Attack
171182.7527438292,58,30,1371.3271237229128,1849.6709684190969,1279.9112994252841,25.99696069313881,207.38389684485736,196.1939367154392,2,15,1,0,0,0.8288305268663337,157.93372767098614,12,23,89282.81304057216,5974.301429140983,0,1.0725051006910369,2.170678278161184,Benign
549912.6928978632,383,259,16693.549831554494,16394.54108474124,9210.271968526122,172.48094006673682,685.3933499003124,584.3984307230314,14,33,7,11,5,1.2583142158833236,235.80397099103334,157,194,9779.582328013808,45958.35669005281,1,12.305802807563897,27.624337398767643,USB_Attack
321483.953582171,399,211,18899.58196743663,12260.160372946855,10148.953468504475,148.7352546099789,638.9587698995645,482.5658968479903,6,20,5,6,3,1.331024649407159,630.1390608099589,234,94,16031.553735538133,37487.13664684519,1,14.759806251940198,28.04796311945612,USB_Attack
557677.876624082,252,359,12609.694239332963,12055.6810412411,6194.074081683482,231.9416812491225,538.9150391168378,541.9095447582833,8,33,5,7,5,1.9948237193959564,470.64755559656993,228,101,6549.507165248107,35278.2812241144,1,7.681348775610159,18.733058120629693,USB_Attack
126320.00633173861,15,17,1824.4691963540558,2870.3965164050155,1424.164774954361,26.421412862097604,226.0036477168447,230.85541410447593,2,6,1,2,0,1.1718624825218682,223.68370315857078,22,7,70589.52987670226,9767.717571775356,0,2.618413936628037,3.3143930921019344,Benign
536439.864013425,335,295,8271.212238896407,12422.397236698353,13087.729848904695,229.84584610129573,858.653414063147,278.19476266087463,10,31,9,11,1,1.613017919913832,744.9673941743677,99,176,2415.7142197287667,51979.59297019835,1,18.033977516316252,25.510323865225228,USB_Attack
163870.65790420084,16,34,1881.9403845380202,1093.5015037098576,1372.9746261095445,24.98876313854148,248.02031020070882,184.3193694586531,0,12,1,0,0,0.8265941698114798,163.25920858931343,6,22,43054.56982353104,12659.755377973712,0,2.1878643019546047,1.7502915566294737,Benign
144275.84195559518,26,21,1500.586827271608,1038.1647524569091,1323.4208491935156,13.982700667130272,240.72813862619932,172.30662585840722,2,12,1,1,0,1.1555750008213075,205.43871932793218,18,10,71608.28304766995,15109.560823152331,0,2.0458188737564997,2.386417590689596,Benign
345176.4202148058,440,230,14038.689109054776,12128.336227374217,14772.978234079019,169.5014795914747,559.9341865691948,524.3158948700428,6,20,7,11,4,2.1232113375533452,504.0683055367622,153,177,16925.156187164353,50128.56078463993,1,14.78174586143197,24.97957823435091,USB_Attack
415915.1250435333,227,266,19049.988089626575,9382.706773576238,5725.279313680452,146.58667646363492,512.4955069385534,606.2785502712491,14,28,9,11,3,1.83267130897566,450.9759859933129,193,110,13253.808536283177,29085.1638195325,1,18.84377779240732,34.5551107306505,USB_Attack
530842.555314562,173,264,11471.003261313554,13936.269186989382,5797.081045223548,250.6628082250628,542.2195527680818,501.7069786539713,11,12,4,5,4,2.1469644602019087,536.703329085922,208,99,21541.85177749946,21424.251774840504,1,18.19274368645143,17.6499709796813,USB_Attack
140632.83394799617,54,13,1580.5753300266915,642.6133036958369,1554.211785281199,30.38225023758702,163.84905179694135,212.57590756991266,0,2,0,2,0,1.1933299026356676,198.9637070670933,14,27,85987.12575349664,10682.17360178472,0,0.7273045223583077,2.159283471365737,Benign
156386.51075169467,20,12,1961.9698210430092,1572.751915825754,1744.0070303946059,25.253745063662482,199.0971191393537,189.9239919546371,2,2,1,0,0,0.9612155463574776,211.06524918060236,23,22,57290.001028626946,2179.5443700380847,0,1.7869240440365912,5.838872742728228,Benign
391701.0569278607,395,168,16405.87811822815,15496.10449111103,15118.225986933268,119.04387737758012,558.0189383152082,612.8822253583735,3,13,4,7,3,1.6306724888200992,546.0127392986948,244,138,16237.26305754817,46188.952421614995,1,16.455049416015648,31.70865909355957,USB_Attack
72239.60993275634,55,27,1434.7668705455242,1328.4179666789582,1216.7763359877715,34.55315114031674,238.24930537197366,224.35898287255642,2,9,0,2,0,0.8530751195682108,240.39725368726093,10,10,101665.24536226748,8308.339872805402,0,1.1435205262981578,3.1438944089394,Benign
447842.54457598657,480,89,11759.648776750695,15270.428832923428,12035.732502969642,177.51762745493656,648.4986658100513,690.6861525590082,11,31,6,9,5,2.2734891708433578,627.190949496267,222,166,14818.224220118056,29034.617846560388,1,15.534265606977037,19.44874499981875,USB_Attack
150465.45649448788,22,15,1371.9424064846976,2536.816957744359,1087.0922861384693,19.597432813882804,251.768611525988,196.49929820190027,1,2,0,1,0,0.9475369672845899,220.57170303970435,32,7,56355.46639437218,4141.865319992265,0,3.675950263628997,1.7751007726754846,Benign
70249.93303253264,8,25,2614.5990074044457,1014.8997656484794,1401.1727880685646,34.85942967743021,185.6591840004199,250.59277027805777,1,10,1,0,0,1.0765151323960986,172.5151657861072,26,26,67281.55908348782,6589.412587520703,0,1.2994989042131497,2.2707794716129435,Benign
119762.86453880291,41,10,1809.4309233624758,1432.3571477581236,1779.6818766204115,39.64039330522827,206.8155564230744,222.14446748999103,2,5,1,2,0,1.0933292473359928,195.0594356828347,10,27,61065.687107297876,3679.910984164082,0,0.9288020452579295,3.399706355509273,Benign
128215.27194925369,11,22,1888.3848391129516,1174.308596351006,1266.4951899116704,43.2879398773736,277.5528345618214,187.52417438767574,2,7,1,1,0,0.7116760941920184,206.73508090655162,21,12,54009.745258784256,7175.729621535315,0,4.383429723701506,0.9340842424435607,Benign
110977.06245459795,10,11,1558.3846460172697,1108.558354847642,1743.1726560713219,25.40284424270643,152.41219814672115,188.8624020214361,2,11,1,2,0,0.9143915212768127,249.86221340701638,9,21,61962.93176427952,5918.03894941587,0,3.5185275885508194,2.667566022220859,Benign
469577.68410254107,439,187,19191.804685461524,12722.221807621538,17663.177943684932,97.58869555969873,291.1433406785527,565.401419860454,9,18,6,8,5,1.7799411421728975,383.91166536424316,146,75,13666.344264383968,57648.25296575985,1,11.955749564235402,29.49377268247187,USB_Attack
575269.7534527634,194,209,11542.103291347214,9136.243993784992,11557.790389974038,187.36544509842713,587.0528610594282,401.6685298920165,13,34,3,8,3,1.934892988587622,485.8370085779631,277,207,10768.288962687015,6573.484903274912,1,14.877865167008014,31.851215917061882,USB_Attack
362839.8236327841,503,148,19963.813433826355,14688.46433807007,16658.435054166897,128.0710390426852,621.780850065316,354.3736600282531,11,12,4,9,2,2.187231061659785,674.8802510725727,208,86,12061.056874001517,87010.39303469117,1,17.808441746247926,31.172407446648847,USB_Attack
115557.82786356738,42,22,1331.495785702122,2512.1907142218847,1431.6114843868259,27.50473547739809,204.79433793973593,226.84138519334212,0,11,0,2,0,0.9209455450204984,147.5547985437558,32,12,40993.31695416437,9459.086076696938,0,3.560083874801587,4.655853429141819,Benign
103095.85723724791,27,24,1661.2982076219187,1687.1906651526303,1168.3425455335332,32.409191387568534,241.0754403331529,237.71696600590636,0,7,1,1,0,1.2080419082258882,124.76980468534941,22,14,43917.90658472576,7664.078222765257,0,2.0866717058572597,3.690733347021191,Benign
106709.63540275599,35,26,520.0417168487513,1045.4952024716663,1237.2627111449613,28.678190403556176,228.94322307933268,235.44166604017533,1,10,1,1,0,0.7685586860768895,160.124880236863,31,27,80904.77584466017,9864.024401998562,0,1.2219420561906889,2.395878788239719,Benign
118808.81152959066,54,20,1235.9983957782372,1334.9826680347153,288.79097477271443,29.177791535267012,174.30338498314018,246.2824700454339,2,4,1,2,0,0.6010469660617953,219.01539674218338,17,15,24946.910804846397,7908.749863943537,0,0.9602250724066728,5.301007480447057,Benign
584714.6232875827,121,307,15626.559436311094,15499.318636187341,15031.955191812793,183.59677976909845,534.3479098744039,480.04235399272096,4,15,4,11,2,1.462632814946462,427.60289193024454,157,204,18203.53476388049,41444.232721312226,1,13.83229320222829,40.44011886253233,USB_Attack
110867.19711429998,41,6,2215.198874553771,1860.0308938260212,1922.896549005033,22.366290244990207,219.99590328060097,251.89877105968702,0,7,0,2,0,1.1391684568692912,162.3104354443853,32,6,59300.736950229635,9483.482645753653,0,1.180007663929278,4.355846465855852,Benign
579404.5522685011,336,370,18015.737242055235,16622.941233319045,14866.605315206689,172.64044760144637,417.0162618302922,604.3834425863131,13,26,2,9,4,1.4350507084013482,356.77897629651545,116,77,5790.876895546004,25682.02916645129,1,18.933994259350357,20.260372081526786,USB_Attack
518606.8852014479,537,84,16949.671705489658,16614.79959017207,15048.511118034334,299.45834420542724,554.949655043882,491.8987245947457,6,29,9,11,5,1.782863294527026,476.47477601554834,209,213,19345.270326751815,42506.43836275038,1,16.832542944697355,16.749100142297472,USB_Attack
62372.52222314455,58,15,2136.4937120822387,1233.8042465628864,567.2751251854369,11.787158206312677,244.59785261343958,145.11194908993588,1,14,0,1,0,0.5558982024244231,173.03719843457003,7,12,42384.46807950286,10777.501452186389,0,4.177456334544181,3.7541252679530244,Benign
134311.05381679375,31,12,1573.5656573104325,1807.3260569122465,847.6648827549751,21.61098001126281,184.562502780768,200.32603536320133,2,2,0,1,0,1.0471888568383292,178.84627768012913,33,8,50782.28684104391,10532.628045541276,0,0.6873069466166544,5.847566196414139,Benign
119983.10708631124,31,16,1281.3745268671887,2054.877123670248,1976.019671439901,22.888941388509924,216.71541606102812,215.57408176735854,0,9,0,1,0,0.610479054943813,233.77401978148364,7,21,26763.02053661114,7227.441083978965,0,2.5356705313339236,5.000125771599981,Benign
571879.4538902227,357,364,9019.345032971265,12914.913359960377,11595.771183101326,166.54288565996495,611.3800266608729,602.669940441213,3,10,8,6,4,1.6426568009078157,550.8444852847321,246,222,11426.36270333534,76390.72880659891,1,13.299564520589175,22.478777118924324,USB_Attack
148822.0292278339,41,13,1832.2839871936953,1738.4106839763886,981.0243874242275,29.445902726721123,201.82131953797676,143.3533700398275,2,14,0,1,0,0.8343826832719645,218.02196540082207,7,10,13301.968611679942,4676.752379793583,0,1.832388181532786,3.0880216490880255,Benign
483708.54601034574,373,263,13903.629447565812,10371.46174828607,14459.338647307777,171.1384004644334,722.533574419639,655.1093111562403,13,9,6,9,1,1.9411267586862904,695.4364332164333,97,191,19876.031342333077,36142.208978282455,1,9.884835910352601,21.971967819666098,USB_Attack
60784.98390423109,49,32,1617.4510119946228,1857.5816155412967,1488.3310628004867,22.94471057975539,140.50180190598297,219.35996146570045,1,7,1,0,0,0.7002555349152072,152.24634288823177,29,12,41799.24894129847,6045.317747248146,0,1.4819983682597762,4.911229084780132,Benign
128214.11535970558,45,30,2786.44792739024,984.9747221557303,1021.5489071372976,17.678989473785002,239.36023674647998,169.22254895108264,2,9,1,0,0,0.9412581681353891,223.61524264057664,8,20,48948.99600988748,7995.448689925141,0,2.1839553490355095,0.5352194538142054,Benign
387733.87250002415,409,133,12945.846953528882,9109.552769776381,4836.71422771158,142.81837797310968,681.7150601576504,478.1439811056682,6,14,3,3,2,2.227148765322398,650.859485011768,181,70,10748.8761435836,59596.26223629173,1,19.859300293781008,36.269756838267924,USB_Attack
571527.934341407,266,183,10353.429069138201,19654.91997056995,9846.411592288903,170.9307239305692,444.33197597476357,463.6605361583895,11,9,2,11,4,1.9576917884511071,631.5256691422039,120,102,545.2352571625252,66573.25955980686,1,12.709157100391979,27.1460371923068,USB_Attack
521969.5894953375,143,223,17319.80690167378,12870.079245646672,13007.373529116107,61.54529958819535,558.4333828838825,448.31561228092926,4,17,3,8,1,1.843014765805476,460.0238314660658,150,110,25049.42996832467,61487.255642848955,1,32.675236496992845,25.52387005530794,USB_Attack
139930.61022719793,40,18,1288.5250359096437,1470.6119705255337,1736.7429278919817,23.508365740693847,175.84689885368772,251.3781617838207,1,5,1,2,0,1.0225322468328484,223.3295629629641,11,13,67933.46694188866,8357.478309452887,0,4.0129360068942415,1.2389335408848776,Benign
147979.1652897336,22,7,1557.5009608545656,1553.8321571427666,1850.0949542168585,19.138045221162336,229.54517475113406,188.66521812168,2,3,0,1,0,1.0868640823612683,235.8283064136895,5,8,88583.76370832186,7585.641089565416,0,1.9658420251520416,0.47150435639291555,Benign
134519.4688185458,25,19,1283.5103871507345,1611.6538016302334,878.5770952880705,20.75460861271115,247.78725526522567,205.51272145372104,2,5,1,0,0,0.9329456690574246,189.82080137918032,5,7,49032.36220838799,11123.087023512204,0,3.081223756300776,1.1530482506705342,Benign
112175.1462478625,48,14,1185.027755870888,1922.0061923362734,1523.1607639307756,20.500333493678497,225.96177604002054,206.45207517672563,1,5,0,1,0,0.6899819895380801,169.39245981089837,32,20,67143.72681951828,3979.0281859911447,0,2.272102535922327,2.22508880633582,Benign
56769.31837156791,17,22,2133.533425262475,1874.4338347312791,1392.6194543083514,22.70130065599625,163.50326930679384,219.481245781651,1,6,1,2,0,0.9931454669840549,181.73520836059183,23,5,68010.52096632145,6266.398127203728,0,3.389086544347831,3.8211631481364843,Benign
487683.42434423295,348,370,7588.29791986819,17513.372864631114,11509.892739161807,97.14316432319521,520.6239766056857,334.2931423124047,14,16,2,8,1,1.3877224618001875,489.4154769747321,231,148,26345.932805383178,35734.081305824904,1,15.57693523979332,28.22782319169786,USB_Attack
156651.8599865278,47,31,1826.1831615950682,1301.0931237887676,1415.2873465463451,28.256896548324864,212.60260823577755,242.75016680899313,1,5,0,1,0,0.8636881538875844,229.70600117208193,30,5,43930.20678221909,11972.491912351928,0,2.16688015152753,1.7880135005828672,Benign
314029.1593949228,504,339,10719.875805163403,14616.281380503451,10429.775565002727,146.54581130611763,534.3557798927039,520.9354273853977,3,17,7,5,3,1.8339329361626384,723.6397709899288,147,152,24293.78247170765,43622.83869898229,1,27.413229101391916,20.35719197305076,USB_Attack
93610.7271789748,47,38,871.3065831425426,1231.7053124962854,292.88381831375796,34.69383273689607,209.1330991232478,212.5406323466898,0,7,1,2,0,1.3950354770728048,174.11531348404827,7,25,41139.18002959332,7321.58369519992,0,1.9815669762916617,3.4015044784550597,Benign
140213.83181003275,35,8,2443.3830019785273,1411.606985097223,1964.7316082282696,40.651374185876605,206.62487631480457,214.62233027072702,1,5,0,2,0,0.641389766339304,222.4829453245138,24,6,47461.754091410665,4646.211569486309,0,1.7968629842445312,5.383060317699677,Benign
145815.89123884335,59,9,1625.4529183300413,2678.178040611186,1631.9960661900354,29.473267837366635,178.34371145375783,192.94312302410103,1,4,0,2,0,0.9987348743885776,238.68833631023358,11,27,52109.5636278446,6592.051859503755,0,1.660843832175649,4.308560751896673,Benign
166764.48743397256,35,38,2066.2006531189286,1581.9853653975931,906.2840849853969,29.344841778988243,225.77327051270615,132.07970772513247,1,15,0,2,0,1.10920628927663,146.3947904455646,25,27,69969.81658242384,9841.39973256593,0,2.4776238003461915,1.5637406144737447,Benign
535402.6759075159,209,303,4801.009559075119,15281.443171386018,10902.935536886142,290.81810159817456,557.4640547960244,471.76037018108724,10,23,6,3,3,1.7660010567818658,593.8357569932805,204,96,9144.535135424954,39699.785426122166,1,5.861531340921314,22.470223997698838,USB_Attack
113206.36246367585,52,26,2485.3982803819204,1182.5337079363371,1321.078077199412,31.60811917996399,243.48108952524404,178.68317711930075,2,3,0,0,0,0.8662966496198345,224.67877013857625,33,20,39151.615158342465,7237.457328297521,0,1.6040386911137858,4.045072434129703,Benign
142418.16153430365,19,16,1747.5713061084832,1959.0330373934405,1332.4110734329079,19.751064559655283,238.1158422765313,250.33866229771172,2,11,1,0,0,0.8197066738541652,192.2101694622132,12,9,45808.60215100976,5922.666852681413,0,0.0,1.7588287572188457,Benign
121722.30214314473,59,23,738.1812704785345,1842.1225901985408,1192.634159404387,13.236355804947372,276.89842941173333,211.2587410948362,2,10,0,1,0,0.9000444625728161,175.3424088427692,19,7,61065.75117022392,8181.353244255582,0,4.161941484766091,2.545923263062661,Benign
383224.0457800763,191,172,11065.694377333057,14310.87597510693,10250.532008652512,192.23704789152882,583.9761284450088,570.8168114370867,7,29,3,8,3,1.4620406315622914,333.66102924953736,214,217,7074.156109079024,46014.379651992225,1,27.727341203812756,11.319305450492,USB_Attack
558278.5068448461,410,321,17627.95166053224,10031.301308449081,8258.775845817478,182.5954070574625,687.5256759922827,467.72606802107316,8,29,9,6,1,1.8794140365569547,448.79709301495336,289,114,13276.375038207752,38867.2129758018,1,20.222465562090242,14.429783385265134,USB_Attack
436374.23146059056,171,376,11984.409887765165,7496.089256815477,16027.046719475591,133.31431152667253,579.3675717366797,594.2176969008619,3,24,9,8,1,1.9448669944636183,506.58688883804604,138,112,18124.15598539918,56495.07470843933,1,21.29930732361371,18.15011262063316,USB_Attack
529121.4383864957,498,379,14232.00488901324,16861.332352399677,13397.537655274557,27.766902926125738,496.2872137821839,436.1403505321972,8,32,3,8,2,1.9709769488186424,603.5446811123096,112,116,25872.12592586939,39869.924487337026,1,15.474142642587584,25.45113796243103,USB_Attack
126587.54781539833,8,29,1619.4907826368542,1627.3945137071828,1428.44743609331,34.01334098233467,243.17377987806466,193.52669446539377,2,10,1,0,0,1.1755030331331318,201.02000549085847,22,6,61384.71508659019,8777.38476099689,0,0.6225974703863537,2.1193869285619287,Benign
112238.8229494281,26,32,1128.6230253587448,1448.4244384498547,1441.0054440031167,35.10359988616557,195.76530275870732,218.11026446466823,1,8,1,1,0,1.0087849724745441,175.2746422333958,24,17,98546.9588878151,9632.125150571006,0,3.266991625028855,2.3160986815955034,Benign
164348.3680714818,59,16,2135.742447504642,1902.5569455516425,1776.985648110666,29.233422459385487,279.26042812434974,189.55188414610055,1,4,0,0,0,0.921694624228675,166.61535432157035,31,14,62665.219485989364,8664.539489304632,0,4.018357023746963,5.401419880265635,Benign
92979.2344886197,32,9,1518.137424551102,1093.1436120481153,1232.9653196615295,34.970917675809595,267.46568343601115,232.01645825504485,0,2,0,0,0,1.1941522188715195,173.86337230226883,19,21,33195.43193612864,8007.053254120541,0,2.6993045523644987,2.0804591189378994,Benign
102380.37711708664,9,10,1596.8103926314654,1176.917873723103,1312.7387309412459,25.058696606648983,172.7052874140702,229.7805450731159,0,14,1,2,0,0.5799847508686402,160.87262158787274,13,24,55319.11844023662,9114.356456457057,0,3.5293934781748373,3.662712659751395,Benign
403257.6196828662,268,160,18583.061380461884,11585.189743615938,13645.93788531054,214.10408860602104,415.6785928383241,541.3095759241455,6,9,9,5,4,1.4773361618357412,650.799041734221,251,72,10151.839421634328,34047.951334689446,1,8.611527299042104,11.392354496611016,USB_Attack
146368.62083102678,19,21,2417.7392987320736,716.3893192028346,883.4489590144937,30.969321867943258,215.36863041938705,158.14424468176665,0,4,0,1,0,0.756724012334369,160.49079654902047,25,27,40009.17059894638,12670.786826067824,0,1.5749422846895929,5.022959038856106,Benign
503242.1568297504,443,108,19908.0316776361,11181.666741538838,10410.558426567583,203.81925889363984,563.8999951197178,383.7787206142674,13,13,5,6,2,1.8504943067522006,438.3901026178278,95,155,6706.258755921635,38532.28404297327,1,16.296064253266685,22.95680464909104,USB_Attack
523661.03029826225,209,104,15149.234553045366,14666.580259808912,7056.248597846454,151.09784829120338,563.5041691319991,549.0795146876384,8,26,6,6,4,1.6015206061508547,557.6076427565226,170,219,1.0,46971.743397524224,1,15.349817183023617,21.257139358265608,USB_Attack
58868.14476795847,48,8,1579.6819228068016,1287.8290403242095,1842.1890369820594,23.779983790279456,244.91866812539257,162.12856984914316,0,5,1,0,0,0.7072351413755185,168.81446937815554,30,13,45817.290202759796,3978.0780573379902,0,1.3114193500859102,1.4548564898633556,Benign
120980.85675759813,31,13,2031.4334111274527,1404.024181944103,1718.6653307399636,22.996607532498714,171.93586995871973,152.8885988473128,2,4,1,0,0,0.5694839633953307,231.1398287412645,19,8,63993.90459000324,3285.485390471228,0,3.468526773884916,4.02344291372326,Benign
358511.9328933855,230,85,11877.005075614694,13304.455285985285,11768.924032031908,203.16329708810838,444.62594068883334,391.4533170407674,5,23,7,6,1,1.6648045510883052,633.6123039540113,268,111,13559.232863704327,35689.2093371131,1,12.683462418598117,22.99903696180653,USB_Attack
108463.4966994625,43,24,2123.9304087432533,1345.3560256096312,857.2165405781772,28.09491635554768,260.8974291401447,165.73053824380173,2,6,0,0,0,0.8868260233174512,169.91801719700194,6,21,81259.62985159637,4550.805908029159,0,2.186933125201248,4.072109789077285,Benign
139841.34569675123,31,6,2143.433480667428,1469.683028746343,1458.641841930472,13.91397616847558,234.00770837446828,190.49877836225454,1,9,1,2,0,0.8398817372066286,167.04643901525782,20,7,76837.75402820819,6917.446039899777,0,2.968730131326321,2.0767048999913325,Benign
100753.7183765146,48,29,2103.1151029421726,1473.1675654243136,1029.093375834289,4.796741755820932,217.3534275826968,198.5816243119773,1,8,1,0,0,1.051834937615953,200.17194186257493,22,27,62873.73957190858,10223.318572284363,0,2.9316555947686127,4.6629558877267225,Benign
126938.46068230094,40,10,1109.8786783444184,1298.8360690677932,1485.2544388091894,22.247890871013567,196.61643841483104,197.28684833405853,2,3,1,0,0,0.9903869643901055,214.79763581624724,19,8,73014.16536429117,9628.861977104367,0,3.566422657221669,2.3432650940550372,Benign
111019.86276744834,48,32,1361.9405841504308,1152.0624940625557,573.8881292441044,18.9528507728621,249.0794655234773,233.79614845347479,1,4,1,0,0,0.8466327090842782,228.12264489528508,21,22,49007.24622986989,6382.1983105782,0,1.4808353023709002,1.8356111372491715,Benign
566951.6712903696,317,127,6946.420313045008,11421.334586598232,13616.242108960067,89.47124952533123,571.679078239406,535.2993476307543,5,32,7,4,3,1.6293352582432075,464.8755467090864,190,90,17166.738209653893,43126.81455625181,1,17.573943126116596,30.54929454225671,USB_Attack
134253.84202044026,8,34,1437.0679787533873,553.0174339799837,1975.613443536075,1.0,228.4977133883293,185.63246441503523,2,9,0,1,0,1.1035977431747828,183.1680691388049,25,11,52836.63051167704,13228.0184466381,0,1.1080341765739232,2.186427340741026,Benign
99241.9891147617,14,21,1267.7314876220012,1407.4281784457328,1647.6212704026243,18.193256992375613,220.89305065686605,166.08022508590278,1,14,0,2,0,1.388960141621848,193.92863063119736,8,16,48966.66903609771,9546.440946943942,0,2.2854954889778374,2.017344618932996,Benign
114940.44739798643,31,15,863.912129564713,1288.995237652103,1358.4736610081331,23.61086507861838,259.3963859173398,211.66538464950727,1,3,1,1,0,0.8170090151586641,195.0137399379423,20,18,15196.211727268928,8449.038671020786,0,2.3655065073305703,4.710460589987112,Benign
151312.30193161484,28,35,1126.7353934329294,1688.456169026919,1136.502670925511,19.92676847923125,199.60379336258885,248.9444034332816,0,6,0,0,0,0.9499398242060373,166.8382995596838,18,23,36727.24338805896,8315.90461406221,0,3.6640555016467893,2.277915926449608,Benign
131801.30610762292,49,24,1671.7372213287,845.5682415664461,1066.2984329651626,28.098749410026652,202.57924658374088,187.90354530981068,1,4,0,2,0,0.6523461475658671,233.87235939808244,15,6,32931.75135349306,7247.957673977919,0,2.511115805996647,0.7777935444233708,Benign
78091.13826746606,29,27,1765.2868165905577,1275.096596440378,1580.0623020354103,36.1412851878045,176.5347295279002,225.51076676042638,1,14,0,0,0,0.8339043370469083,190.66665270516273,18,10,36816.5034400209,13208.158793451228,0,2.185791208457514,3.8202185292677515,Benign
139668.54183514148,52,10,1403.4731119347123,1453.9381197046098,1362.5470761630615,29.130939522041402,235.3049496110143,174.88593222397643,2,4,0,1,0,0.7832081450733901,206.0422002664765,25,8,89332.81100564718,7506.398297626083,0,4.211115225026237,1.6635141774915894,Benign
87461.68132691286,17,27,1839.462606341613,1981.5331246667067,2118.658873326911,33.21115435281588,205.1664454938713,200.63814104300369,1,13,0,0,0,1.4991010493313675,202.733636932665,34,12,71262.65517037526,8388.168939165942,0,1.9852040449241444,1.7086459158738725,Benign
162375.3920988302,28,25,1583.0831795458118,1649.4832350579406,1426.09451199586,33.87301351718759,189.8274107955552,165.14173153099532,1,4,0,1,0,0.7615045404588459,202.11798936182498,11,20,81229.3951241912,3713.0756533305357,0,1.934617214293924,3.9817362041110655,Benign
150722.96519523073,47,15,2345.2867936869243,967.4303051090122,1523.4881968978134,16.8491138634663,193.16143066629513,200.32496181437742,2,12,1,2,0,0.8531932366383155,159.87709703325805,6,14,71210.94369511813,6345.448862310446,0,0.24820548222226613,1.984401169191365,Benign
128696.56427755202,14,32,1719.1871179875814,1280.6354765757033,944.5986127778515,28.51291754148956,238.7986923762018,196.506350638532,0,8,0,2,0,0.6092659386275213,189.8079855228438,15,16,83826.23444591578,6568.133838452843,0,2.239760855557598,2.3660137322746113,Benign
124716.9853030858,24,10,2148.1654407008577,1898.723108697311,1355.7203099291442,32.961258826923725,181.39638250969278,218.2436869748623,2,15,1,2,0,1.0067446735517733,258.4223287128142,14,15,60592.42313386982,9264.363457745289,0,1.3723796622607622,3.0590463895869804,Benign
232550.81525653,506,229,21083.12198964649,9488.391041486522,9048.658863943572,190.6941295155286,589.5579798123283,600.6852057132984,9,10,8,5,4,1.8397138454856685,326.11575448654185,254,172,20268.061401956395,63119.57862465047,1,21.54462518166782,25.99553185994332,USB_Attack
140355.71854200083,38,38,1098.9644803779724,1464.6100792324332,1350.8857155147252,18.67498679975767,251.37264989310842,188.3331373727197,0,6,1,1,0,1.0837091458052672,194.7102298200805,19,7,32909.38043049186,8125.611381821182,0,2.7879499278410877,2.3990955090182684,Benign
108876.65491613816,48,25,1754.6709121314123,1495.895796363176,1305.748586570307,29.243251673731542,214.18577984596848,140.00812557962922,1,12,1,2,0,0.5423350784904352,178.99406646954716,20,10,58509.74217444728,6423.477344066159,0,1.197876470752464,0.0,Benign
406335.21578306536,225,156,7422.3177824264085,17039.831367216717,10815.804784820184,213.95197342789453,704.5983563959115,458.3290755746846,12,17,4,10,3,1.2243347795924553,593.9590264913163,137,143,23377.13504374602,35459.06246994079,1,17.650170692809947,25.12317058002204,USB_Attack
577330.5422665679,180,207,20383.517315462348,16440.384958953615,9916.70315382936,56.334840543026075,514.094864447515,525.2008395153778,13,8,6,6,1,2.220116969835493,536.2468777093957,86,176,15165.522540051086,43208.88609592934,1,21.250001090024647,32.46876871844926,USB_Attack
103145.80369423231,53,23,1427.4345913846555,1314.270843248603,1557.987748123131,19.665949219332532,219.9605935211179,206.05700264770215,1,3,0,0,0,0.8018974086496535,187.64742677282737,18,27,69235.4522155572,7549.167438264511,0,1.8882246079309533,3.881501668306391,Benign
464027.02616157715,447,129,15472.469124825333,9279.510656301352,13817.146034151427,230.6692166733996,431.61408573245103,390.7117620392596,11,19,4,9,2,2.180196779706065,470.0067615554833,280,167,13360.407118283343,76360.16351244168,1,20.47568771219287,20.815282405753077,USB_Attack
446052.6412689836,511,113,14697.598417292882,16281.661516161255,14083.422290046055,198.0076246073922,404.2245987678919,569.1519911792109,4,29,4,5,4,1.7499033708828426,622.4077502090499,286,173,10941.20630969084,44849.05677404151,1,18.155937176987777,30.993656960846923,USB_Attack
307486.5715411431,257,134,19798.650621467794,8315.41211903167,8270.236429402294,271.66547960533046,731.7794541524322,338.3254992455675,8,22,2,4,4,1.3007674471973014,517.0141048040348,89,207,21308.672595142194,42250.66099060748,1,18.68439968694323,21.794531610850928,USB_Attack
378121.2203930735,294,375,19087.56581799258,7899.7763724685565,8754.61224388684,263.74092639818593,422.545745517151,483.39791944056185,4,25,7,4,4,1.4310960406154538,530.0767993495938,227,203,13299.435646901498,27780.968922161504,1,12.726859504567773,2.1432605076275273,USB_Attack
566498.4137508195,368,296,18863.78772595571,7660.588563333738,12477.72197902004,186.477567394785,596.9574492343465,444.53573921972173,9,20,7,6,2,1.4538943793895767,674.9198832561099,135,99,1.0,30422.1682343405,1,15.07646216573384,34.08613087963525,USB_Attack
174267.43626248313,23,26,1417.9161210578886,1475.3841831516602,1418.8905716941342,29.191295749997316,185.4609650715874,147.59867937976412,1,3,1,2,0,0.9678614403119108,186.69223406598775,13,22,50581.01226304886,5291.144957455692,0,2.2871616810489037,3.228304303452618,Benign
411031.6185345865,224,170,12533.241142040517,12281.826591275492,12625.316939438759,117.28587078131557,660.9977073204726,366.1514000908025,12,13,6,7,5,2.285604956070361,515.9675181918201,170,153,19405.66568092604,50420.063449008725,1,18.687489148642136,25.316378125601894,USB_Attack
71217.46534120452,30,33,1892.0734864557867,985.0182845775488,1816.9651288847456,20.17196867604463,268.18658958052856,207.36253699602068,2,12,1,1,0,0.9128154878625433,240.22314319623004,21,13,60696.40335629816,12706.850016248929,0,4.711386606974305,5.226611830822268,Benign
141745.640146686,52,36,2573.563139771384,1966.557944625093,1550.0224764447564,10.14588128598601,260.6986556241558,168.22008395215482,0,7,0,1,0,0.8291461667849539,212.4342965592751,22,14,13135.921610019817,7611.084042830931,0,3.497299667343368,0.10433697026273414,Benign
162663.1904977067,23,32,1059.3349696249315,1250.6995743523585,1850.6826309503456,27.3267680113087,220.4567240066697,198.6688292134455,2,8,0,1,0,1.0778785729195781,166.40800629445968,25,23,23471.680284112314,4201.190464716908,0,1.2368970543593978,1.3538669261369558,Benign
429854.65256522107,264,362,12524.754540896185,9951.222557133864,13372.36224062612,119.49142387424246,448.0109057845116,489.9127797746384,4,33,5,10,4,1.391553294348274,682.5965287126133,284,205,8895.202193848281,66028.56389608257,1,20.72905545539533,21.976207363820027,USB_Attack
123043.42291950148,47,35,3202.23124636804,2294.4102704221305,1854.15102115965,16.765688669596962,246.0885678579795,181.2649842677247,1,8,0,0,0,0.5844410103776112,148.31613306515192,20,26,70245.88379835688,11268.51592169527,0,0.7209251479164136,3.9437175284910113,Benign
413353.5761548992,150,84,20989.287656832348,7159.9685005436295,11474.4503687804,263.3151822978229,644.4124944449204,438.8422235426277,11,20,5,8,2,1.8810700494548354,651.1002866027193,234,158,2016.9839175604702,49656.17589731962,1,6.951578561115511,24.53866398071698,USB_Attack
128002.08503929924,20,15,854.5030950483628,1389.1321303133861,1770.9985383698654,24.52481135208039,226.733076865795,212.15245013314566,2,10,1,2,0,1.0933681079101802,229.82709382623048,23,5,58163.487273884704,7890.234871019423,0,2.289324496045994,0.0,Benign
88093.20811695847,46,24,1508.724928325917,2238.4079274724418,1553.6679133924852,10.876682892719751,223.43683678809816,193.22564895348947,2,13,1,1,0,1.1990057407135744,200.54544625803788,30,23,37617.16112727788,5962.758286616645,0,3.38757702405497,4.202178835872214,Benign
125989.05053734544,12,21,415.56338926781905,1436.216057615562,1785.3293329619867,17.842185154974974,192.41662133523843,182.27019225716725,2,3,1,2,0,0.7967118198338363,198.1359194898768,6,27,35575.28912406271,5678.132889865354,0,3.6854076520804044,1.2565113988560306,Benign
73163.91233433358,36,29,1920.4603562280765,1426.4985290091615,1142.398213904604,17.348261337569824,195.98816468554165,174.14983922789293,1,14,1,1,0,0.9601947553830226,219.6090424218141,26,16,45589.71050713478,10967.183031454868,0,2.524388772702409,3.5864597385674477,Benign
387434.6183152857,361,162,11806.061291186565,7584.171333968419,19222.395216656867,167.76126069847365,610.3636191909594,483.29198749232785,12,26,5,7,5,2.525222194887308,463.02989020665734,153,174,9300.125400067673,37813.194970147546,1,19.727555472351927,18.426633307647897,USB_Attack
150735.3802628007,57,10,1344.1688119156233,764.3248351675951,1620.204190730049,28.356114307573634,164.02671281261235,227.73450706609307,0,3,1,2,0,0.8897510383927005,182.0184534227222,31,8,44456.004420890065,5607.029952339738,0,0.0,4.18985998567466,Benign
96504.60414854497,48,31,1564.6380388742466,1425.1261809317423,968.193734739406,39.79138269793145,225.00009745719436,206.1992022264045,2,4,0,0,0,0.9793970675198092,218.09213933342068,34,11,16304.839005525013,1447.722773465187,0,4.374548655081713,2.670476094454971,Benign
85892.32255768697,56,33,2261.827077684456,1663.2643983337027,1689.8337011758083,13.55083364065211,218.57993195068542,192.8863393407609,0,3,1,1,0,0.7727888457276282,139.33133285984644,9,17,62543.92367410304,7953.756466962827,0,1.710890817703807,4.415422294719937,Benign
55319.308723500566,52,16,924.8922675769649,1637.4864336948476,1000.4725097272739,21.121780824640094,246.66874474892958,209.2547127370526,1,15,0,1,0,0.9684679962864399,169.9757598739988,19,19,52284.667396125515,5648.927740469293,0,2.62257604791898,1.840682086553009,Benign
427530.55047023395,304,265,12113.941173972722,12900.983349210961,15945.852350768979,129.93674613326556,609.0699044794005,518.5616723794981,3,33,8,4,3,1.7483861559159768,385.3737337649461,230,201,17882.69865781375,59459.886329421344,1,10.655423467945287,30.819868363662096,USB_Attack
535833.5154538222,326,83,13628.586118942432,16652.97271979545,12505.029513513075,127.27313399948065,392.6757673760406,616.7050014578292,4,14,3,3,3,2.019849808861676,430.8443051707346,226,86,9910.301032031943,34610.45882795537,1,22.712208537341418,11.845407590440502,USB_Attack
73469.41762955836,9,22,1423.8325812665908,673.2555021024148,1207.7054461468774,25.763581492876526,269.64629104084133,207.80602944718575,1,4,1,0,0,1.1794942812142466,180.25002258139577,8,10,52347.19385892294,9065.671248428036,0,2.5255256775799784,5.347381765582714,Benign
474516.92507628584,310,352,13276.12801653497,10861.077183889749,11149.008412443069,193.57581686258013,615.4986444445661,663.9782861041701,14,28,6,10,5,1.3904910289754255,608.8956399591793,200,171,4118.937837775535,38192.98135675551,1,5.339693962475643,22.143570738115773,USB_Attack
440275.5918870645,522,377,7746.504399471476,12753.703661596963,8618.36101816648,152.77770456257687,486.1177613326171,528.3072844783051,6,8,4,8,3,2.2480762951350446,518.9451917182408,95,87,20078.817286496538,7351.057825046417,1,17.054091663293775,28.237118887606925,USB_Attack
87727.92124064303,45,33,1907.156742960754,2388.1474023822857,1171.9273442564636,25.14520422356372,252.57602523229014,205.5220346230857,2,11,1,1,0,0.6066193501535742,187.95721852303606,26,8,63639.00373676269,7671.999143178035,0,2.5014640287211605,3.895728747913193,Benign
103362.82783078658,58,30,1725.3834574100056,1503.3658408930712,1727.1897835297323,15.356832056710887,268.3746703370315,185.33133728361963,0,15,0,0,0,1.003838214407561,175.66673356027837,20,16,58930.64305916561,2006.094588307721,0,3.9106988057014176,4.520616954754942,Benign
152139.13616788847,43,33,2074.5952471165165,1075.7987915342644,1194.3373986775073,25.094621753079807,274.4597356523649,153.48340035993408,2,11,1,1,0,0.8046212583180947,162.70068400203564,14,11,78033.26990139182,9416.935363574996,0,2.0012310074992197,3.5243513145434777,Benign
138088.10831265667,51,27,1900.1997502401462,1477.1745896600314,2415.189749893878,35.15597194564872,236.97486733923316,210.28507557162033,2,11,1,0,0,1.0914421938950418,157.68186136349766,17,21,94864.24026970932,6827.387215713102,0,3.1522210105540327,1.564659246779546,Benign
116099.21815504531,20,35,1903.3450362480116,1352.4900899928734,1456.208470667758,28.70454368860751,150.11536183387307,210.40040253306609,2,5,1,2,0,0.6377707528934276,194.01328143857248,34,12,59667.044810740204,4713.9572714309215,0,2.9967480441373056,3.879725182899335,Benign
757966.0975374256,159,192,9229.656435062428,8532.081697894542,4544.7457468451785,158.50633114668423,424.7025204895036,554.0610981990575,4,30,4,4,2,2.058416705166123,653.7976613712794,217,177,1845.2869917158678,75129.56791861934,1,23.848081455076652,19.29469020311793,USB_Attack
85172.64130839784,36,7,2046.295775822436,1512.1014277763338,1106.2632935144911,20.769873940772904,239.44043037682934,231.074632058053,0,3,0,0,0,0.46358876163759327,194.01581484611728,11,12,28389.49135355559,8527.71082708064,0,2.888200139202585,2.5058151139479112,Benign
120971.10302181092,43,9,1634.566799097779,933.0239845263103,1959.0321858793204,25.534941206758194,263.82262574405064,178.351900374151,1,6,1,2,0,1.023173619676133,229.46807754346986,8,7,74219.66314418332,8120.206098829609,0,1.4505215277087522,1.900666856893944,Benign
543361.3566889488,464,283,6514.448874889585,8105.228558101587,8874.617662951514,260.88963326459793,416.6572175902807,283.8424386769708,10,25,6,10,1,2.2356460355729073,355.58716970329897,259,101,12704.582745175252,49169.91084400713,1,18.048451487175033,25.24873064507607,USB_Attack
105904.90474503819,41,27,2324.132188195405,1618.3086911848573,954.4944768680127,28.713330742467278,251.8371691184867,179.0865246243441,0,2,0,1,0,0.9798707018294976,203.30326917663024,6,15,111646.02937516643,9135.11731716906,0,0.9557434942685199,3.716801155543545,Benign
133063.75007872254,24,14,1440.2822217415523,2122.4015434811577,1841.4850988511066,24.206249889491648,199.44523855964508,153.77182092344043,1,5,1,1,0,0.7799674960738225,230.561177445161,6,27,121141.81273126093,4953.831056439808,0,1.9701280727884007,1.6622075391788225,Benign
96586.99636066647,39,35,2475.5921642295,1535.7065478232737,1333.7704448887669,26.739010591511324,183.98089399065697,210.14109066472025,0,10,0,1,0,0.7101401802555268,185.26376278023642,20,9,55313.35615588442,318.7957047838154,0,3.865818514997075,1.451442598528102,Benign
538285.2579497605,294,344,9113.75736280005,7023.313333216727,16931.20927292502,58.55724968083939,362.2725232881225,433.90553403083896,5,28,2,5,1,1.6477253533742033,328.2130899535729,269,70,1.0,33248.8201432257,1,9.154647060888628,34.82062350934814,USB_Attack
464324.2894000921,260,274,20011.235633018063,13172.515503524819,9259.857981446794,218.2987416463477,476.0836427521353,545.0058315400055,3,9,8,11,2,1.4324430829506176,485.62790152657254,80,108,6514.535944243803,34728.172034682386,1,21.056975151414015,27.341942222282967,USB_Attack
32485.203579088018,33,14,1309.689594616289,1620.0563306076008,1609.785415523418,30.660478020367886,271.62979873948296,228.91396407678383,2,5,0,1,0,1.0153141331321667,207.77518717617704,23,27,106173.36924232473,7473.644797693088,0,0.5813438617466049,3.1214130582766444,Benign
577870.9158133618,447,147,7069.2024537453935,15700.041355428019,11821.544872528415,125.19453265390736,511.9386639166333,478.76357328887985,4,27,5,6,2,1.8553596801659913,582.2317894762583,217,204,14535.498784443553,46864.867174468185,1,21.363867783440913,24.886895226267413,USB_Attack
557683.5664833725,426,317,14560.078994704525,12018.59451799687,15822.652150920465,155.16210193936985,554.0107017459111,357.6550443806979,9,18,8,4,5,1.9620459653345943,619.5316958035302,133,154,14564.72309777373,41019.581361987315,1,16.376594717563755,25.75128404756539,USB_Attack
465445.1097262878,375,215,12262.447483912543,5506.435553219452,12370.604787287624,139.3503761388,655.2318299992093,501.37056492193733,14,34,3,3,4,1.51315028725466,592.200652789097,224,191,8594.235270845382,68964.2162793428,1,9.55281284302935,27.38040178874715,USB_Attack
150760.44102773265,12,24,1427.4012645892687,1738.4507473199615,1397.619998158417,29.064155331690934,212.7631666364093,229.39519344343972,1,7,1,0,0,0.9665628145839003,145.00829308023657,10,6,28007.57655245665,5606.500784545968,0,4.159859897807155,3.030055330828034,Benign
110481.39824242677,9,6,2386.781171877801,1836.7104042728952,2404.4694114432486,23.134979857095484,187.62093039933404,139.62138165130614,0,14,0,2,0,0.7755270982850796,188.5471062339675,24,10,66797.19997533844,9812.974590527827,0,2.009295841807384,4.350023909998785,Benign
76014.42052591374,42,14,1369.2205595610953,1291.8541912386784,2219.200988040885,15.24197797567554,147.8378294144928,208.45012610088673,2,12,1,1,0,0.9848440410332968,184.24138662773737,24,17,82367.59010549431,5632.95793180422,0,2.121273017139521,1.0213431451295498,Benign
335436.8863534156,290,357,9647.787915150875,19857.19064114955,15835.83295794154,157.3951928732382,676.55483438263,336.94712192222767,4,23,5,11,3,1.7209563588484418,413.8366068545255,288,141,19181.858441057677,43800.05927315296,1,14.866434839575717,23.095819561200898,USB_Attack
451816.14549825474,166,290,11584.083264232704,9365.715807783517,4736.302077409857,316.16360112807047,654.3718417902757,523.4675536658744,5,30,3,10,5,1.5524696320400926,452.1853317259906,142,101,17585.216446429604,20366.2292588647,1,14.75970670503512,36.5066127541016,USB_Attack
62354.86408354085,44,27,1243.1985841925612,1476.8978988584417,1228.9941040918281,39.386491383444145,258.910783059696,232.80970423688694,1,3,1,0,0,0.8414422700937099,237.17224452034904,5,13,84297.08139369226,10075.269951016115,0,2.604870497005816,4.1943646499374605,Benign
153869.73302886053,15,28,1745.2595451964662,2025.5812422055615,1168.5759859438183,42.33477964403133,192.6000526601956,290.29310400258083,2,7,1,0,0,1.0969742457479676,169.10770333959275,27,19,86844.08624560754,6728.22129254506,0,0.10409381394315043,2.8587208711020033,Benign
118346.93702873132,13,38,2344.568591956681,443.77182224782473,1186.629244783695,14.704477545737914,235.8469714747327,192.83528497553098,1,2,1,0,0,1.2455695262925568,142.7421084278123,9,10,46309.40414169627,11477.815907738492,0,2.1303332886014634,1.7170715203180607,Benign
84228.14008672698,27,34,1905.555371810565,1513.742237061827,2097.0818429103897,14.725330046982517,174.77160687953716,162.58652364889863,1,2,1,1,0,0.49279924656877316,155.7239379436499,13,7,41003.9853869131,11378.723772098361,0,4.06602533639531,2.6898707735511795,Benign
102506.54783091927,55,13,2423.7131684118403,1464.2266309373156,1402.4931506416624,2.094400699447462,236.80868679292558,184.595234767548,1,8,1,1,0,1.1461071151966102,170.9913104058243,25,21,83178.67190464569,7158.208476513244,0,2.902523847311582,2.1154724619535807,Benign
485772.31221403385,179,87,15641.582689117946,7105.073943929564,16939.920322677972,216.45276457993006,641.4446770473527,417.96436314957805,7,12,5,9,2,2.2148444365572995,677.0185429407481,226,198,13785.991018405066,44941.86338255881,1,22.33398380942227,15.1890056830236,USB_Attack
145986.75602575587,17,27,1803.8691672108098,1802.2952474643594,1809.7547147693726,30.25186149990079,293.33536622757435,179.8927628138337,2,14,1,1,0,0.9473381087655249,151.08272259332523,29,19,72952.12836633068,11312.289877703082,0,3.647577841982044,4.764491336680248,Benign
141972.83429288515,9,26,631.6293118213059,1173.974913624784,834.5888103864102,25.782232001006772,215.06263656207517,172.25528972060584,1,3,1,0,0,1.1703284660166995,155.08593413927417,16,16,45453.95859915049,8791.257727975357,0,4.1191102471857555,2.7909196839445336,Benign
481709.20679760975,167,258,15944.385840923624,14478.406989367197,9738.365236814047,154.65031962025708,488.4867734864299,450.0778357100282,11,22,8,11,3,1.5920329924706484,472.6517674878344,223,199,15699.690344560822,71729.48725448202,1,14.412547058766023,28.786588776594385,USB_Attack
107892.23644441998,59,11,2181.6670561922447,2331.9518584893194,1061.2513085308317,24.287730487001827,194.87876835540433,211.86731798675726,1,3,1,2,0,1.062957881850875,215.47918276572804,16,13,35921.30718744996,8182.17154326238,0,3.63073686229846,0.9717099337818533,Benign
94104.43012967169,43,18,1024.8742898573564,1954.488142292575,1382.2340317766725,26.477643960061645,189.35182184199468,194.9177318283096,1,14,1,2,0,1.1564994123468841,143.52283781965642,7,27,65439.31165394163,6054.621449582624,0,5.197142545038683,3.705985877612067,Benign
158805.2990537811,33,33,1636.653705706525,1758.5191226153022,1265.4317224163149,31.26180533503336,197.04636538467946,173.55191599720902,2,11,1,1,0,0.7622766518699702,136.83835816165956,26,16,62458.95822017095,8392.586455580747,0,2.4684249514249466,0.9804934508013834,Benign
79497.02645620737,15,36,1969.2403068445162,1671.349620589982,1244.8077015874971,27.18389531572229,207.2375511470405,179.8981250094262,1,8,0,2,0,0.6212093933892832,166.40390201496444,24,25,62610.933133001345,5952.57108558812,0,0.9164042216425379,6.42353446404809,Benign
168126.87314055042,26,7,2534.785347880755,1425.893989899596,1590.232722682546,30.31041035992933,196.80839963360427,187.58424350988702,1,3,0,0,0,1.2279857632360658,209.7208639841104,34,5,77186.34717995301,8969.294653615718,0,1.7860545827878394,0.5787587327986365,Benign
119001.15781449187,35,22,1512.490151772793,2399.7197694165457,1588.4853609570046,24.006953040687613,191.42557730261257,170.0172080724735,0,7,1,2,0,0.5487216528396646,194.2968013872466,7,13,37555.520373130115,3349.1413077429843,0,3.0620041271513108,5.514412881368861,Benign
85141.96780859737,22,14,1478.2561454584352,1860.9754341481075,1412.071764306406,34.451855151402015,179.44609668004048,178.78565010836707,1,3,1,1,0,0.9837299590759645,167.50078397162696,20,9,74892.3749330987,5082.85038531974,0,0.5059495990373217,2.972245991080041,Benign
99681.77447972167,44,11,1773.7771167522496,1162.7025387156364,1648.2737371964624,30.053840619547536,248.76262983765804,219.3090800181122,0,2,0,0,0,1.104621669278279,212.18291074610693,26,7,60454.320891992735,5937.618509021002,0,1.585498428351765,2.7441598062113446,Benign
333476.20074439095,339,101,20417.478950636665,8574.103782859256,9336.866959275234,247.81403224014133,532.2927658874985,732.6412491128723,9,31,6,11,2,2.085012330548843,596.3240199895182,131,76,9711.098873157342,50160.70050984253,1,19.463308379613316,20.359393275162002,USB_Attack
81761.44793953482,18,24,1722.876586301953,1755.0771008951713,1772.634347615771,36.11376294124993,211.08991618672994,147.39539122747945,2,9,0,0,0,1.0129265179986906,186.77213395132299,12,6,30919.992356635208,4068.5871575989913,0,2.631829649930725,1.6867673907711562,Benign
122844.80579191128,21,28,2324.6341744429055,1474.8588915547,1417.5203911369576,34.80457218172109,219.38271724887036,230.7484609719492,2,8,1,1,0,0.846996079085066,141.56953216910972,13,17,101550.86353501189,5703.013168620987,0,4.655812017803337,4.099151297308691,Benign
631879.7735537975,356,361,9187.745689222036,20347.741904735623,14415.875471015588,147.11545481537723,551.9764106363776,449.2983393724971,3,26,4,3,5,1.8136248333150602,699.9318151966598,96,173,14494.343868899889,37098.053158967086,1,15.634691967003896,27.328723458679693,USB_Attack
54589.01373785434,45,18,1860.0804666895217,1692.863774570212,1182.0964753188075,27.24574163989972,222.48572444177486,158.50601108758406,1,14,1,2,0,0.7583062808292704,248.70782681040924,23,6,52190.713615278066,10332.62912745982,0,1.1633645669675816,3.016676727261952,Benign
108609.70587455481,32,32,2022.6063551235095,1378.9377778598157,1403.4410158133273,38.2688925510266,228.0487316753837,189.0386298165831,2,3,0,1,0,0.7842111092810812,179.9112062333257,28,27,34839.16676846351,1412.5756306018266,0,7.141128754802552,3.350073062028799,Benign
65914.31410746352,22,28,1599.8835950470716,1738.7992164873615,2248.255702738369,11.933497069823407,212.32104866001615,176.23703512826634,0,5,0,0,0,0.9071091528343941,161.29619153939575,18,11,83950.39103868652,6474.461349337831,0,2.480175648152567,5.701503217580642,Benign
503097.09429733764,159,302,17753.260887359647,11347.335537564528,18014.361367976046,154.0252276196807,655.4186843826142,545.4947022061068,10,9,7,10,3,1.9176668224986892,676.0161416533016,196,71,13440.313385444892,47803.31717764717,1,13.636236717832952,25.630914798107682,USB_Attack
495983.2005231233,326,278,11812.213441014417,16581.084257463404,12600.212107003346,112.45579701891592,345.25444135968127,433.7752424799068,11,29,6,7,4,1.9711642301237278,601.1455047727073,137,110,16455.456643326892,20727.93276322937,1,16.309561575578915,33.595117289661985,USB_Attack
528537.4097648587,401,254,11845.64731704292,11327.707864089109,18809.15181840108,158.781968615414,344.2189825059345,447.8730165427916,5,23,8,8,1,1.7493515508714557,512.6080748273301,211,166,18578.103251543802,25054.246646137824,1,13.033739628077804,18.884131822400242,USB_Attack
397465.59481853154,146,376,20074.522571322465,11608.742683227685,13962.598400218469,132.33223572976308,575.2075132778712,370.8091764571873,4,34,4,8,3,1.7817639624973323,665.8496882650958,143,231,5978.661583836617,63071.357735057216,1,7.159175432909109,24.3327714467028,USB_Attack
121692.34701508713,20,23,1988.202285743614,1305.2031570685629,1613.5036017409882,15.056591812734094,212.73238090596487,155.5959641082382,0,4,1,2,0,0.9913743901747261,169.70211975341456,7,12,41875.91330749554,5506.7809345145615,0,3.1155552291711897,1.9758283110011212,Benign
127361.13026985996,8,21,1483.8041215753224,1260.47786702038,1257.7357798293688,21.02784151971447,278.64500606709447,242.16188503871467,0,13,1,2,0,0.7410959247104407,228.14730501200788,17,23,64787.52069368017,8556.479364614082,0,0.0,3.717706873029373,Benign
554310.3857973294,136,230,16309.077096125207,17848.493821003645,13209.26067321613,127.8742582437279,537.2051975801538,487.7939992751663,11,9,9,6,5,1.3749315286750208,587.2721283791641,254,130,17509.02380095687,61928.1121290474,1,20.827301535789335,11.678593681880747,USB_Attack
100381.10599089233,43,7,2412.1982399643884,1373.7424253755378,1263.6960973416144,23.318336949441015,288.9826595630141,177.57849196850395,2,6,0,0,0,0.8183660555927006,176.64599269670722,33,17,65875.03551813577,8278.408161778532,0,3.4772898798338154,3.064952052805324,Benign
448935.88194813917,311,167,9660.042715658274,12311.845995416868,15167.35982004417,127.19276994184945,433.76528809424167,468.5666324085615,5,20,3,9,1,1.565737028722458,622.8462729226952,280,231,15948.25701550934,27073.075724686354,1,26.267193622955922,13.45515987718549,USB_Attack
236656.40879339937,443,236,15099.333597812229,12677.533130179974,13858.476473645991,139.26461188435164,543.1733582569851,338.34440647356854,13,26,3,5,3,2.1440171746791123,695.1330197683728,116,100,1.0,28085.391957316155,1,19.29438811784408,13.551928970073526,USB_Attack
147241.88530553956,16,13,1890.4317123274157,1167.576388415498,1382.8374457138082,30.137979377870323,194.69125966831317,201.67223038272775,0,11,0,0,0,0.6776933782219986,222.24110474941608,26,19,95607.68497741544,5035.624024245715,0,1.1887088430716817,3.893667947803876,Benign
83919.1024229691,46,27,613.111973232287,185.55210838638004,2059.9983143627123,39.00508024111971,195.44513838306767,246.70262560004272,1,10,1,0,0,0.921136218795591,144.4399649470074,25,13,34699.26553157396,9596.80732893166,0,1.4892122617594985,0.9420439492562056,Benign
111409.01592404474,52,33,1513.0299181502917,1970.0292944720727,1567.2696899125356,7.872933034909746,238.65619997438824,287.5355252575342,0,8,1,2,0,0.9523913576421811,192.113497342957,12,15,72701.95664050031,4268.1299043620675,0,3.1594594770527173,1.1606971090480027,Benign
102418.45080073323,48,24,2280.513838309953,1346.1126461879364,2408.586376722253,47.4054755787463,225.00941293268212,196.2163479226585,1,6,0,0,0,0.9439140160327077,189.06626084544266,17,24,27286.45516880335,5877.725960383388,0,2.248550509006176,5.41688278705663,Benign
124929.61978145748,34,8,1737.4272056444202,1110.216114090604,1392.343820304793,26.629969831809053,199.384081740312,182.52410770877407,1,11,1,1,0,0.7026817366160931,172.88098121112824,6,13,61845.005268229484,9772.641069699936,0,1.7498718967985982,2.1120442975208267,Benign
100785.29784433723,45,8,1858.9563348330157,1235.0768522311644,1602.8171411842695,29.641793082390617,249.15709816635146,170.31772243937826,1,3,1,0,0,0.9311405460478259,172.72596441752333,8,15,11694.003412262493,8754.666643981684,0,2.3637587817444348,0.8769484300961756,Benign
111873.19118787188,28,20,291.80937673989433,1313.333780385287,2262.0597088195273,21.50990602282075,221.35699656246112,133.59276130714136,1,6,1,1,0,1.0835490023783882,221.63129229730586,14,22,53572.383096532736,6741.209336964006,0,4.082517311522311,1.5933230292481495,Benign
112916.09724666043,9,28,1603.8731909319242,2083.736890812183,894.4307133030927,24.971879001145386,249.36534353552543,237.44435154348935,1,11,1,2,0,1.0073923438350127,206.04034340696316,7,24,49269.30338300832,3547.597888350474,0,4.035994388654859,4.111782573914715,Benign
97968.36727826096,27,16,1969.1361119136063,1571.9600576928815,844.8999867273849,26.54010409704886,185.85854766544549,189.39518569810156,0,11,0,1,0,0.982295982981488,253.1990375050104,13,15,85448.31784081107,7880.055014965757,0,3.01135162676428,3.157975650534072,Benign
134552.8160549134,44,16,2032.6449376991698,2077.619383548661,1181.7967291162367,16.60723206130372,254.9815083802859,226.26067242410198,2,5,1,0,0,1.228536513540781,172.90621571275003,24,25,96706.49925744331,6361.541765456957,0,2.07348244567421,3.90626837117008,Benign
127151.65124512276,41,35,2281.177855667182,1722.399053675323,1825.3490757893303,18.554548493939762,237.5348449271548,232.2935651266646,2,6,1,0,0,0.9335582258077565,194.11403422664506,16,24,97201.73239524785,9249.084934725355,0,3.12569538996655,2.9537920448047474,Benign
454515.30040021444,399,179,21385.34558087072,19643.430094792122,10092.178544719769,177.5191835808957,501.18055080889013,383.3274258022508,12,12,9,7,4,1.8901203472949963,568.800997081395,273,216,23038.098920967142,73948.86022340218,1,22.869617225464516,19.368875825885315,USB_Attack
107086.24999614125,59,8,1717.1720936879253,1324.3392585558342,1738.8196226248078,12.58122523712623,254.21006752507185,172.0755741576443,1,14,1,0,0,0.7322516309074206,216.8825221608882,23,11,61813.1879898953,3448.266150954317,0,3.902737953215186,0.4978503651390609,Benign
143896.3209155999,20,11,1133.9412852950688,1752.7239378373206,1710.6826777955573,28.528312826508323,217.02663097522304,252.340606683513,0,10,0,1,0,0.9352054353884792,230.75238232846849,30,9,68542.54626633642,4402.297336762889,0,3.6405098530715856,1.8315778283721857,Benign
112924.97268557455,8,39,1697.739230413401,1869.1915331997188,2305.756093280783,22.035864725046522,214.21189107748395,197.89804550619195,1,3,1,2,0,0.61249132589113,192.8083480563079,22,7,68435.62003497341,6889.8142161845735,0,4.817907886357176,3.170474778532064,Benign
110799.08136522188,22,22,1169.2124688011008,1948.556708565391,1918.193970204949,17.314342804195398,282.40608474068296,180.1913738864389,2,4,1,2,0,0.8378034254540565,157.1567370568736,14,9,34032.99491092851,8282.79389482719,0,1.5373877940065441,1.3430277232524308,Benign
123140.70089664379,53,11,876.0649400972916,1382.3076698809157,1645.6200949991103,40.775454815755204,209.83010357163144,168.64480115287353,1,2,1,0,0,0.992834730325977,168.67365229800095,29,6,85210.37174863546,4973.893716892255,0,1.3884429385363621,4.376062895246678,Benign
170897.60048912553,50,16,1257.410314944711,1578.8426353820125,2043.653174061184,17.363979509908496,246.19517945932455,195.75632658796664,2,5,1,0,0,1.134229000553613,194.28182851840805,15,11,75181.2671387643,6027.938550544849,0,3.1615890068972634,1.5999042315692436,Benign
479254.81044633716,479,360,19331.1663357589,9471.003150300287,15402.74376476996,117.31196776119808,387.82839405738906,480.6262693168003,9,14,3,4,3,2.032249479650705,558.2046621996176,147,206,3652.911254815077,53492.405728113044,1,16.603780885992443,24.318944266528128,USB_Attack
143095.70679166063,16,29,1664.7193992433617,1327.215738328412,1315.9719781491192,23.504218371835712,154.83409219518228,220.56313945289378,0,8,1,1,0,0.9198155237937551,146.60782097100247,24,10,9807.630427963668,10885.075565660509,0,3.699182995074307,3.000926435749248,Benign
63204.86516285685,37,13,1909.938681511683,989.2769847887549,1042.1576891804552,18.85153092718319,177.04313157679164,205.45287038932383,2,12,0,2,0,0.8863527773162647,154.8999156523136,26,13,69960.47749135693,8719.97838995804,0,4.0812520425209575,4.065011352795077,Benign
454870.1172709485,141,294,13536.228017864678,13337.344564666451,6508.266396565652,203.03957356117317,602.8306673533208,530.273816698827,11,16,2,9,2,1.6364815455089956,621.4504576033247,123,167,20751.28756057881,68742.03624974491,1,23.68677181855475,27.51830014872638,USB_Attack
393148.8547698441,434,317,10376.784661430345,11555.06580999203,20454.061566336368,31.013422443932143,876.2886628569283,722.1785289750771,9,21,7,7,1,1.5250248359147358,672.8766618815166,263,205,17351.555604070156,51091.04792127602,1,0.0,18.251944298083636,USB_Attack
454971.33363108814,260,321,22861.938739150122,10234.216875306074,8768.163440433545,343.6765901103839,451.5985081207445,590.8176411428761,13,34,2,8,1,2.022981153702047,768.0185580084402,154,168,24087.683914431633,70809.1536302663,1,18.357343339212566,15.164544484987305,USB_Attack
125118.75235619379,19,10,713.9009300722057,2066.5398730074457,645.9217607652965,24.008873222051495,260.1082325487726,283.283589726084,2,11,0,2,0,1.1784417901064124,224.096123593033,19,18,30026.954485013208,7177.441447314117,0,1.8796485987268503,3.2594666024768526,Benign
103186.51593590774,9,15,1522.6036616041708,889.7787560694206,1412.1758660304022,19.3827063752622,233.69410543319452,192.57730533219475,0,6,0,1,0,1.1487993432857564,183.36034557369015,18,7,28448.72464457498,10392.331474504219,0,2.760658001352642,2.130593938572698,Benign
120931.41601465663,40,17,1772.6925595749694,1231.1947437315077,1511.432707819778,30.147224341434644,192.86678527830705,232.9408549147758,2,10,1,1,0,1.3286578377140845,181.06564057881616,12,12,63395.31923406189,10528.978866215799,0,2.4358756028883235,3.953137812556107,Benign
112438.11553789931,36,27,1915.2448217149276,1338.9618763215367,1719.014977951936,24.106457867966846,240.80057635158173,188.21010184873617,2,6,1,2,0,0.8978855601137552,231.04881464764767,20,25,54835.42000341804,9066.200745248556,0,2.371871847327938,4.897538932925051,Benign
96420.70176205934,55,26,1436.765197735565,1857.6226645379897,2150.72035300254,21.035061503560172,225.93627863254872,227.08545309258264,2,6,0,1,0,0.8178621081024396,158.11070034119442,25,27,54526.94987437818,6706.185965705633,0,4.688700040221109,0.6493039070708702,Benign
111303.7315357539,37,33,881.0192584725128,1262.350259075175,1574.261414178108,36.83994959278018,199.85546982676613,192.54838449305672,2,15,1,1,0,0.7064475983620756,152.0804638637517,18,5,93636.3281465268,6906.999237462795,0,0.8895040952803204,2.3966953433149607,Benign
125951.43481879319,34,16,1399.4533538322808,1306.6204492736376,1136.1748495009128,24.02950431686839,236.53817555134015,213.84104947751064,0,14,1,1,0,0.796112355069678,238.87637548561614,28,19,32369.867223158224,3726.3734388930516,0,2.494026124646203,2.237454916318479,Benign
434944.3668610212,531,190,11901.911158839224,14645.419630603046,12064.073355259829,163.8004217676462,495.58472667485154,406.7620990333916,3,31,3,7,1,2.302702928064134,407.0056435373131,268,160,19296.824250880687,71476.79370174646,1,14.140883298877828,25.774477150369748,USB_Attack
95811.54537945948,12,19,1413.4532524224599,1717.5332921879665,1774.8043832449528,34.81470757687512,198.82498071894284,228.55555404143823,1,10,1,0,0,1.0737050176921155,210.39114250653012,17,17,97270.40183597067,7782.401023840475,0,3.2719609513970727,5.04404119919139,Benign
79192.69687223477,53,7,2285.029295103802,1427.3704164315504,1152.3650562090347,35.301382683406345,213.7746979252957,214.30523338069554,0,11,1,0,0,1.0351029489269497,180.66747774047326,24,5,53133.97105865617,4418.432508231814,0,1.183393223883088,3.102760009345699,Benign
131721.75078266687,50,31,1193.198610930429,1205.6797342591817,1846.7347908645388,30.529262464888806,269.4748497439749,176.75891623464827,0,12,0,2,0,0.767106463557503,186.80204721927825,10,22,61458.329716803266,14146.800577362206,0,2.1412178291524993,2.590935968330145,Benign
136359.69785901182,16,24,1950.4896372190794,1383.2190489830566,2058.9680608650274,24.994932024993883,268.33107356243767,205.6468611350968,2,2,0,1,0,0.7681850185089303,168.88702799953063,30,27,56147.957092211305,9446.241732199609,0,1.785079922982171,3.623505157452134,Benign
408388.9042496472,486,224,16158.905860837891,12770.543351210088,9862.626518590985,246.60730732661497,384.6435202524789,519.5824555975055,3,21,5,5,5,2.2588068876937273,387.8830963132219,121,196,16217.718034939251,38858.200677677014,1,19.082664384571512,29.7655392200097,USB_Attack
148955.11478185997,26,39,2280.227538735835,1047.8008912560706,1721.557023503585,23.04703905213369,222.004350526055,226.60929044711096,0,3,0,1,0,0.7336014031115836,214.94118794418787,15,14,14789.08292389389,13340.899106976633,0,3.8949736493933154,0.0,Benign
532540.7890763653,296,272,13332.33394543729,10445.623143452154,15653.688487457686,126.11647467928631,511.25228743814426,472.72715861257996,5,10,7,8,4,1.150482746784927,695.4645920904676,101,199,17960.702013825714,34718.83415233127,1,10.78975431919349,19.981903786725233,USB_Attack
534098.2653672864,284,284,16394.72451725574,10020.016157142165,14695.410872045686,171.46083772895625,460.1145584729542,305.64823762703236,3,19,5,10,2,2.446647871989604,368.13736945281914,87,215,11363.991565591996,64978.318936216565,1,11.63144330690186,17.48310873288577,USB_Attack
129115.12276912689,51,29,1713.889930952951,1534.098672608486,661.4482252358177,26.955724531080634,256.27196605787884,249.90595960651126,0,6,1,1,0,0.7534802121792383,209.87186991985155,5,23,38039.52371373853,8227.844732656835,0,3.6371536276501018,4.503175126801497,Benign
117253.79941745376,17,13,2017.1962632924,1801.3893435203627,1158.5391820825182,31.60419412966902,246.31830497465143,245.68688208109975,0,13,0,1,0,0.6631028879848333,158.5467316411153,6,7,67559.01843051791,6799.427775211524,0,2.0981738922219244,1.3816077978456087,Benign
104075.34515611058,23,29,1048.5294563763796,1680.788359502559,987.9277976998308,24.06398758822429,140.38442490182763,204.48939795337859,1,4,1,1,0,0.7622161169315135,185.65767969092522,23,7,77300.32863879498,7123.951952884258,0,2.1396591257775617,3.8500213809104897,Benign
186424.57847375734,50,31,480.8609618544456,1484.0994514677232,1709.3891020588203,30.318601295628202,221.43229277295288,216.96533364963418,1,14,1,2,0,0.9835263228069627,176.54816025202908,19,13,69942.62588717975,11735.294433073133,0,2.1625361188033914,5.145874445381495,Benign
106441.47060439474,55,18,1988.7734267829267,1343.2653963831494,1665.3306493941989,13.979943497108446,215.55049520883193,182.34628346176694,2,7,0,0,0,0.7180744011918403,212.60302367680944,10,12,99144.12762123958,10278.198184389614,0,3.7892448187058836,6.5428639372712345,Benign
100023.6686663869,12,17,2015.5915630196148,1874.2011101177184,420.84324882374995,15.64587512590744,243.89854034052095,191.83458418110234,2,4,1,2,0,1.2108820723426732,203.84762396039685,16,27,50466.08564437955,7681.747312160551,0,1.8378147067360613,3.6705052636977467,Benign
415825.76264778175,439,274,15310.678981131368,8753.284803006858,12310.521448011817,173.19622457736295,314.733700457796,458.78314022791704,8,31,3,7,4,1.8183661971700513,779.4853809345974,172,161,5208.590500241087,57001.685206204595,1,19.277977630151042,20.324054519850456,USB_Attack
574666.9374474768,196,90,9092.300363386828,12634.678572884044,11619.752390841975,172.18292428509798,751.6760053202565,613.8993129776644,7,17,9,7,1,1.8106025117222349,887.777425188811,257,107,19621.187545812518,45990.15075009491,1,19.20108568755178,24.42190242573077,USB_Attack
77856.25357169018,38,6,2544.8611261051865,966.5377648585422,1559.190396489649,18.8197952977712,241.6794528634146,196.86833407232575,1,14,0,2,0,1.023942218327624,134.0295908956564,20,7,54816.44468226177,4759.165148459018,0,2.8960541341218433,1.4272406382671583,Benign
153680.34763691216,11,28,1570.061092131489,2087.209958029948,1558.5067677999446,17.77294499863664,192.92475715189624,150.1889826003486,0,14,1,0,0,1.2243801561263852,171.90609328180747,7,13,84934.77689166491,9400.341714690105,0,3.583229984259061,4.3822643396114085,Benign
543869.5679074088,447,256,11972.502733841959,12156.898093670095,13590.60518030209,162.3645645810708,783.4293890751328,487.91071842064906,8,18,5,8,3,1.866139323797842,597.3194469808318,280,81,7538.715497228419,44548.18440748118,1,23.760776797869536,36.27198740482083,USB_Attack
86672.06714352839,43,23,2097.318112502039,1160.2367081048246,1076.4236235701287,21.595942446418974,226.76643239163366,230.66384811578823,1,14,1,0,0,0.9212164534557516,197.552031658633,9,13,33577.02054979984,6415.487047142138,0,0.6410446757444093,3.2174880751163486,Benign
155663.52343061622,42,10,2659.3700798745554,1423.802536454187,1493.1776704438064,13.535271945570699,266.8469996172351,199.76246795272027,2,5,0,2,0,0.6197211012952005,206.5843059653459,12,11,76513.1038185048,6340.980096710438,0,2.1439637458961784,5.002838487747999,Benign
476369.18521193886,250,346,17733.1438711886,10241.058175770204,15128.819126320954,135.74728938580108,378.40552862601743,476.37573263100523,11,28,8,9,1,1.8171231800769951,533.9432384829213,131,163,19852.77775385603,19174.411688071155,1,11.500055135671714,30.7780339156987,USB_Attack
82063.74024156257,57,14,1473.4035468854236,1743.2088828126282,1746.1018081331822,24.703915036095392,257.6391424126374,192.41021706754708,1,2,0,0,0,1.1280023126158525,150.55120405310203,17,17,52899.4804809972,3407.7042054056346,0,3.6062426903390215,3.9884970773871062,Benign
173315.48520773172,52,34,1050.9273077923385,1385.0761146655796,1778.5999697181846,16.33469557651443,222.21608821753517,158.1984136289756,0,5,1,1,0,0.9438943384027124,202.20315362775872,13,16,54528.80326180532,9918.180933121757,0,2.2611856247439057,2.930740716142914,Benign
139763.92105098578,46,26,2576.1835033312364,1876.9496400950886,1534.3445676652964,19.6413163125356,272.32773083240414,181.71142902389744,1,6,1,2,0,1.3625339079215775,193.8418550051138,29,16,76176.40957352199,8889.982010989508,0,2.504570891763041,2.426158455071154,Benign
447774.35973859427,282,327,20777.7535626038,17470.947555322986,16260.69448492517,215.3203142557927,669.9594442791849,527.2612661556241,10,17,9,5,4,1.898966954013559,464.3462602335606,293,193,7016.5698141383045,52592.4895536129,1,13.927564582179334,19.75352748490355,USB_Attack
167706.5641686534,43,27,2026.5305529471511,1242.1628405072815,1350.0301327456916,23.598032301942393,290.7783726440472,126.96580751391396,1,5,0,0,0,0.7919175193297354,181.13794335782444,6,17,56491.27924980782,6835.07408902729,0,2.0524219854638113,4.727101817494526,Benign
485897.93227470457,205,146,7108.468626361653,15333.428974062503,14965.592146320401,252.95984225566033,604.4316899165973,274.0403217545779,14,23,9,11,2,1.5458947574124804,849.009904712183,185,176,15206.523225667801,60397.90825271152,1,26.779018598420013,17.119162198924,USB_Attack
119157.50774687904,36,29,1962.5223705931496,1684.605679989729,1690.8214677672822,24.36456033894234,235.98157223379116,224.88708835564677,0,5,0,2,0,0.6073210394675208,239.59626470252522,8,11,14962.80600314412,6855.943359243662,0,3.0886105978363276,3.038983981388778,Benign
564997.4281686245,168,185,19667.564911331472,19022.42442961291,18721.03216831266,176.17290750130766,632.3406480173664,305.42454034663854,6,22,6,4,5,2.392534750763497,551.8579713445162,288,111,11404.286014281011,51278.50173526873,1,20.27043270373562,20.12586384261433,USB_Attack
137455.51317921234,11,25,1702.0482125035119,881.0226809638636,1698.7726062719453,21.540616447903155,218.67000475981524,176.64709468484224,2,9,1,0,0,0.6565981589428284,213.70361317864996,22,20,39171.16121631434,8165.759324480283,0,1.9122735939958277,4.511489391405524,Benign
134298.0890197194,34,7,1312.6087955756734,1881.2226718812763,994.2194606868288,28.411488322079137,212.66510729243322,260.9721850582258,2,4,1,2,0,0.9032221778315248,157.7057874167665,23,8,66846.25887317109,12471.364457216645,0,1.9550956191482374,2.5703636092939277,Benign
480719.4626593932,381,320,13696.669186141582,15511.124303083532,9616.25379331565,54.01851812217683,426.9211489641577,507.6527402284064,8,32,4,10,2,1.847426705116887,533.7986472557845,176,110,8185.6365036177585,41470.08538552731,1,21.85317782982839,26.553221001686467,USB_Attack
96300.40938397191,55,18,1598.7051986226963,2216.4538415949573,1784.2009654654566,34.56121843769343,218.28457943074517,228.02907233095928,1,9,1,1,0,1.1410219300539315,153.65226254396345,16,18,40005.6030894116,9301.830884786406,0,2.8238516440880885,3.8619695320805483,Benign
575788.0967622465,488,186,20683.30027316085,13831.295930915578,11248.386673900983,211.11013264831928,394.847639284248,354.6758095951119,14,9,5,10,4,2.1451868781417422,896.5870818996104,270,200,13678.181805735865,59253.91520425203,1,14.492113963614129,17.856854319183654,USB_Attack
391940.3207962709,252,247,10342.52548968275,5578.615539202267,13678.14081466811,174.41188218289298,428.96011247934973,500.1425203527121,4,29,6,7,3,1.9814478950879162,637.4577765750921,122,112,24026.06649818141,42341.077351039654,1,12.94179896766693,10.630187409302192,USB_Attack
733300.2707939545,336,217,21358.312239584455,13610.053189695369,7063.816348715016,162.47410400271696,491.0845205945056,523.6387264457966,3,28,3,4,1,1.2630965568698054,480.70126215768653,212,183,20494.435646960974,48698.511512546575,1,12.3742943807097,27.97627161097712,USB_Attack
75845.62946027443,53,22,1949.424022219197,1061.0598658301976,1059.2920871744575,5.164619467490596,223.5096091030893,257.1603981340186,0,9,0,0,0,0.3110718403252528,203.73495954884294,12,16,84374.25163125161,3434.9618949134056,0,2.5060674013868574,3.0942712014074325,Benign
136954.60136429308,52,27,1687.2639826498807,1280.9441774587306,2404.545929916828,23.431919691195514,167.89100035292392,149.49449226168065,0,14,0,1,0,0.9076931117825715,191.22464221209358,6,6,82239.59590624728,8883.823068350435,0,4.256342875934863,5.993290071585719,Benign
41943.350548449336,20,9,2178.8189147578714,2296.755424066642,1254.7180240402677,33.730033423439856,277.5508717428196,198.9404793143886,1,15,0,1,0,0.9435214982993079,193.31556789000268,21,23,54765.76626753764,4699.710154734654,0,4.228224028498321,4.255874767339262,Benign
648942.2827798479,392,311,18839.815504682072,8266.501338239794,18825.799049465655,158.5657892003616,755.3314946150813,535.560872016898,13,15,4,6,2,2.4137565145299424,516.3379827820664,239,192,22237.298928903445,28067.846782336805,1,18.275415317138375,20.278845179042115,USB_Attack
105657.50826738526,33,29,1937.8453663710238,1143.731382541157,1426.2104859709136,24.308103031919348,200.42131760731016,187.12168294063255,0,9,1,1,0,1.000018376078036,159.1735881681928,23,24,52844.020980485024,5358.767134716215,0,1.9115936093390635,4.118349105693341,Benign
335544.9618896469,353,137,18007.73935282026,13026.051173529486,13197.928986701936,133.05945530994703,559.5958688237475,478.4539130814115,11,33,6,7,3,1.9251297339243076,381.4038114365442,266,164,19050.49251597392,36992.03777583133,1,8.31868483731331,32.9225942439551,USB_Attack
105195.95372538373,45,38,1866.9673718793283,725.3868541435412,1206.0525972693936,21.927957725241544,234.60112787921287,207.70663047557173,0,15,1,0,0,0.9999319939921991,232.0129484983517,28,26,107601.92488614233,6502.2630004473,0,2.875972648002353,5.05292011502434,Benign
139784.52642755688,9,21,2135.1107284957957,1258.591585146569,1507.53455141868,19.270881407840804,169.40965883743067,257.7641859332834,0,10,0,1,0,0.7795561408453988,237.704761105945,25,25,76494.8348035428,6377.598186840499,0,3.371690802444323,4.149754279080233,Benign
108092.58476286626,18,36,2176.5561504388875,1214.840407137603,1821.8997320682265,21.25470611818905,193.8734717269233,233.00799227888308,2,14,1,2,0,0.6081895191218702,173.82055340767332,12,13,80693.2645461046,5623.9771521149905,0,2.67631161206716,1.786876667366705,Benign
123412.4446045843,28,39,1881.3593675164016,1399.1771821944815,1764.8308546783292,16.020279801311077,168.1726138554613,240.9410731336647,2,14,1,2,0,0.8907293429661274,169.54216862346428,24,14,53740.0222285772,9135.722953390321,0,1.8389141570710756,3.3337063880966324,Benign
142105.09592760153,18,25,1689.8027532519422,477.5172898038669,1940.3047334631533,29.979160253628294,241.75995721628962,164.02507340041296,1,13,0,1,0,0.6946950647982465,177.56665113346855,21,25,84771.48854408578,9860.486893796144,0,4.481924421745976,3.5860759419560804,Benign
106123.3285102626,14,9,2565.1989007269544,1458.74328222906,1305.0111540793741,27.307854492868874,261.418295964601,175.81742227948843,1,7,0,2,0,0.7542950316558172,222.22320832058494,19,25,29854.970418833054,7179.61613171161,0,1.9738881225375309,3.655351919221065,Benign
149896.64653495213,58,18,1561.049230113283,1962.4783988161985,1533.9233491399243,29.87983557098441,177.23566845137202,178.2892563539068,0,10,1,0,0,1.1322962482040317,189.99423785896406,19,21,54599.28414429297,9537.135643537713,0,3.390194243986316,3.446249196278919,Benign
454431.08951752953,241,297,8602.235211689524,16669.719036426457,6381.876484768307,126.91865122168068,421.09679935491084,463.787463557962,8,8,6,8,2,1.627896556298523,501.6060024761921,123,132,15321.937274845079,37530.64570530481,1,7.528498515350989,27.492490604257082,USB_Attack
128837.78527675137,30,25,2006.9542053695332,647.4992334372873,1217.8977993124195,24.535416165285973,252.5772560513632,170.98471141604574,2,14,1,1,0,1.1285412214460788,200.91585034236476,30,19,46210.242179059824,4531.006900366272,0,2.4217997442956167,3.586635527016851,Benign
658403.427013103,397,224,15528.972540675451,9470.287804887303,7636.9437708500045,212.6872031029724,504.3266702522481,405.26839243618986,9,19,2,11,4,1.0253613132642998,544.3499794443367,237,224,13744.97536990394,57588.693437996,1,17.2774406479173,26.450774545219375,USB_Attack
484186.1853193267,223,116,13652.025267996303,10426.878875815588,5700.120867899421,157.86123275326926,820.6374356414098,541.3992567716991,3,19,6,10,5,1.8290698664898721,784.0779759430756,244,100,23702.450590596756,43221.015011935306,1,11.531378657190388,31.26803496415809,USB_Attack
485757.9940231969,256,228,7481.658156870438,8742.990425757489,10729.447484711529,203.94652435048988,479.48878354622417,376.9907299062243,4,22,6,4,5,1.7271459516875611,638.2463608740733,215,75,8623.597115208711,30820.088204421052,1,15.782782586052319,12.19718287927377,USB_Attack
97096.82048068018,25,35,1553.891573412196,951.1023894555959,1533.8200865657793,16.19577870805228,199.16598445819227,195.7330427100163,1,4,1,0,0,0.971123790247658,174.51780363622208,8,5,44158.5274502097,6983.992334561711,0,1.9133995668026356,3.1337428777329066,Benign
78625.52245954236,8,18,1070.9347191805673,2257.0184619270062,1184.6867396860143,24.16273974330722,273.95847963832176,215.89664049677194,1,7,1,1,0,1.289498089624908,189.58899712978084,24,17,68896.27914014786,3596.899221863032,0,4.276087023372395,2.648739161101148,Benign
450397.21166999603,159,247,12591.414702971437,11974.9316848478,14202.905642217229,57.470725702610224,600.4736902946115,485.7912012674837,9,19,6,9,2,1.9658598414347075,504.52326833790244,211,74,18837.604963120564,37266.92003683841,1,18.16494075282491,28.681915579470267,USB_Attack
139813.27699645312,31,23,1933.111492317281,1444.5841698153547,1557.9729008306824,39.11449548005994,184.76102084033937,228.77775199759935,0,2,1,1,0,1.0345216738387795,163.2376481428467,8,21,63856.300914369254,7352.725730570894,0,2.7044352783127876,1.6558205493888145,Benign
134937.68802808135,40,21,2432.971792074299,2216.72118020225,1458.9104005151485,16.510984254977565,225.17469942331792,146.7900012427254,0,9,1,0,0,0.6471414754701443,188.6482822503835,15,22,72231.24120224014,7804.430998209032,0,3.7332095474218576,0.5715196808744496,Benign
123067.69978942248,25,8,2077.195667586817,1492.7785691624933,2129.0943799176957,27.65140943093362,174.6628315197046,170.6299176439867,2,10,0,1,0,1.0356697520265552,144.50828080720044,32,12,75477.49191677509,5828.86079042824,0,2.8866624956258358,5.7535818618727355,Benign
86311.28852678611,55,10,500.232750814881,1680.13653292441,1903.9822227265445,16.273853178573113,238.0019017572222,178.05878301584,0,14,0,1,0,0.5561788300405848,145.5283436309372,33,27,34822.8771948345,9370.981089543962,0,5.448343025094037,1.855495725030123,Benign
337682.0296640106,443,224,8410.923765184783,16509.451180073233,13380.998120411561,93.51124809897838,585.5155714634944,603.9543181906041,3,21,6,4,4,1.981152598920669,600.9888446307807,240,166,10632.909577659844,64865.411001036155,1,11.08137041721156,17.919212518197075,USB_Attack
83258.85667048379,59,25,1520.9241070521412,883.2740707255274,1194.741526912199,27.21455162953784,190.86166909332985,176.2075305773842,0,7,1,1,0,0.643475236654689,211.04745746372956,13,14,56413.49006120044,6897.654643118049,0,3.879583749996863,3.8520255536308285,Benign
654678.0245263681,347,97,9091.999700601193,10314.178790926764,7573.576951050074,258.5494716664831,831.0336457285704,546.0677201548723,9,27,7,8,2,2.160182984357339,536.9704079368223,203,196,5796.231526948661,70086.43065686797,1,16.93488610716315,24.1793596005479,USB_Attack
544910.2835519813,264,116,9304.0472742278,9285.119712489028,15690.525326618646,212.60300634323937,620.4849141268743,425.52832045602105,12,27,4,3,5,1.845203485714642,550.329722721934,204,197,12523.386596501896,42065.92392978044,1,5.932754978562693,23.119704754283134,USB_Attack
130993.53439714652,26,23,1703.6561869565862,1784.85942672913,1096.0458255711224,27.661776865855757,296.9225646082564,179.31189721747148,0,15,0,1,0,1.3900957989469083,182.82931969453523,14,14,39499.88001153091,2409.175394088309,0,2.0655077045385055,2.6052643262633532,Benign
137493.2440697323,44,8,1748.8821360189293,1623.5406766999724,1545.5438472602095,21.05048343041154,183.604707297716,229.92851231205503,1,12,1,2,0,0.8817418971084898,143.13057363326857,21,8,74951.92869417451,11378.76241717986,0,2.0714627895756665,3.4989318979367927,Benign
105214.20693313322,46,10,1788.78784586511,1060.6319744166601,1644.3794857394719,32.073172278523515,199.11877856496383,188.20146286180827,0,7,0,2,0,1.0545079410950897,225.51658238645257,7,24,43323.39617310386,6396.729523447625,0,3.095958054878534,1.925601788095529,Benign
65693.60036739551,24,22,2472.202486045122,1910.0628604427307,1375.4705394066775,22.55616205409916,238.04362997630756,182.28690088279663,0,10,0,2,0,0.9321740120333355,184.5112764937534,6,27,104926.48905785214,5974.8056299484615,0,1.4580864314564381,2.752877168815711,Benign
101918.41910909333,56,26,1790.1699064574564,889.0380265587938,1099.1184941690562,24.219556307579428,260.9076271908047,226.87446942485883,1,15,1,1,0,1.0377796119931295,184.83281213565834,5,9,53871.74982432235,6954.344798716278,0,1.8093414482348935,2.9478472612129822,Benign
549499.0329617255,549,130,15937.090898558257,17561.90675852591,10738.426213938968,94.95690418630548,511.96757224139304,524.1805863398994,7,25,4,8,5,1.333522072828061,682.2710746249155,195,224,8634.517238525757,53048.848142799114,1,19.240097941179666,33.58654318629638,USB_Attack
489163.85517929686,371,210,14815.372316979521,6244.309630227747,14267.940722929208,193.9072887913436,560.1216905136203,460.58315204985604,12,10,5,11,2,1.7048991325864975,499.33849783225537,135,239,14783.981049227823,51159.200418094355,1,17.923406936876898,28.393513827108364,USB_Attack
352862.30796589004,246,239,4953.074750314438,14961.771757763156,12978.124390846197,257.78184790878055,477.9110751587381,461.6787664610488,10,28,5,11,5,1.6857778685026628,476.9685161642223,108,87,20519.613117364912,54826.99312235914,1,24.84279067017935,23.366607089710673,USB_Attack
361647.3805016022,533,255,14869.97924995974,13357.45831770252,15513.778120899791,159.7101501137333,539.144360838529,484.5332320059843,12,30,3,5,1,1.8304873052964106,383.43016522714623,104,134,14275.154557107195,42299.273403908024,1,12.920981909854936,24.76115945046907,USB_Attack
131390.62741841952,13,32,2358.3163280808035,1296.9433822872554,1496.3496026109485,28.752245292449395,173.19912770026704,258.74410804768166,2,9,0,1,0,0.9834806244158003,194.21595090464,9,18,39813.513562565524,3014.0024560276997,0,1.229661601747867,3.5138410263593385,Benign
524230.7330945631,531,208,19391.80039243454,13745.19801070618,8975.69209107636,123.82183506172717,326.97496882999394,469.8092820498258,14,14,4,7,4,2.1742719852926027,500.9967223516327,159,234,19256.29285850327,22947.422165228214,1,19.263103826009097,11.641192919973557,USB_Attack
114813.86752669691,58,35,2157.8636405373863,761.8370817480991,1542.7832175468823,16.449831215315836,222.05852569938594,228.67743898287173,2,2,0,0,0,1.1623476659597238,180.217615076467,13,27,71869.80882567551,9373.950565219307,0,3.828539166532025,4.676241234109693,Benign
148936.52046718,15,19,1313.7335833797933,1535.1138264840379,1767.1823621179658,13.578888777977118,255.28360010924507,208.3773418749507,2,3,0,1,0,0.7903761897806553,215.89882146434738,13,16,68883.35749347685,4140.070967625857,0,3.9636458119414986,3.0275120969548923,Benign
119029.88643914353,52,31,1207.462978348372,1572.9057383946538,1362.152117576968,11.634318818861603,232.40218402787227,211.4897307604872,1,11,1,1,0,0.6923526394487364,165.31180878622064,33,6,60946.50226097385,8468.67251102894,0,0.756815279657417,3.606502503559835,Benign
135920.818140742,30,39,2788.1943684155995,1855.3003143886106,1860.792518070366,39.101813741834206,253.16388030086785,192.48373226518754,1,4,1,1,0,1.4401040157252867,189.02805023097415,8,12,57924.83880275592,9613.193564991823,0,2.9218635033447815,3.3068580958573577,Benign
114119.87106464953,23,29,1321.508466580943,1909.8183809963239,991.5412902573764,7.297812712846994,220.9353517546542,190.91853492971305,2,2,0,0,0,0.8963099970764244,190.8179045806505,34,14,78621.73441535122,3828.830166558837,0,1.3740944224716543,2.0656934673949823,Benign
109735.41327803858,11,37,2373.0533195258736,1411.1601370509152,1968.5214528465656,34.549787991816814,195.32689185720506,245.83965170485678,2,11,1,0,0,0.8579788279428233,188.83946593374498,30,27,63889.30610323686,8741.742576523058,0,3.4259553045415108,1.4849216024947247,Benign
77792.57503194414,43,6,1859.2101607182606,1750.212543641813,1496.4190640911117,18.433047909620214,213.5687516145299,227.91380209364698,1,8,1,1,0,1.0495950788620059,222.07378168870412,19,25,81260.32789266526,6244.748124031712,0,2.8860306207700086,2.0193296551759947,Benign
60667.52812898616,45,11,1589.9399708199142,1184.7125094690587,1480.7950592993086,34.491527776958435,244.34310716142238,185.00957124196853,0,9,1,2,0,1.0630928245388422,255.64614511665175,25,11,68621.68366977025,9409.69772592208,0,3.1225963897662314,0.8915586940971503,Benign
112153.14296800795,32,27,1777.5855578348967,1741.6691400123086,1222.794270214059,7.379679776676401,256.1396759264374,168.62371577931714,1,4,1,2,0,1.127825337078452,186.70488858319143,20,8,74304.5113628288,5572.515341842001,0,1.640067195562345,3.4875541691835688,Benign
121694.90075979698,50,24,1149.4527517343445,1271.7455648169484,1008.8599477946345,23.11924878493374,214.82438604446537,182.46578799858005,0,5,1,0,0,0.6334052999914658,204.11072901481452,32,5,84938.38805803392,10709.832535080237,0,1.252186652166676,2.772145440449368,Benign
534966.7940216574,268,268,7104.446999085431,17351.829320839006,17706.82663798072,210.25828416971564,502.3247936858684,328.02423596137925,10,9,6,10,4,1.880385671321271,686.738959115924,277,156,16509.694199086083,46279.610387940826,1,16.60258004916981,18.926226884579236,USB_Attack
118965.75404896101,36,30,1258.6298430520203,1670.3255963784143,1194.8893324200856,30.705676507804654,231.74803558205326,235.36075323999225,2,11,1,1,0,0.8413627911184962,220.95764440494372,33,15,84341.88602335942,6401.276409380633,0,2.8693605080106526,2.1368917519917354,Benign
459946.004181851,290,331,20036.418322949983,11338.541845183801,13345.69516665541,244.7547835678553,639.0525187498125,564.6446307179909,9,12,7,8,3,2.11364118349233,646.0626293360699,238,229,11130.962422816974,53194.18345184878,1,27.946075976024346,22.73824464254856,USB_Attack
55319.75981821863,38,39,2262.649781984788,1857.5428731717095,1115.4886310781353,9.456181587772146,263.14516801185914,151.49687206374747,2,14,0,1,0,0.909622569600424,284.35384345787224,32,11,29185.462347080167,10272.449034039335,0,2.8037920342119054,4.8102319491810634,Benign
92546.26021561497,15,11,1927.0953382788286,793.3204178876915,880.6207257102764,14.420091822792545,196.24329944641383,222.61337241586142,1,3,1,0,0,0.5377515592416371,139.87780601107949,34,23,52757.65599796723,6119.774963725593,0,1.271234446402614,1.2025628232579024,Benign
132217.91681206407,32,21,1058.9147505597393,1020.787701800577,1136.3738756648854,36.11317677247503,196.62709610070095,239.10734610808709,0,11,0,1,0,1.0845861974058468,254.42335501263764,30,16,44100.54772038177,10757.159273000374,0,2.4921567663859623,6.025944334037504,Benign
131611.7618818723,36,33,2225.744063456935,1378.4731469011347,1346.066672998274,22.214070389970196,246.46560691388515,205.20669637034112,1,12,1,2,0,0.8418648142922869,219.73666564148374,28,26,68257.36197237586,8554.89071245485,0,4.174123687462776,1.656821330412817,Benign
567727.6633577923,135,237,9187.062212971596,11373.543174357483,11787.584296739466,154.08747126729057,624.8392611639295,646.1718235957317,3,33,4,8,1,2.039965835907442,547.5989295827734,239,72,13450.467035646701,50488.34084106061,1,15.379618094642316,28.86015668562919,USB_Attack
124753.44151499205,31,31,1528.9073657953306,1316.9109684503826,1448.4428367028943,27.268280837621045,204.26105360623134,160.37088032273329,0,10,0,0,0,0.8724642671279834,259.5834516330881,25,10,62813.18557334006,8067.545843714938,0,2.973889036318867,5.460439104627863,Benign
558690.8185601749,448,188,25456.88898144632,12535.47952793058,9681.354654857641,202.92690114295874,457.0993962011543,396.0692598090661,10,24,9,4,2,1.887294418622121,427.6836099078451,231,208,1.0,51828.67055402133,1,12.316187823377307,19.57162919224543,USB_Attack
577323.7314543432,261,214,16032.552425394384,13299.40364395104,12859.38434670627,230.20015513784014,565.4778710284082,354.857876050221,12,34,2,8,4,1.7744863982054109,211.21040826108458,190,125,14961.08981259583,7668.747420837048,1,20.212257936831012,26.428010563872647,USB_Attack
545961.7701693781,332,332,11333.225181061516,6705.653663521097,15507.725950532527,96.26748135917042,484.6823950796047,573.645262845325,12,28,2,8,5,1.7894251870176843,599.3538036858771,81,144,10108.14323951487,62271.031635193925,1,17.598494459184053,34.230056563519426,USB_Attack
503897.57842048246,157,198,3358.6350119224353,15027.82742752273,13162.348173489958,194.05934421336858,278.96862373595144,492.17171570883556,12,20,5,6,3,1.3783825332112174,635.0975894306654,210,130,9294.30700684882,38170.68483121105,1,18.774655955648583,29.99401886778304,USB_Attack
101119.66546996486,41,23,1791.3562785545062,1635.753623464373,1157.6464318654662,20.375592635703725,250.33549409802492,254.04067450288187,2,10,1,1,0,0.8566886660024655,188.41908160731742,12,16,56102.82111846041,10933.197233305898,0,2.7126411115550426,1.1728415200390971,Benign
134034.5934872897,56,36,1759.3073977588915,1258.9497279455707,1779.3940628239015,12.415071519510743,216.19201183261188,214.9912577212467,0,4,0,2,0,0.6869681952570178,214.90092071829193,33,20,25610.502761493262,10819.272427305681,0,3.3243680588455184,4.7884143590175965,Benign
370886.85362462467,486,197,9677.394258261493,11026.98939332963,15554.796218917787,249.9651877083102,559.3869051200512,364.7119126365146,6,17,6,4,4,2.062686763980409,597.1881599650957,97,195,10642.054064858861,41046.179740088475,1,12.131189108879811,25.554097590410635,USB_Attack
394021.9642062172,491,205,12442.49349691665,13729.142281415614,8178.543840751449,92.03150322798258,335.7632437406552,523.4048679424523,11,34,6,8,4,1.298838363965073,539.9075863355564,272,233,11226.899656102854,43344.06882915928,1,20.057971243165216,31.34377523570255,USB_Attack
454618.69662583113,270,101,16752.369093232548,23251.032816392308,8694.897030973916,82.04192176825856,433.6399507575111,449.2588103892021,5,24,8,5,2,1.7937503826724148,635.8856092766404,111,162,3349.0542079294974,47117.902687010544,1,16.616388483798644,26.109860472480978,USB_Attack
144562.91851042325,54,35,1027.5100705941977,1440.460471679505,2131.6816840147194,25.247446938677815,207.84366440931518,184.67827876322443,0,13,1,0,0,1.0052454813133878,209.45494434599817,22,11,55756.83390509955,6423.789330653131,0,5.182217639554114,3.926929913752081,Benign
609673.1338203837,268,177,13161.73493111188,12243.003950751136,10462.997419103709,246.3086040294931,664.2069724373615,719.5852840990856,3,19,9,5,3,2.6265706919071317,496.28167412446834,85,177,8854.413071633919,58067.56786303643,1,18.11639978725238,15.731197396507671,USB_Attack
143540.6614839506,13,34,2463.3873002273963,726.9889841601441,1924.4066506235927,23.37124789964619,283.4669639054497,238.26914830285168,0,12,0,0,0,0.9096841514681554,244.5536021066897,9,17,100296.26054798298,5683.568201396501,0,2.3723170153999025,4.9099095446405165,Benign
570312.8661789898,349,88,14300.808319744872,18307.412195394143,16727.865334646685,65.24601567151468,391.00348556695513,567.3103155245822,8,11,3,10,2,1.5534116173358363,446.8003811427373,118,141,10436.946751341387,36385.29230411997,1,15.992632832910648,14.265841343436234,USB_Attack
577138.4090788909,182,196,11363.921170115287,8095.413972529033,8151.398992420323,77.42793728245493,563.7214098392312,755.6549283809436,10,29,5,7,2,1.6170685428146112,540.402769675504,216,211,8968.509322310834,41605.97338558123,1,25.27052044584251,24.62718264146988,USB_Attack
65755.67859387762,22,32,2486.627570820237,2307.7970095815735,1377.8986169730576,32.652943814027644,167.83996935308355,201.87474550400438,1,3,0,2,0,0.7968098247883861,159.61094152413244,25,23,24035.627164782716,5959.27943384089,0,2.9243971813867473,0.7840309110878483,Benign
166304.7856804366,52,11,2173.9711144109415,1768.6199541298802,897.6431425400373,27.332228381774115,285.2952310862593,176.56114154598058,0,13,1,0,0,1.134019484257176,208.6866015899286,21,21,100674.3559227792,10694.450417068361,0,1.9500211726311867,1.1888021718989759,Benign
458082.4762447625,228,155,14778.224374904843,11780.522202203516,10958.107800609227,177.5177461648111,398.5744061002558,398.6832283139196,13,11,4,3,1,2.1761324301784484,473.5113961986472,126,202,4577.98651754863,36864.8449054885,1,21.77393843107629,28.07815779277608,USB_Attack
598992.2304670629,516,162,22952.742287546054,7089.057379281779,8903.831898220309,180.77973122968166,545.3024658567734,422.48205488612865,3,29,6,9,3,1.9048974969580375,560.8410238716082,138,197,8225.700994350242,40143.84549326616,1,17.077776796472456,23.977440246438423,USB_Attack
98585.41508343867,32,25,1964.6588659727172,1962.6535931892495,1361.989150367625,33.83969019918661,233.95990229945087,226.754269518598,2,11,1,1,0,1.1397907909239882,183.6823150323459,21,8,59823.5749538103,7646.896708606994,0,4.518785568778437,4.141993933209477,Benign
372856.46207804803,308,305,18834.81130199408,11444.37023751055,12387.882335074191,269.81148616718474,491.28652491587883,552.9944505746904,10,24,4,3,4,1.1490692639319227,430.14835839175794,110,126,21391.33188225711,60830.5731124257,1,16.86786591995453,22.615074980628947,USB_Attack
111609.69506601321,17,13,1802.2525327546755,1041.7979563795263,1247.852941301138,25.576514819916376,225.94453343147993,178.4459645739302,1,11,1,2,0,1.0203201981290884,148.59597381757095,9,10,93034.22100311192,8937.662609530553,0,3.870125010529553,0.7021744114238473,Benign
104638.15742042619,21,11,1954.2566823066452,1155.3243269879886,764.7462126178898,43.82079746515657,297.5582828746843,201.09523318300006,1,11,1,1,0,0.34891861798459956,137.84140984487925,22,24,44775.918586168176,11884.898875240724,0,1.9820046960626923,2.3051626792742947,Benign
463689.2068907969,371,279,10963.478344275552,10584.280110458247,19465.57619482224,220.6319967049392,417.6424854409416,465.4822682191397,4,12,9,10,1,1.8901646410172657,482.049066324337,215,195,10165.990513698021,79704.10046465046,1,22.32753120929764,15.303199540259799,USB_Attack
88581.38560848568,22,18,1705.339838716051,1779.3588476163293,988.5759067536011,37.889196710615934,227.5019531827627,207.182902117417,1,7,0,0,0,1.0786855964407607,176.06723213430627,30,19,29656.474963597197,5998.340738089818,0,2.967286503542088,1.6492459676949138,Benign
96055.39926735498,15,7,1648.471907317156,2036.7025050370485,1421.6898137504068,20.69500149967081,210.71787373644798,209.88352727321742,2,7,0,2,0,0.9758998783229673,182.09347413868986,18,24,43925.40397378992,9933.410689510976,0,0.9415204415576868,2.9490008927055364,Benign
126341.59425144803,31,21,2314.0340099801615,1970.2370845260157,1582.4492163135042,33.567811174561655,212.5417315220928,228.7951401620272,1,6,0,2,0,0.9410302701817603,159.6341809209401,33,25,44594.609550649715,3456.0903561746045,0,3.2975997582152368,0.0,Benign
525963.7154292163,241,308,24110.76803019413,4152.784908103666,13659.145836062346,207.4606238875134,570.9926422955912,596.991447793325,9,16,3,8,5,2.072595373271639,676.2414468158635,95,119,9914.627527635284,50352.108147687424,1,12.663760459473233,21.06791936428276,USB_Attack
354554.8363168837,226,336,19997.5150302555,15142.35546371559,13194.851290696264,134.2299152445475,361.8364676946687,466.96640240626465,14,31,3,4,1,1.4180915645295507,441.8539149198406,287,135,12882.125338809721,1.0,1,16.22467705436949,19.532109529850217,USB_Attack
423693.8304238744,312,143,18944.430397882206,12117.667701872513,13509.46357561304,264.87681181190123,641.8367539149781,375.6045719766039,7,26,4,11,2,1.7776114130335108,421.6041593048513,207,201,14665.9358583203,60415.7334042271,1,15.63097412318359,26.23555499978158,USB_Attack
125957.3586204455,22,6,2280.0354819608,680.6102934921151,1719.9570106248107,22.77083340680235,219.1747888245731,159.43481857027348,1,4,0,2,0,0.9323513563230883,158.19396551803985,22,22,95079.43317867315,12604.09042301968,0,4.865603395791437,2.5548739671158467,Benign
134681.51816815228,44,37,1778.2267153175537,1197.9910177302713,1183.6992871774034,25.15403562941229,174.0254637635373,215.60060092115992,1,13,1,2,0,0.9164368152701532,213.71631638445217,32,13,56638.38595189154,8566.004070592879,0,2.458827594512842,0.8739833768685772,Benign
452596.9973028126,273,109,7964.728950629294,6381.875383023889,8619.33427931213,157.40055533747284,547.5381898641056,306.73956443259306,12,34,8,7,4,1.9394807910278649,531.1282563913953,92,148,11734.615734734945,23997.26216765897,1,19.104624897456166,16.393802963198688,USB_Attack
520181.4919120669,240,263,19755.189095560418,13230.24947571485,14863.66816775477,145.20636770874103,708.0427609607896,522.3267361912114,10,11,4,8,2,2.039184896557064,573.018397390412,184,124,22788.589652596915,33953.78284672161,1,13.795269987256942,28.989374297686737,USB_Attack
123226.02540160903,10,35,1594.8885029052406,1068.2813718411498,2124.855079381132,20.514984813706914,201.02770338721706,154.17819313600944,0,4,0,1,0,0.6805515695770479,220.09599754023856,9,15,104548.62437076448,10171.107302077748,0,1.4900251215485851,1.6053654910273147,Benign
481132.065211665,262,122,11629.775699919735,11413.809103684802,16999.509013589406,145.85201122231453,537.7221344103463,427.466057381643,12,20,9,7,1,1.7203138188780518,423.1427129059797,234,236,12888.317638069586,58340.26778782989,1,12.177239773624319,20.724176446368315,USB_Attack
143176.19422748283,25,37,1622.965595315271,1779.00774634211,1361.424064497462,11.80069406604119,266.74501109824325,214.68213650484333,0,2,0,2,0,1.0180749049115723,207.31626699303015,7,23,54547.718461537435,6691.672638456719,0,2.4571096296416073,4.407255375855947,Benign
136654.37045834493,11,11,2229.69804524521,2271.8656961981574,972.4503043892865,29.389104574668856,249.53833047099099,205.1342454814738,2,4,1,0,0,1.0850725065762772,194.85250633608246,16,8,36399.79294624817,10473.346750669727,0,0.8394762344256235,2.125170885699246,Benign
483630.27649992215,406,259,9154.978146935759,9385.469992533084,7703.578438287359,172.25723386289076,662.0836659614906,545.8093016120109,3,12,6,5,3,2.019002035502589,617.5373684162817,105,222,5144.248394349153,46533.56512281989,1,19.355229262291946,26.193056856417066,USB_Attack
451895.8624854012,235,145,11847.31151375353,18016.03201301476,18203.830259207476,164.42814979615184,471.5109683197672,584.9781170732826,11,16,5,9,1,1.110166351966353,699.1254077334481,86,213,7479.866485967063,41714.0468618411,1,14.434058835890834,15.21456259083699,USB_Attack
337295.696285977,476,317,14409.634704505504,16098.042363357561,8436.475227489707,108.44107781126326,641.421908951554,442.3991524793876,13,18,2,7,4,1.5387753337487762,649.946598637658,166,90,29898.91476991019,56693.51801238111,1,18.557319847527733,30.31367426228445,USB_Attack
119159.46645312768,58,34,2412.8782243618107,1844.5838448464667,1957.6985032582486,20.71728868105367,274.97641142217356,215.09062161660643,0,9,1,2,0,0.7815768111010715,172.27539318092727,7,11,61434.75407318858,7745.764460445625,0,1.5476906888797841,2.53384875652965,Benign
621138.5802357448,239,179,17586.934657187787,8286.75278767011,11101.431257527007,203.53275985311788,734.0751014645888,317.0117867257884,10,17,8,8,4,2.013845777855671,524.855155711416,97,181,15766.548287833515,30512.248162262407,1,12.013687404144068,20.859469851929493,USB_Attack
514625.09831267106,496,166,28430.895987134987,7013.498507524399,10492.811274353226,226.48427671820747,580.2307959665944,567.197285408326,11,14,5,5,2,2.0139714102853725,675.308092379951,128,104,16226.409557270355,39491.80490617784,1,16.16380258046154,28.11385336294655,USB_Attack
360877.05287387496,266,259,15761.146975808695,13532.66463582593,14675.050425360312,171.32003371310142,538.892429242316,350.66051837067823,6,24,8,10,3,1.5116364239985582,607.9569234561259,203,110,20582.705868188812,44492.378546649445,1,19.16016382070459,26.720315426828947,USB_Attack
341368.106173643,419,120,10912.174959718272,9698.320231744907,12855.60859743788,173.24471348592652,463.0498631662157,509.0625453262485,4,23,8,10,3,1.4170263404058276,563.9123616406343,128,165,16384.074356062552,13997.169746296491,1,18.530802023204842,16.680597387111952,USB_Attack
152053.86201732894,8,6,299.1360790553308,1491.5580182593665,1863.5483533137865,22.86337089013762,249.32107164161505,226.8462193590834,1,3,0,2,0,0.599227317522249,178.54862709137342,33,23,58994.97233267369,9691.000922322368,0,3.8978203978240034,4.272715860538824,Benign
620506.7879858834,384,171,12633.933562940456,9917.809446652573,9145.097984428205,142.36570639231644,486.6455760809802,417.36330275219296,14,10,4,10,2,1.7765050303803085,459.852527145281,174,97,15557.698022416202,48601.11631283652,1,17.83048858604919,6.524131818294105,USB_Attack
190135.35357516498,32,32,1790.1475720772992,1621.6258052559267,1227.7393143441582,37.90795620358816,200.1617008512525,164.9459102343489,1,5,1,1,0,0.9755671580924588,227.53339905457008,21,25,85451.4943367909,6330.898725550375,0,3.0995778799670997,2.091521150329006,Benign
108658.8212480557,30,33,1767.0509810955577,1395.0293061963448,1689.9159274737485,24.925611192865485,275.44724455822416,208.33445246693785,1,7,0,1,0,1.001293008566815,167.02670284447694,16,11,48914.230847308565,11457.572741368744,0,0.8109667351328629,2.7818901737766457,Benign
129722.67666960141,10,39,2116.600217354655,1391.5440402965428,1641.3466344108158,23.059915307692474,182.46880999183648,185.21547830848166,0,2,1,0,0,0.706671393918816,162.03312875965358,27,5,69719.36513411076,9283.246558813385,0,3.335249133393467,4.557774335391538,Benign
522412.5412061304,485,367,12054.693540995182,12532.489974801452,11584.332212964067,219.72290770372825,345.4992070712168,374.4802814714198,8,27,4,11,3,1.822999481377808,524.7112566136187,100,82,14161.44384378557,34263.34682524288,1,19.458155039999195,34.08293712056792,USB_Attack
109454.2579457012,22,23,1245.9797267769145,1916.24246129494,1799.6506357226494,8.412286274604565,173.55052666745053,165.94357599318673,2,10,0,2,0,0.79309868833741,151.54050829751867,15,7,15372.281158306956,7618.644476692021,0,3.644895533581953,4.4468217942879855,Benign
127468.01731189973,37,21,1593.4568061695536,1612.4461018470572,1143.6503439254416,15.410834394474245,186.97572131314865,169.65773826434773,2,3,0,0,0,0.614483307835082,220.82355053614498,5,17,55881.89338179527,6541.040523888256,0,2.1325275341242533,4.639992163199484,Benign
449856.1166453753,149,109,13498.389514827668,12959.66495067035,4560.405864142739,149.8983140156944,639.4718511402668,639.1267649333782,9,26,3,3,3,1.1275275314531683,502.7776258196754,171,89,15038.39834264468,58043.79543872024,1,21.89651642903313,26.202411279565673,USB_Attack
129572.84502070723,43,34,1915.3863974776386,2101.3467654651567,1711.7796624998487,19.296246794138778,264.8291464779621,191.99364656473932,1,12,1,0,0,1.0329229618763036,210.70982633632968,6,16,62947.76960033043,10565.424095216462,0,2.1504773938309203,3.2009653953770147,Benign
157773.44548004208,55,19,1405.417650363797,1706.5413459899883,1047.2302197417116,12.193333686052702,217.40840629371905,274.8954315806208,1,11,0,0,0,0.7066875088082526,220.55215243384885,27,9,75020.51247905222,7041.714457462027,0,4.2215010518995655,2.060635253157985,Benign
495934.44127589214,443,106,19365.821390481437,13988.983449735862,11541.463479063137,185.23793361144965,476.14817711216,581.7320346715564,6,25,9,6,5,1.3407592618383168,615.1998470617361,277,91,13069.567645052299,77815.70573753737,1,15.806667761175738,21.083903079039576,USB_Attack
110034.94410482983,19,9,1489.3016141379833,1968.1468044989033,1281.4157541885504,27.078053836458576,219.63233978316293,165.4491445576396,2,10,1,0,0,0.7839975163917154,234.1671928562621,18,21,40199.237841198454,11305.199076636707,0,0.7048473977751888,2.7509946651913832,Benign
201119.5532183816,47,16,1365.1413188375482,1709.5491160252595,1563.9506885209323,26.122121978260065,178.28081109164657,153.9309127094866,2,12,0,1,0,0.5712830722055464,171.19329465220275,23,25,65147.25786753786,11884.184013107712,0,3.2732575863474467,4.678594047892514,Benign
131827.1294832609,24,15,1528.8042452658551,2671.5154995634375,1418.4092407950038,19.448070790765012,297.63374526860514,211.945141659743,1,7,0,2,0,1.0524859475293236,157.12821922605846,6,16,113761.51981506121,4950.343714563711,0,1.9440421963309977,3.246878857554224,Benign
98415.55362064356,52,20,2337.420087851304,1639.546299822609,1041.8044346472866,25.635143717309322,268.1158987774492,188.0939871581895,1,4,0,1,0,1.0599836816557073,201.20849980155697,29,14,12209.549490365767,7872.206611014924,0,3.801496942461945,3.260134465999039,Benign
99172.08713255794,32,23,1733.6017735296703,1813.9596175563377,942.2963415109696,29.115595675528475,232.4046791865398,239.94424848513967,0,2,1,0,0,0.833478087005935,194.33643633845492,12,16,65121.71183823296,9844.525309520832,0,3.1465011873976665,1.608349839109654,Benign
91719.60256405978,18,30,1452.743248465114,1630.6907510832143,1719.6093337591446,22.880831568773754,190.04385271627055,208.45591515379817,0,15,0,0,0,0.8943748876805612,194.28879266607115,30,9,48036.74208898467,5174.489222944216,0,3.9885330988221064,4.686274476175966,Benign
574405.7579725299,512,85,6992.568832640121,13439.196995495278,16221.600957121944,265.9407016384134,780.5659672162277,487.6061937248724,4,26,4,9,5,1.5927122466760846,771.9489272710978,212,211,15130.900711089402,54374.85608214344,1,12.946433579519228,21.87062501959281,USB_Attack
109068.68121320274,36,11,2871.3742699743734,1383.5438026855952,1542.2150228820126,18.63151614539908,195.7651057003011,169.41727104747406,2,13,0,0,0,0.9488783717214883,193.1863289350676,21,22,57696.81678753905,7931.331724409218,0,3.624840351959781,2.601386919535996,Benign
123820.87426969457,49,24,1904.841317154474,1632.409730096355,1608.2927435841843,25.779882503917708,223.41537843249642,179.74153831978614,1,6,0,0,0,0.630494160112618,199.3915542704305,22,8,52430.754188554965,6926.2928654739835,0,3.8613693102916984,4.833170126760557,Benign
413158.9030768962,348,88,2864.2691844981327,11069.338825976503,8531.239998913701,205.10706969790525,408.9607880713147,534.8257163285873,10,23,8,4,3,1.7034950179607218,595.3317308600666,224,203,10533.248113256912,54385.28854238733,1,18.657486523381156,30.71292895515208,USB_Attack
141944.77223822803,14,34,2318.038975287395,2019.4745548399912,1573.5969431100575,34.856157628608315,208.06060771663732,168.4174271045376,2,6,1,0,0,0.66489854779032,198.00042926168967,17,18,54680.61502412513,6774.496229941663,0,1.667389184764792,1.810311371928923,Benign
573042.8497259079,389,259,18451.178584711743,20165.97840145743,17325.802989664327,171.78997674690584,594.2762966588441,490.36217293544263,6,25,4,6,5,2.012638262016831,294.57367225470045,101,122,22714.98689769323,28108.356814096092,1,12.530183589861775,17.99170631404088,USB_Attack
326631.0336917335,399,352,11579.223960288153,15820.965365906819,11749.175806671114,155.72357764083705,406.96244082963864,570.5135773543751,7,9,8,5,2,2.035962964579082,558.7340607479508,270,214,7478.351212896429,59353.51920768556,1,20.638227193538356,31.833615982342664,USB_Attack
563417.0322218887,455,224,12193.20199952997,18356.92726777331,6124.464548624795,53.69595134471177,523.9260293555491,629.0919809985722,5,12,4,4,4,1.4018784251426935,345.62802953068376,213,191,10763.26784193325,59067.97784404655,1,20.722069457974623,15.59514031762635,USB_Attack
457254.99186842475,508,211,9488.623141592405,6650.984972735621,13344.468740455624,62.923576575387855,635.0289824245759,500.3114152049927,12,21,3,10,1,1.7898819053521258,429.3102711872052,201,211,14863.839360561833,27783.13558368986,1,8.845126662630195,20.380015940205745,USB_Attack
460960.8057227524,247,332,11809.502097128106,7098.764575555021,12493.628749507432,260.61355712736145,448.134539122923,482.36536773921455,11,19,8,10,4,1.6166830165582944,450.97173731460737,299,139,23904.503789110346,49401.80993220484,1,22.497577347113694,23.168354743758623,USB_Attack
516877.60976609605,519,104,11931.212291760618,11278.06984680139,10428.865865908341,137.79735682953373,536.863906560735,353.7345332544061,5,29,4,5,1,1.8048012915853018,568.4376732145045,236,168,6242.494834994499,48049.10887212216,1,18.636862727453614,22.087775958859982,USB_Attack
140324.5452627418,29,37,1425.0524843098317,1935.348207062058,1814.642141509925,23.655560224277927,217.0844814185757,175.4979522724765,1,5,0,0,0,0.7214528535003042,253.24046556697448,12,7,82729.60462367756,9627.075925540237,0,3.9686134199074554,4.265564850449281,Benign
97684.17218713097,53,10,1656.4515959022165,1624.4478858491402,1282.468812289403,24.133692406972557,208.68722968545848,244.79015260874476,0,13,0,0,0,0.9405635438455914,171.98201880168835,28,23,89862.12228292612,8408.074223985941,0,2.359345221551,4.1774519650191735,Benign
104353.8406564085,13,28,2066.116343132457,1636.6793238777332,927.316926849149,36.29778423045194,244.8337033251852,194.50465891376604,2,15,1,0,0,0.9593983360580841,203.25638313647494,20,14,68238.5051119459,10749.326500493615,0,2.0577790885653884,4.973568133753944,Benign
490203.3484222701,299,345,12810.96187424429,16876.04848402986,12866.294995317841,207.32525207849437,396.94449099481733,478.93016833065286,5,22,2,10,4,1.876858085407293,271.0992991003586,186,76,15375.111900616987,59077.55013908379,1,20.154044980007967,13.823719474279269,USB_Attack
159034.75045956092,59,14,867.8134011223071,1145.490500117997,1677.759144991769,19.508110868107323,246.77603178982798,181.61312686489566,2,13,0,2,0,0.9370065443673828,158.79708817690502,33,16,90992.90241996356,10293.021381147686,0,2.389710459299344,2.372379159531408,Benign
139002.64623082048,37,33,1426.939717550757,1064.1590697786112,1464.2637065349943,31.546605720712147,254.58953175710022,202.72334779677243,0,8,0,0,0,0.7801215691020766,207.1106605895682,18,16,52447.714086524276,3121.8190994679335,0,2.195880042034175,4.4327642847895765,Benign
604315.1114003033,243,349,15445.430908005805,16624.988421388593,13146.910467191377,169.25020887386057,555.0164444957668,564.0328056637122,5,12,4,9,4,1.8499204474118904,468.5407012112307,148,188,4202.756558586816,12848.102087273266,1,17.394940802874565,21.11085081309018,USB_Attack
630893.5318421127,472,153,11577.091540799534,13359.254499553292,10360.618678001156,158.57804197963654,353.1813017927683,639.1341990596936,3,13,8,9,1,1.912997999783987,691.5919293901572,211,234,14659.243201868368,17143.30677754151,1,18.028933123978753,20.171862667087847,USB_Attack
204379.47744716168,23,31,2051.6586820270936,2006.3704857844427,1886.7035328465938,31.44814182485396,258.4725537283442,224.11484285490855,0,12,1,1,0,0.9645956261873609,208.8007756590793,12,21,25243.50029913598,8518.091936473662,0,2.1022210771738887,2.79388206644422,Benign
372869.0860648467,397,93,6841.643741522986,12775.606600016677,16077.19131898765,104.32985392384995,378.17425489951825,654.1911280228674,4,18,6,8,3,1.7183939329862317,450.965436955,104,201,5419.03624408324,33672.430834341016,1,22.383971679224757,38.00247921006694,USB_Attack
97848.70257368675,50,35,1406.2978033503064,1315.1188814553536,1831.5181520642723,21.058853161738423,153.4987610007729,183.46976241839977,1,13,1,0,0,0.7219559110907675,152.13475115289788,26,14,74358.58314741957,7431.0451681806535,0,4.240279183210774,1.863255435699237,Benign
101514.74747476428,55,19,1923.4269645656082,1690.5775946675299,664.1266356312251,33.11442949744739,214.5917901059302,210.70454655391887,2,13,0,2,0,0.951052719613628,185.41554410419636,14,15,51479.73708453358,7354.886289214922,0,2.5586708130298708,1.533489924752533,Benign
545313.7184986849,484,258,14771.526705992297,10771.162458269022,11271.09408412276,112.87133748906987,563.7706354229957,294.92575851345083,13,9,7,8,5,1.126015981314221,611.5980745285672,259,99,11829.478745606939,44492.42439032478,1,16.32715192265807,32.261968860729475,USB_Attack
550645.8859819126,181,352,18519.929352195257,16707.753904594872,14937.498756477828,109.27564938961785,307.3317841947647,478.9840377511832,8,9,3,3,2,1.8549160563423366,600.3087979638073,102,176,25968.872113467918,44270.90895238008,1,8.160241244089937,20.317300309878664,USB_Attack
111010.40807833904,16,37,2170.964959854465,1416.5340108430848,1931.827513960097,24.799866217451868,192.3146444240227,210.59589255203707,0,8,1,2,0,1.0732153823533765,267.06403968747696,28,6,64221.12738716742,12090.262775556423,0,2.7382158557985616,2.796398922240294,Benign
83501.88854131785,12,19,2209.013876861886,1764.3779656076524,2252.211890427096,24.97017601611442,241.19883115106177,196.76908470140197,2,8,1,1,0,0.44675747133995714,184.80002309158422,30,19,9098.026530830946,4304.649965781254,0,1.8283016083166945,6.691096120313559,Benign
425246.92536863836,327,277,8259.059020728537,11506.358469697794,9214.847647687251,159.99999856238318,584.1014191324309,478.65857798356797,10,23,8,3,4,1.6603832835493102,525.0014279004481,138,107,19011.966016948987,50009.346889740074,1,23.343455374390388,11.09819784614818,USB_Attack
121550.94964285844,38,17,1495.825699983772,1353.8205620826625,1255.3679744447281,21.890672902020953,262.1249516107056,215.6321124374372,2,6,1,0,0,0.9504393926243778,184.04707414228685,20,8,60712.98083613322,6906.860762023863,0,1.478164889552408,4.050903414991088,Benign
134430.85994290965,13,38,2389.6811563465394,1421.9849150764596,718.0125822968788,35.84383519690841,276.6741546533494,219.82251057291234,0,12,1,2,0,0.7937288038718872,186.44868361590528,31,8,65443.44303228368,6606.630788978136,0,2.736279179390675,0.9717483481786657,Benign
135231.85354914758,29,35,1553.2088743359661,2450.1881990895463,1845.4255056292654,21.586384866377486,161.33915705751875,195.16994325238403,2,8,1,2,0,0.7993074325243116,182.768751112195,30,14,57277.952440592446,8194.385660282627,0,0.9360093035083321,3.8216499842435674,Benign
138090.2056028003,41,16,2126.7506607692567,674.6779783030022,1279.9237699222092,30.707702087801668,178.03499877686136,166.31991784130145,1,5,1,0,0,0.906349480835097,168.440674064512,19,8,29572.085649912155,8233.792469305263,0,2.9937596272663485,2.352710160126059,Benign
359621.06760363956,303,329,20111.95926484772,16640.726286500358,7576.125851023329,141.11382116225812,365.9704692120158,529.8502258784921,12,23,9,4,1,2.041916678335583,606.258827465527,252,102,3808.7993389030016,44351.21144056143,1,12.430037840524202,23.141113540525254,USB_Attack
538051.5020383555,287,187,15923.183908133218,12886.274745900972,13924.908848195115,260.1970791053501,472.0319211533325,391.9443630010517,9,16,8,6,2,2.2818560995706214,558.0122615459763,281,139,16961.766651438822,8734.586401592562,1,18.393153792457817,17.062038136687665,USB_Attack
127032.93349446294,25,13,589.4110713054051,1211.705291173905,2342.1100387442657,26.532007721632997,227.85567898664542,204.09207990334946,1,3,0,2,0,0.7584404693807292,199.54880415813676,11,24,45862.254340202744,10833.80207062186,0,3.082315669048631,2.4788294857785633,Benign
487060.51177001203,138,225,14667.444200510046,13711.55736060932,11929.456607402588,197.72514286215568,489.83674453417234,663.2390520649258,7,31,4,5,4,1.6193916510669237,437.18018048923057,147,189,12340.025373873594,48400.30346034348,1,14.313934014036821,35.13771270231504,USB_Attack
89928.72762701348,53,15,1845.5449833925138,1800.3193097250403,1088.6942402714533,25.451605438791546,218.0098948516778,176.4684054249463,2,9,1,1,0,1.1693136893119764,253.82877899802435,15,13,36187.979131663706,9543.947016948949,0,3.515371478366694,1.387056224508437,Benign
67784.91032916553,44,26,1594.9751913180805,1826.0356173092523,1592.8575154574346,37.8097352296097,152.3188704862603,218.53468430767782,0,6,0,1,0,0.91118096305409,163.94026945499817,7,13,59670.08731820562,11157.956025552217,0,4.368339823790233,3.2420503646747587,Benign
662910.3322239304,255,197,16164.42864710559,11218.844296028601,14392.661307928269,141.69178834324492,437.01892589298905,561.7713390666313,14,29,8,5,5,2.2482602322979113,597.0957051319334,153,202,18706.299266389076,37027.2440567478,1,18.951487232206247,36.438758970070104,USB_Attack
116345.84327839999,43,17,1218.7669573373619,1991.733592405482,1409.8991229933667,24.068429541650683,216.08533419233694,222.58150336316407,0,8,0,0,0,0.9742152740716694,152.52815844734866,20,11,53675.043489439464,9639.193884458424,0,0.9269625158266677,3.107936750068027,Benign
498288.62400545145,182,184,14735.62755302025,11586.019537769827,8772.3562985147,111.53682641866646,721.5069511255642,508.8012415091375,6,14,3,10,5,1.6219574917443076,680.704985690885,195,221,10675.313304949788,64401.32906590711,1,13.19872461769347,29.74123208431123,USB_Attack
180327.78337201543,31,8,1347.5636950070734,1867.3691738777766,1826.382863739464,34.27372562048977,199.5202403307705,190.61480749144445,1,13,0,2,0,0.6876789466084741,155.9651412214692,9,14,91766.27730995837,10649.07627422839,0,1.920468338705306,5.836890312279822,Benign
430769.57512395043,548,254,16287.64506812287,6449.193649910715,12540.761371947205,224.17417649110862,513.9049986405277,523.7711911000351,8,32,9,6,1,1.678947424906314,539.7335243391278,208,152,25116.437288489942,67188.99485305784,1,19.194550338208145,31.233123974628903,USB_Attack
141782.95084339002,59,20,2315.7065314703523,1722.4986971457945,1493.4106527809977,27.538739721954997,211.19214354517598,204.152292633858,0,8,0,2,0,0.9145382614501711,248.59707336704946,24,23,65227.86397642869,10431.900284340396,0,1.8733251002362592,3.1824531892849426,Benign
92067.7953617369,9,6,2539.015897163482,1724.6402966123562,1030.0239642775493,30.842190678008862,229.7342002893356,208.0327471275212,0,14,1,2,0,0.772550272176907,192.80348783159826,24,18,50920.63571391968,5256.985226458785,0,1.8262193128631208,0.8704206198956732,Benign
90025.65326006964,52,6,1449.6036945405292,1132.965854859052,1469.2858498099067,31.101856585462727,228.48876997513025,134.3375271466413,2,6,0,2,0,0.8070397946907703,124.22255606983934,29,27,30756.99576494195,9045.754780142728,0,1.6189888994161366,5.218237495364695,Benign
121104.16497290865,22,12,1438.4962286383984,793.7524976755839,1570.4258654863372,7.537477235582898,240.6310824518079,170.87236105029638,0,8,1,1,0,0.9840295664758368,191.0731444196397,27,22,29242.464154204452,8739.070296400867,0,2.858666856280097,4.591552316717343,Benign
125190.21418956677,9,9,1221.4356757030425,589.75097038145,749.5796515848701,28.15948970263559,203.2951031945464,172.4991690836768,1,11,0,1,0,0.9879519596517785,204.4135605933974,18,22,91885.84001966997,7595.901489307611,0,3.2616116918585725,3.143940484256941,Benign
64310.65298656629,42,33,2453.1426932596514,1531.4349705504683,1567.6941263965375,23.713553125314732,263.64434368135386,190.4403583278929,0,8,1,0,0,0.6326109448895555,217.02951942377717,13,14,27690.8979675184,5316.57808850144,0,1.046071542440114,4.678276146204109,Benign
114590.78931451398,43,10,2360.502203458151,1634.1178716901131,1461.2794940759427,21.001789814907397,235.52467677623574,203.43053022961334,1,13,1,0,0,0.9567481802886496,234.20774480449165,31,16,50312.58408406952,7041.384882218988,0,1.8829112264015033,2.3079488038520957,Benign
120422.16248620514,15,23,1747.0091000056066,968.1982900564136,981.3495716860183,23.4365017596461,174.94924691963666,204.6575097512292,2,7,0,1,0,1.0106030364891248,235.73711928725695,31,26,63416.76099845605,10399.452546089975,0,0.22596492321146222,1.6556363652399,Benign
113545.52502686613,9,29,1101.95040184656,1970.714549648113,1366.7974437232972,12.55321050542239,216.237360026963,208.57240840373757,2,8,0,1,0,0.7819446319716418,186.0718048591979,8,26,2765.6115079948213,11868.211535955346,0,0.0,3.2203162188789616,Benign
95598.28762959971,13,27,1146.668717271874,1568.4981671833855,1375.2614612662805,10.563119199702566,213.97480877648732,179.45166226201488,1,9,0,1,0,0.7616172398583585,170.21684356693254,18,21,32486.921089682066,13080.816208699778,0,3.0815989856388786,0.8261609747195231,Benign
567142.1033134165,436,96,5720.844945013656,9079.050083974264,15022.768004426114,164.1663277963624,515.9731671551014,518.4609108470772,14,11,6,6,5,1.6487642606482185,939.5355438980955,153,216,13793.519674787276,72980.78261616851,1,17.290107399562796,22.49835735034491,USB_Attack
114694.22419281612,14,18,2074.6689592232497,1666.741141492616,1588.047338470947,28.697262557671408,237.82538807780793,254.2786533065477,0,6,1,2,0,0.3853825290428311,173.80150761964006,24,8,45354.48014542434,8653.70848896369,0,2.706886320998469,3.7614243217120475,Benign
122724.00070830144,44,36,766.9275974894258,1020.1498926543819,1914.4181005258395,5.695902982301767,242.21538162127274,189.4002533765262,0,5,0,1,0,0.9004168941014185,204.29591546814274,31,15,65691.02322241823,9167.201727830505,0,4.404373546291701,3.335976153863504,Benign
138143.74747651705,12,8,1639.3450447310586,1706.226545980567,1452.8738782037406,20.388923668786074,238.08285789848952,180.08995497699055,2,7,1,2,0,1.2268855809224604,149.54056557312492,11,17,82611.09332640664,13014.149011418853,0,0.48911706089014295,1.0656733710316435,Benign
486312.1966529515,372,230,15718.87834417402,21699.97873788991,10540.004404846597,200.68204256632572,437.7376131804258,472.8169246899057,9,22,5,4,3,1.5854190374296018,609.9522032647468,169,84,7265.346914484714,50079.96737877314,1,8.980842002248732,28.086550817750105,USB_Attack
111169.5682941825,53,35,1691.2453966848573,1253.5693863508475,1768.9367395286495,22.75988501023495,222.99731976796613,202.56403479591475,0,4,1,1,0,1.0645749733344319,206.86897264283695,12,11,49843.48542985785,8226.729265023212,0,1.1519881719284126,1.1267034574825712,Benign
106315.31411653926,45,8,2544.819045395312,851.0581512105563,1236.7253081649833,34.96003963038689,144.70775485606924,184.22710671160988,2,13,1,0,0,1.0088844895536577,170.6053863408606,7,22,57369.216354175,7284.209110015996,0,0.0,2.3160037735773535,Benign
133129.6702060292,57,12,2124.5230644778417,1545.1332289379727,1365.7599480048357,33.39801439421307,247.22624201283605,148.0901476075037,1,6,0,2,0,0.6123798341583332,201.09958700821574,27,24,42278.19127890405,7584.5437783635825,0,1.7639728948314946,2.1629703469181645,Benign
550786.5076198648,467,100,18001.747497084314,8810.430952309682,17167.67092070853,168.9791273856314,318.66524853385835,298.72350705439374,8,28,8,5,1,2.305085705075984,783.5082346161244,101,98,14576.120602715173,23449.455727274817,1,23.549204709602716,41.53559034823718,USB_Attack
106973.98700223344,10,7,1653.664353324072,2004.3994483775093,1529.107145568544,23.853407209209344,185.53335531650657,230.60570418402332,1,13,0,1,0,1.1002839792195194,198.63394909307533,15,23,69871.26731427353,6046.260292943264,0,2.8558737979102498,2.7804845390287256,Benign
538060.1418895009,507,254,10581.156761509272,9892.261521526088,13332.418389808316,183.25501630280715,616.3896727656861,542.5280170864734,13,18,5,11,1,1.6246684771127524,520.7572954290563,261,122,3943.9786068901485,49737.83466502269,1,23.053406786459394,26.005558844856914,USB_Attack
411105.4229061976,456,265,12076.23677800547,10341.79704140854,20417.883135633907,219.95195869587218,623.5689279626805,228.3880736018439,7,15,3,10,4,1.9402328897051273,453.76662323322535,255,204,18902.601511894092,37942.729702395634,1,15.17388242638088,20.743507394031823,USB_Attack
158750.5939697602,25,28,1315.0659885945295,544.128599616524,2134.475803114066,13.365805401157829,260.99364728287713,206.7891331633813,0,6,1,1,0,0.9052214221282024,218.67870614872322,7,25,62798.54329050185,6825.020633862229,0,2.015151589262031,0.5911278019905564,Benign
173349.62720159467,46,8,2553.38429605928,1560.6580218653166,2191.1837831816447,18.551827630066178,237.86055051108605,170.27283476138567,0,13,1,0,0,1.0955340292997542,169.12316524526094,24,11,65692.9094764028,9550.867320012696,0,1.868846107175687,2.8619017881946474,Benign
313254.492447875,236,253,13252.120294111137,5845.883336330053,9208.352195715997,97.68590853185482,682.2880061658103,351.5979729167783,12,20,6,6,5,2.3104954965684668,627.3686692040122,239,150,26493.597280994974,48560.242061993966,1,12.0142095422395,15.47211149876249,USB_Attack
120416.94627997534,59,9,2339.2180382043402,1099.3630578507164,1022.5517756283473,27.2658382179469,253.13703111252602,155.25837095060456,2,14,0,2,0,0.8915818533921502,169.26573705074964,24,24,20701.508017118387,8682.536710428169,0,0.6638051947722254,3.324232717536857,Benign
120338.3308985598,25,29,1581.7577608174918,1428.359578967834,776.7233686693788,33.35370778571536,209.27109929320594,154.10324031374077,1,10,0,1,0,0.7670212444459402,206.33433310745187,8,16,32379.194190027534,9273.723709661075,0,0.0,3.969658042604351,Benign
117057.79294402477,26,33,1787.1803350584137,1318.6339285361803,1752.772164155836,29.10915964649896,234.42011268582684,207.6578813168818,2,11,0,1,0,0.9049115257086817,199.9950673437587,16,24,58454.73874974567,8305.742746170283,0,2.9682679114343085,4.037807905451147,Benign
100522.11241169591,9,23,2080.9222091192864,1192.3045610314728,1222.767286480339,31.00297792224659,198.2610382028662,216.17034648221056,2,9,0,2,0,1.109335642895534,206.26280449008067,18,19,8929.731116539348,1.0,0,2.7811497878784386,6.077321563645855,Benign
75433.13990306786,22,22,1500.7206635476607,1610.0801885014266,1304.327867262428,22.86705742823706,258.8603847667456,258.7512066717873,2,2,1,2,0,0.9211793674738821,173.51370893294643,32,16,55343.68195615885,5722.7474580134985,0,4.383158608333527,1.4197691291164485,Benign
122780.38338087012,22,9,2083.9521567472666,917.0602795504033,1413.361027229018,29.824001572903118,163.66011100101647,197.5071927144201,2,13,0,0,0,0.8285081610819158,188.5081495218113,26,7,78613.43689132652,9839.096231416695,0,3.335722562889797,3.32861067487662,Benign
96949.33021356263,31,14,776.7851502258089,1450.0640484013984,1653.0282752363007,23.81300014727791,248.58580109526133,159.26495567583197,2,9,0,1,0,0.8934486606462932,202.51096890196206,33,21,68726.05412050692,5819.076042552257,0,2.8710140859236986,3.4854992472103112,Benign
122579.80442242874,29,34,2019.8536942073183,1732.197406958058,905.8715807974176,21.468220933977737,220.61981366468024,196.34238848734904,2,4,0,0,0,0.7398748882384141,236.356119175971,21,12,61737.86984318911,10224.08164763579,0,2.12544351828945,2.5522837186993375,Benign
96178.6937490344,52,17,565.734937714182,1403.2078298760107,996.4546149463652,40.17680759116501,253.78855657542027,191.52622402659796,0,13,0,0,0,0.7011215858408295,199.19593815216598,12,11,54880.075741971006,10370.234593596833,0,1.526645653729749,2.1145060531647717,Benign
474251.64733879565,244,152,16502.826396401757,12456.435197691477,13930.50887006855,171.15464488613645,465.0805737089292,523.9182668662,4,17,7,10,5,2.229719572960562,549.1235581758626,124,86,11638.980827890879,27049.94290377735,1,21.282899079954486,23.974281812715226,USB_Attack
127028.95081130693,45,30,2227.1214926592456,1963.5834293706757,1979.498374461787,10.013565621541114,223.14942525857037,210.31248702424625,0,7,1,1,0,1.227541921798812,198.0368170173858,20,13,49319.43624338275,6464.585968311695,0,3.6461607417289397,3.563913516818406,Benign
124527.64580419488,8,29,2111.147653029188,1828.6156327275826,1489.841038699566,28.061598033068837,222.12205314059474,163.56582412681917,1,10,0,2,0,0.5416977239376406,185.05006701925228,21,13,65031.914332942644,8024.936863076081,0,3.0563964023836356,1.5256916372652825,Benign
137378.459139628,32,8,1150.7947605190295,1031.4657729133164,1183.336117447187,22.880141211740398,235.18592460176595,203.92164298477886,0,5,0,1,0,1.0164258989064137,130.03798116359496,32,26,25880.36268115999,7885.570269948828,0,3.621076934439916,0.4833639989743994,Benign
590424.6788792345,308,316,15040.697247156899,14733.167044258837,5690.506540385106,175.50500900557165,693.6966840427776,324.1513114419596,5,13,5,3,4,2.1425451341909283,614.7223992493372,190,75,17415.643149384585,42861.05778292429,1,18.42522779500965,22.549126447543607,USB_Attack
536772.0147731418,286,178,14402.391546854775,9398.212717983293,12728.264167660029,217.12446166385612,582.4131514749791,414.87688591378964,14,13,7,11,2,1.7252898301511004,563.4267911403427,219,124,10139.295286476183,62914.948847942316,1,11.658284505351908,21.96400529269994,USB_Attack
134552.45301192388,30,7,1893.1079311790675,1745.3729244692468,1205.6273402438078,17.604753625105747,155.3937055174675,209.31127547107818,1,11,0,2,0,0.8056489711116191,190.53396798308916,28,16,72268.93479469772,6091.419547851786,0,3.892695219521789,3.8438205064522792,Benign
587154.0610981127,540,294,9452.86275868442,14072.595549738973,10432.15212662375,255.3359961899323,512.9968767428164,386.19171679580336,8,15,3,3,3,1.6336372143422924,806.8029202939158,224,164,17807.0803645669,18332.90007544618,1,16.267128453839444,33.55408690181522,USB_Attack
81392.77678390876,49,10,1793.388212075721,1855.5372206005713,813.8699094164875,34.699283448515516,165.30444975012804,186.68311879081716,2,11,1,0,0,1.2801893520830632,216.52545358730703,22,18,34619.932839194036,1452.4133366836459,0,2.7226282845613508,2.7513380291137244,Benign
167484.88340320002,52,26,1955.7146869000321,1353.2324018772233,924.3596755432138,38.11650052184494,248.98767898899692,190.87129177762324,2,2,0,1,0,1.2304900432765271,161.94562692486872,33,15,88438.6266384231,6713.485115528665,0,3.167159937038308,0.6103255085603649,Benign
92295.60660200089,30,11,1658.481409564508,1083.8695931249517,1115.514311818459,12.287910222325296,234.00457721281626,240.43541123646924,0,5,1,1,0,0.7157646374061214,148.4141463180432,31,21,83792.18965454731,4101.045892451662,0,3.1011420100899527,0.8279158806587876,Benign
88681.67785594074,28,39,2062.660484026526,1913.4809197865245,1404.4605055223396,14.063011739907745,235.9613526414558,158.85246725108553,1,5,1,1,0,0.6081503777911923,165.2292311283393,19,14,25445.422853335884,6992.5391432036795,0,1.937923036376184,1.9227194757949353,Benign
118827.03236350341,27,30,1911.862079163102,1250.9481689469762,1016.5033180957372,13.514988203995818,271.5616288686996,187.9057909326322,0,2,0,1,0,1.0545953923531879,171.70671812601282,6,10,58381.45080247914,6731.304240163461,0,2.187893775205988,2.6492560671904366,Benign
600274.1512089141,297,246,11377.609104791736,23376.601593681182,16072.930248191065,271.67837496121683,575.341679866571,543.753276800369,9,18,3,8,3,2.057758065102903,492.12328754170994,229,90,23568.935142602466,42880.94366660573,1,14.939958783782632,30.735604587994484,USB_Attack
92924.80480670126,29,20,831.9053198702549,802.5338223980816,1401.4209040327592,28.337795635356237,241.3354988494431,193.66664855742468,2,4,1,2,0,1.1487987002385265,166.0707963160066,32,17,14430.579132086263,7349.568277856126,0,2.183427576246917,3.199829021134211,Benign
110850.80343860699,28,8,1866.7065407854113,1243.5853090547403,2388.796915673811,25.641593731757773,222.31078215117662,191.43193904386237,1,8,0,0,0,0.6881850856306874,125.74821034689064,16,27,13348.017036785837,3602.1951457447267,0,3.73700978809427,0.6182302503317971,Benign
156881.27152950314,16,7,1323.4623173850111,1954.228344423681,818.2227534429353,26.83702955077958,216.98179058659872,192.04003650300464,2,15,0,2,0,1.044708204096458,112.92083859198603,9,15,41659.423859249655,8901.000176118117,0,3.509265868412257,2.6989574783492927,Benign
95820.19173504607,32,24,1510.8286875692274,1177.676444998564,1564.5917721249527,24.545773782890052,265.73190412276136,203.51455324541737,2,5,0,2,0,0.7536481557389967,193.69477476247118,20,8,31109.135204634233,14291.712785332813,0,3.170155067803205,2.7151552265182892,Benign
78189.82546901485,20,6,2039.562108981543,1866.5267196531747,1569.6019956163827,16.030863620747958,292.86577771907145,232.58251525757723,0,4,0,0,0,1.024632699401339,156.1293538983686,29,23,37042.49186596638,10795.20719983579,0,3.6510137420210946,0.973013524309918,Benign
148277.80862699376,35,27,2508.6666917171756,451.04113671531286,1087.7770384307405,29.105382318279233,204.8986667997805,227.7269455496964,1,15,0,0,0,0.8925761332654193,129.83936015883927,18,12,31112.80668501301,9766.013465041351,0,2.0616229226591622,3.31974312099873,Benign
455340.7411592697,161,365,15969.950724333574,13777.937013234427,8985.887098692878,184.585304597445,386.0084272269489,520.2366043755966,9,24,6,10,3,1.7833595979667454,250.49601390963807,173,180,6801.3579071879085,58084.29901878074,1,22.816167124898865,21.995998822115773,USB_Attack
101384.44138054016,48,10,2077.032418222935,1422.8904093548404,1807.8377465626863,15.397427892165656,231.16909194263837,232.77165702472388,1,6,1,1,0,0.9894787391000115,236.35543105445655,18,24,40369.925323077245,6723.641965334814,0,2.3117482697151983,2.0407137207070187,Benign
72534.98951619247,32,24,1077.7603294235546,2284.1431365040826,1538.596593023133,29.59428356286446,231.58893478576547,210.25378889989207,0,12,0,0,0,0.8372011373195034,187.16624383691232,20,7,84507.25981974804,6543.261514096976,0,2.406774431376258,4.10248434337878,Benign
444625.2356172573,413,202,18757.601685647936,12575.051607625574,9279.227535121976,150.67220276521425,498.1321543350532,519.4859272611818,10,8,6,7,1,2.1435966860601114,502.1096115291265,258,109,10465.299270350104,41636.89683492586,1,12.140540126298724,24.880582101045924,USB_Attack
603066.137496458,231,175,17876.871747881927,13104.922520169535,13704.317161738829,139.62088228444065,474.8027976334112,718.9598854996934,13,15,4,10,2,1.478595655991613,212.1634466870368,255,119,2571.5932396385033,24022.969279308792,1,14.970812983451808,18.526609496884664,USB_Attack
154970.16269651457,31,12,2414.613790313091,1975.6193015619572,1163.1066348789118,24.0001667096158,94.52568036774042,252.1565820029919,0,4,1,0,0,0.669112732532932,120.6054956801053,25,13,22858.113349245636,8572.906436195257,0,3.712696559963642,1.3676787616748134,Benign
608657.8777111596,388,168,13415.119288799911,13778.30580938972,10169.806827399865,126.3875175408257,358.5028362733009,455.1668088688333,5,22,4,11,2,1.6520694336118886,304.1098921522604,232,109,17109.465874008147,34971.41035407367,1,21.47753145427149,25.138019233038918,USB_Attack
117464.4035546558,25,34,1679.1811914188147,1331.9142230522896,1864.81053330554,26.761303793831534,195.68435943146602,117.55071958046558,2,6,0,1,0,1.2197439445207854,227.19645305331665,33,19,62996.75452679837,3542.3761536341926,0,1.5423617375816667,4.969183863967844,Benign
556790.9396582169,436,333,11868.060725882442,16658.920454961073,8255.711200676556,156.82354596998334,369.30692291164524,361.55351173213455,5,13,6,3,1,1.9269138162010675,380.8714224502503,118,231,719.2907456548783,41409.479456883426,1,19.27058436631297,31.382420141075606,USB_Attack
544718.3741479503,183,193,23902.75883817382,12714.376475698231,10614.881138793973,189.56093663018828,711.4866980308742,422.0716481727959,13,20,8,5,1,1.949293373865907,661.0112081647111,247,153,4866.7681269918085,52188.53274035372,1,15.331290946266796,26.137693702991875,USB_Attack
151013.585038167,21,30,1245.5793093563657,1295.2035546623895,733.376848519292,27.8375097957845,192.5668812361318,188.13518116545822,0,8,1,1,0,1.3102858683283918,155.94638457753018,30,14,48975.142547567775,8359.783109545844,0,5.013263637358049,2.572626568335533,Benign
84526.48283380688,14,20,3075.8166366450614,2074.2504184258873,1818.2442650891285,29.09066379231098,228.40840496984677,181.82950804438403,2,2,1,1,0,1.1473792638769462,230.75672560185123,34,14,51386.137939461885,1.0,0,1.3272301393938777,2.881540147212327,Benign
459043.4355495974,288,162,19001.574385883978,15364.367111192987,15355.079282720708,233.91438558949199,572.2846152262126,501.0463836921696,9,9,8,6,1,1.039782509023881,699.4100802617412,113,114,11102.848569637841,30618.801911700968,1,26.18996063425475,36.5996659146124,USB_Attack
652389.1222415573,433,311,12466.103153676893,5711.193758137586,13806.239881861455,147.75807431681866,562.8999078337542,438.9446875443594,11,29,6,7,3,1.56350251959356,466.5006432037743,151,214,18218.36237129139,70355.1855301874,1,13.73612219764745,27.510384386153145,USB_Attack
398375.6713413689,337,308,18231.195964592756,5733.141657586548,9857.138275598632,281.0964397839721,573.4346332478775,418.195626477265,14,16,4,6,5,1.5785748545885,549.5615706218921,251,151,19947.042808828952,53231.10381602382,1,18.97497239299125,25.824390248305484,USB_Attack
136527.73142680622,12,39,1933.8087545155572,1761.407414488397,1578.539585624823,11.201462097273561,218.84336574645724,183.41365688564935,0,14,0,0,0,1.0549543686423104,198.14687250177425,8,26,60877.257336275696,9361.863076690355,0,1.4341162535716034,2.351346240254272,Benign
48681.28524810057,34,6,1705.1281479968006,1847.5845665595511,622.8923829965836,24.04012147769355,252.47434999508357,191.23258868893288,1,9,1,1,0,1.1485690468145207,158.39800241746516,25,20,32301.81362693591,6972.236297031539,0,2.5551008843826124,0.8287872903561952,Benign
516219.66780091694,190,365,18406.095757184437,7692.239866926,9650.67466115868,204.6973832799436,530.5060774828255,334.01155379111106,8,18,4,10,3,1.6071332856703426,615.7634896092113,187,219,10096.867794759182,41400.60917235414,1,20.727076718595594,18.026418559277005,USB_Attack
441347.4618694949,445,284,20594.83042647662,12881.745229165,9379.95995397919,242.32809493011445,484.77261844411237,612.5751227469445,4,16,5,11,4,2.256360698567719,440.2193611358788,124,111,17502.71996541949,79170.38760037711,1,18.484157805132135,27.214126790515753,USB_Attack
114150.60341640639,16,18,1242.033070704314,2092.3566905420976,1965.9981095718072,23.749316568188117,245.38541637930916,208.131869143931,1,12,1,2,0,0.9704693226321186,260.3066183038807,12,7,84868.25382771989,6320.692744012623,0,1.4683428781648777,5.3792135967774986,Benign
134328.32189270313,11,37,2875.109607211364,1804.7659336589459,1719.1776133565193,29.863910225372877,197.6089969793122,211.7911021503285,2,5,0,0,0,0.7004375498674406,206.4588913066853,19,15,55618.922286554065,9485.850426401164,0,2.264536338349746,3.181409035021158,Benign
143680.99667009118,26,26,1690.0045411433116,1120.668060369349,1260.8311710895237,10.905771017019545,188.38092081092208,218.31806640551864,0,10,0,1,0,0.9639419084845697,125.43981046426862,12,18,56561.15035561085,11982.001660248305,0,1.253691120374674,0.5168321724172702,Benign
138253.55209289037,32,26,2098.465496411548,1040.899241953233,2100.980767305158,22.185936282491348,199.33981706469862,197.20717189502898,2,15,1,0,0,0.7736676015665764,189.9533372314414,24,17,43626.53043628324,9000.074416419237,0,3.6796335992903253,1.9188137720830172,Benign
380949.12002728635,235,130,12871.972745427345,8292.573498128875,17591.06907122545,155.16116837673187,588.2957882822825,491.9249229069639,7,13,4,10,3,1.1914239435085683,658.8380663507456,118,143,17318.722909432094,38414.90968663083,1,20.20308606018849,20.215394599472702,USB_Attack
323905.2813795989,167,269,17680.901103896063,11355.245542899345,17569.435219824456,213.72098432487576,648.444746108285,407.76184627263416,8,33,5,11,1,1.5230904101089444,615.5457519066845,270,185,20544.42918714316,65993.29031636161,1,9.30985563882783,17.849180220667787,USB_Attack
492318.59886204463,453,165,11714.77083722115,11947.572728002191,11187.076846863976,169.71152926194182,754.8372775898146,577.3639656693474,10,9,9,11,2,0.7402585529921326,331.5627464480241,261,214,19973.639165738106,35643.11163701991,1,20.25692888812814,18.57603164375439,USB_Attack
132491.04444416866,21,22,1025.0771060053746,1722.6119100953651,1706.7667163056321,25.58623258129162,184.00021980429727,248.38481041806753,2,10,0,1,0,1.1646246826503623,209.81548229077208,24,11,69812.68141071506,6671.261739836256,0,1.5661535718055148,3.728832864686772,Benign
87286.58242348567,39,14,1719.6894299396154,2079.358018731812,1354.2946948909512,26.012606418201358,247.06056245387362,231.03615262884347,0,10,1,0,0,0.9754303314805766,161.15837769231592,5,11,63401.90254403521,9457.786171751217,0,2.575452413706208,3.3463509063905095,Benign
138938.2419036473,30,12,1596.496172840285,1759.4133629238947,1366.240238461098,12.284173672506773,266.41769167901873,186.18885788403554,0,12,1,2,0,0.9656917480651288,207.26331156331236,22,13,38789.7961038924,9980.415478431576,0,2.3973333863414394,5.2120878365060825,Benign
147251.79891801914,54,38,2385.7622545923887,1195.7762387380942,1514.6900113057936,20.791716715655088,153.1349959764644,129.560661850134,2,3,0,2,0,1.0826053793658466,158.6236861675008,9,18,64959.0171288873,10567.52103935247,0,0.8907269478064199,2.45518522474186,Benign
123806.00928887527,30,24,1201.6499412077424,1142.5184711697793,1073.6805663850441,28.23813210119404,165.6260783901766,163.12710723416762,1,9,1,0,0,1.2540669307647834,173.98296069243048,29,23,31596.873758223657,10615.929886274258,0,3.9505800008054246,3.2802552209941074,Benign
28086.60401062813,37,19,1511.4264112225724,1634.9335548783354,606.8938645692128,25.685778201930283,255.09999411712457,219.0956614012471,0,2,0,2,0,0.8785431791512532,218.68450242172534,13,14,64785.92745877819,10521.892966905154,0,2.3179486336311124,4.037579535816779,Benign
385751.21159306675,248,199,20887.74382883551,15682.41188904209,12246.650657709677,220.65205436893487,518.9965772993971,580.7329586125567,4,22,2,4,4,1.4469262234385796,474.252490885915,99,85,2918.9919043995687,45593.95108902312,1,17.747870725580963,19.915899556456104,USB_Attack
534975.6928023021,321,137,23093.598898015825,8952.994356357467,9515.457353913007,180.09850404146897,556.0046342871001,246.70476199043253,13,16,2,5,4,2.2525435386889585,425.71427909418674,225,194,22023.113920711487,30509.20867917187,1,13.936601249541575,21.692032725916395,USB_Attack
418175.61405007384,263,311,9555.572170163312,7189.9309311587995,8236.279817341103,159.4680208030185,508.02284401676553,420.8033110352697,8,31,6,4,4,1.4483194875597905,385.5075930671455,95,133,14612.735188610348,60016.77895249562,1,24.308575809857082,19.555349549803132,USB_Attack
60475.70330613012,25,19,2081.1499223630685,1991.350738002598,791.3670564205711,29.70578341850348,277.3257960257073,199.60618207267154,0,6,0,1,0,0.4995245437662442,192.71659519239242,23,8,30808.46405055788,4256.467207260958,0,2.2796117752192955,3.205321668726375,Benign
423007.12179537653,174,255,9966.30432561322,12728.897457153049,6920.407157126157,207.4567348960344,708.0673676425486,435.1004526076229,6,26,4,4,4,2.757552926607035,582.2338957260839,125,143,12299.979072050557,56119.413107472836,1,37.42708982204184,12.42061112674553,USB_Attack
120400.66774631018,38,10,1726.938544292296,1599.7285265321905,1670.5420696477167,17.114821300613674,275.28837394126236,178.26852257702234,2,8,1,1,0,1.0502084200900872,144.49908216715562,21,5,73399.8916309211,5436.584714217741,0,0.0,3.083491200712325,Benign
153148.21466873176,11,24,1111.594499529766,1336.4362482174045,1411.0767339759707,35.247436282232464,213.7702001691998,225.50312290691411,2,11,0,0,0,0.8199654688736968,207.07518979698483,28,13,1.0,5071.023595140778,0,1.3359080133196501,5.398020447444662,Benign
128308.76025658096,34,35,1117.9230706181547,1455.6142302290873,1396.6398178127506,24.644751613686545,231.01229817005918,169.1257413774797,2,5,1,2,0,1.1880709352716305,235.90300131710157,22,25,79261.72299969802,7854.74119825365,0,1.8611380664376904,1.7528260183096214,Benign
385484.50922873605,139,87,12798.642658604123,9620.433844203144,11778.414115044392,79.54336818560368,417.0961132914005,549.2735682504112,7,8,8,7,4,1.6050155854645731,444.313014043443,247,181,12180.644939015274,35067.082976257676,1,16.448548906987728,10.424273014784925,USB_Attack
504099.677774326,271,370,10041.377077643672,6980.455475373705,7834.226170460152,149.20335197772243,390.80782020957054,451.9898119294648,7,8,5,9,1,1.901566695956149,442.07074693301416,216,90,22537.932394667816,51572.16193026664,1,18.133148091234496,23.70058419662005,USB_Attack
370855.3080861669,542,190,18813.995386192426,16168.296910793439,14626.185111778816,70.75786674710739,315.84219118238025,691.4139579791781,5,9,9,3,3,1.4652475223149906,762.3310959761136,179,205,20145.54980551768,54024.18178838691,1,15.106193111171159,25.262831438460687,USB_Attack
188322.91345668293,31,7,1857.1745549102982,1691.5156126657205,1479.1650938773998,31.794036570457152,280.3648274505438,187.91882313779612,0,7,1,0,0,0.8277635301307896,216.31522812679583,13,14,43696.393040812785,9157.451102897687,0,2.426124023705801,3.4106438188378396,Benign
149130.19007877563,17,23,1988.5662421555137,1450.4924441598926,1829.069624416794,21.45189057620286,270.42125791885786,244.01646215068723,1,6,1,2,0,0.8162165496263775,204.44183162360162,24,24,33047.67880166092,5970.774577631009,0,3.2369840712925226,2.361400822307439,Benign
72589.82046463396,36,18,2035.7924039229438,1386.2046887473273,1886.0368048503658,21.99016310905213,219.67974845239675,161.6399246622452,1,4,1,2,0,1.2072176575756752,212.80439502498479,8,22,17350.706290178307,3678.7089621465648,0,4.554512487175447,4.408836910378798,Benign
544651.3098204747,448,176,11223.47521462616,13620.083675810152,9751.546051378966,196.90020845763922,294.86738506767335,435.02998176647355,12,26,3,4,3,2.1961013059001413,318.8587982520932,234,171,21793.61430211956,60101.934360599,1,17.909987256687042,9.676503887584811,USB_Attack
154244.42304309653,21,29,1312.2359104926293,2102.880770204372,759.1002856318031,37.97759599204834,267.2777426965795,153.8214200514423,1,10,0,0,0,1.0484860410549701,237.58020901130965,23,24,47691.43357541212,6133.259117177739,0,1.319063760505677,2.8650734766326664,Benign
156081.02419608439,58,12,2157.463567050201,1355.1457137964485,1197.3420403735136,20.83119060957722,238.91806122659798,150.43448706768706,0,2,0,1,0,1.1775675880694378,156.55834448062163,15,7,51387.54784458779,6115.043952894971,0,3.2997895115475204,1.1376611896163835,Benign
107201.85050822701,39,17,1485.3276947178017,1727.6536770013097,1460.9242876509234,37.60028619930016,185.09959608212358,210.0964689548035,0,4,0,0,0,1.063844085989901,151.330691983333,34,10,78585.11053179456,3839.8501622335707,0,4.180725260959415,5.54952600555435,Benign
154948.33335564384,48,39,424.9257539974258,1805.5484365840948,1189.4051791983543,21.550054707257175,166.44885447703277,170.66632041832483,1,13,1,0,0,0.9872910542097229,194.44462151715737,7,17,61229.01583823829,8353.790398421363,0,1.155674340174884,2.933567802485997,Benign
408921.95278876985,520,252,8022.3129377152345,13885.970721712278,13431.88569695514,150.2918712956761,491.3709803892081,428.14068647881646,8,27,4,5,2,1.8547391580850308,583.4488661444669,143,210,13770.411923107282,57189.43553705506,1,14.861470124708845,24.616957967103286,USB_Attack
197175.5231090919,47,14,1281.8693559656158,1084.4941233931645,1527.9009136893944,35.55623339223851,187.3217079576409,211.39390085406816,2,6,1,2,0,1.2697953263723232,157.1288745865786,23,23,74801.5318822616,3991.017387581306,0,0.794727895873043,2.128829868026049,Benign
465091.45718843804,397,247,14629.276333849915,12296.313510130247,15985.45281079379,230.12804502950814,480.40204186943805,454.02939288430605,13,23,2,5,4,1.504405410266861,736.0076960329372,291,134,10183.065211959176,31125.056162193338,1,22.453691116848812,20.97923692382971,USB_Attack
104777.98270798725,44,23,2496.410924658485,1630.6959820575948,1304.72477518545,24.491423941158754,237.0481119668133,231.52575190746197,0,12,0,1,0,1.0896568634945043,159.7281221467276,29,11,71068.07028355944,9981.805103434688,0,2.9478587446564855,2.212327904059591,Benign
369590.8138903527,528,84,12280.658895361488,13391.556627340686,6789.33634098012,160.01088742696462,513.0250053957415,499.20671010482863,13,8,5,6,3,2.0161453593377408,578.3295549690376,148,136,17786.09097504951,13448.94352119396,1,21.653276163312825,30.70946014972293,USB_Attack
475457.33344967203,247,273,13859.246279226682,12426.277014340665,7389.747011411363,115.35228685549299,645.465696070314,364.76506955651166,5,9,2,9,4,1.6972699853199222,454.6934982672256,237,170,12830.269062705827,58173.39666937504,1,22.83530640779638,13.360372339352304,USB_Attack
93299.37750709191,21,6,1876.8988402681011,1988.8066071747776,1997.3604220166053,28.42956658904799,210.97887589752398,208.28272893349117,2,12,1,0,0,0.8460714578353623,191.8911718752438,11,26,40169.35983816507,6099.659157193324,0,2.96263189634064,4.189353200932109,Benign
413308.3278198995,397,297,10135.351724239594,16553.927134712572,17118.109966505057,231.08717075022687,528.2108250753146,563.4845970273766,6,12,5,6,1,2.2098012182018953,810.0064468077591,232,181,13410.704319481893,52030.18196170127,1,19.084920040804633,24.00570058675958,USB_Attack
106959.01578830597,39,24,1268.9464456214469,840.2632069921606,1822.2936557863668,20.687298446625466,189.24207831474595,185.75350264732722,2,3,0,0,0,0.871320970084756,226.3927979693692,25,27,91377.63805681825,6303.980955111338,0,2.9698206925256083,5.669324173465473,Benign
131080.74179099713,48,7,1795.8925097917552,2235.4277296523514,2043.918324521898,21.63642850074034,232.2390235140685,204.94256311714145,0,14,0,2,0,0.7679379835968417,221.34976574159742,34,20,43294.134742606766,11610.23684291801,0,3.040533464386622,5.853167144226875,Benign
459108.68785541784,378,303,8896.791986289734,11168.698591489414,9840.811156585885,175.75359934137094,409.25231003755414,602.7338501582092,11,13,4,8,5,1.7536610948730706,427.6104090365725,284,112,23950.074713937553,49400.2580942455,1,16.043000717460703,18.579460203867846,USB_Attack
178061.4355058733,16,9,1704.7941214949774,1431.3861377962862,1379.0328720617513,36.83647716510611,190.2896196446481,181.17199471717396,2,7,0,0,0,1.0474178964686096,223.34513556723198,24,22,82471.77208848631,6764.893992012948,0,2.4749427294612256,3.2263280418993783,Benign
120401.27438147587,24,15,2376.1094983263347,963.7249006109759,2183.95141275466,22.600374936136127,275.5802110223622,211.1536191676425,2,13,0,0,0,0.8388362180970012,202.90243741703927,8,6,50451.73496428728,5844.411201913765,0,2.814097013208398,4.297536133003122,Benign
158730.87165552407,28,17,1583.9802302446096,1974.3038880274164,1753.0912411778233,19.475994700699502,209.65500777169052,245.22627963041583,1,9,1,2,0,0.8371568963401723,176.8316109995412,17,26,97707.54840526503,12227.424616809036,0,2.0098026592100826,0.23894922200645796,Benign
454957.16083885444,310,265,15816.394602967344,15925.162614438193,15795.259847144329,102.7283230080887,529.8984207103476,672.8063295614967,9,10,4,4,2,3.016798574268587,533.5438991314742,176,203,20169.076750640415,54752.963097769876,1,13.493035099299986,28.927320288166012,USB_Attack
144792.21929679773,14,16,2861.0987521361226,843.9907298650056,1681.9283902548038,21.53451717181256,249.85079928320675,219.82575433202956,2,6,0,1,0,0.9508724669073824,216.5702054156697,28,16,85690.94250211057,6553.446867295099,0,2.192434831698924,4.4331435608669345,Benign
540137.8059201868,402,157,22292.248061974733,14352.078272740926,20676.971011538673,200.76578104511924,560.7435275469869,489.0004419261017,8,14,5,10,5,2.2467149812977922,520.5235548521516,279,231,22515.46488384538,46486.359381214344,1,14.066261615953673,19.090884872547363,USB_Attack
466763.3850442256,256,317,4716.097342376348,15066.21090037381,7892.501505074948,182.7819429327816,431.8544451694093,379.7042692607347,3,16,4,7,2,1.8317218011566923,527.4629245795,190,194,11837.825486352089,70256.07041522741,1,11.835195851433092,31.926102464757673,USB_Attack
487254.69980584696,303,372,15971.232058099591,4582.482812497045,17564.531601387178,290.5439370933078,480.96852048480366,460.3965786603912,10,21,8,5,4,2.2108276590084417,584.5825692325607,134,136,13649.911439467593,33859.06855974365,1,19.831330691340423,31.446151015906818,USB_Attack
134883.62124266356,54,15,1206.4013005163165,1166.1132325489543,803.7828943908804,25.622038904127688,248.43456880746902,174.93480398331485,2,12,1,0,0,1.29823835340542,153.34725625497168,30,9,57543.427292316104,3311.9299747336017,0,2.4550872117518634,1.4128729331653158,Benign
130989.9880095013,55,17,1143.9999927111048,1046.1765186120117,1607.532068198191,32.366371820746195,296.0349927583594,175.91435436218927,2,14,1,0,0,0.8275657198218862,152.91911741315408,11,21,69216.23583951869,6805.43845335897,0,2.8984640657336733,0.7765141068696968,Benign
111351.43625618043,27,34,2428.2094569288174,2297.4445425432386,1584.251090900643,28.231901786187247,175.80081945754378,217.24277946621947,1,13,0,2,0,0.6968120603060615,177.38238784816377,12,5,77559.07235440423,7795.297204463285,0,3.5339735559159156,3.518992266330149,Benign
132149.4695677403,46,14,1936.9942364364997,1881.4917703099595,1645.3849945859147,33.61676450693137,232.3973082096335,228.34843314457478,0,7,0,1,0,0.6276307378764028,219.75967088624023,16,20,71573.35493126664,6047.604436685074,0,2.3280086668912205,4.845138928348257,Benign
187031.58738593047,47,15,1686.7473770101053,2133.3476012627525,1730.2115407653234,33.352229396859464,192.51416066274956,222.09720258579387,0,4,1,2,0,0.6847464453631296,219.19452943422004,24,12,21116.1833520909,3490.9140920560894,0,2.7275134810196655,2.6934955450368228,Benign
111888.09173713674,43,38,1805.5616514405806,1611.6833778414712,2098.3863839286923,26.66841684492701,314.1362120859112,235.47999314209397,0,15,0,1,0,0.9667499632911354,199.63240521863713,25,8,65669.01176440532,7562.5239285667585,0,2.2396184306840605,4.659195060208249,Benign
132583.94678559745,17,28,606.9792638179654,2064.308655899754,1665.5555958457194,28.010495760510203,263.38713673525876,202.16772654579438,0,10,1,2,0,0.8485071750464694,195.40842969008872,27,18,45555.07941250266,6019.237475686365,0,1.8405964212179122,3.929788521977807,Benign
157733.3685260833,10,12,1704.7188427714993,1118.2558247034403,1509.159384189786,33.86989341014898,229.87375700604895,170.51209452218342,1,7,0,0,0,0.773598425413748,252.62435285247344,21,11,47990.64326383045,10102.486219781586,0,3.125902366886829,1.0775340608690562,Benign
564159.7884920505,139,184,17262.671042327132,13890.981630496877,20027.268631640523,173.37433907266237,518.0410723829697,345.78185428030156,11,32,9,7,1,2.4391205532509015,565.1074471465618,128,145,14524.419254451866,50110.39901076311,1,13.715841457081112,20.731553484913803,USB_Attack
562010.5204671583,525,375,13902.671534208337,8476.021584720333,11091.690999929282,166.90537801541075,593.383353877848,498.59665410867296,4,24,2,6,1,1.7220026314329482,740.3982563192315,111,125,16680.470469311615,43679.32935143916,1,28.52302513914905,21.58020059085412,USB_Attack
48498.33891127915,23,11,2297.515389192003,2122.1011193438494,1866.0283016672356,20.899318955779144,246.1196076988626,219.7357997526829,2,8,1,2,0,0.7220262390747281,172.33036132378746,20,21,54894.87591443276,8285.938219802265,0,2.495922910821388,2.2128320280607023,Benign
135501.084559454,41,21,2088.3401170649554,1643.479368063205,1582.482450723236,22.19228062744819,172.31277307988782,189.22737790707822,0,4,1,1,0,1.1030787343706283,151.37735991016308,11,27,103403.37343890555,9532.052882023747,0,1.060210227906156,4.146749344272826,Benign
53415.77224130841,38,29,1997.7293243995707,1218.5197162187033,1673.0122199075674,15.304792202609875,173.4110154340276,197.0440514829664,2,3,0,2,0,1.2606673030946416,225.5464319438043,21,14,35866.02740203099,7066.769326147587,0,3.829194716201967,2.4257910233344506,Benign
536913.8573309218,175,290,19448.675794018105,16259.328582647173,10747.42661064527,169.7607720360793,645.872219510213,527.2488054447289,10,29,9,10,4,1.6284609936729089,737.874725238483,165,154,14550.75328547234,46609.43053669933,1,13.937096223227721,40.32946966366575,USB_Attack
125084.21613579782,8,31,2095.321539998437,745.6140588928916,1507.407366109331,32.79227255111789,224.6695834340251,177.76717131225303,1,3,1,1,0,1.0374173856388738,210.84465909159803,31,20,69475.22514475143,8026.699699926956,0,1.5978380631107298,3.6007462684998943,Benign
502230.6036735757,469,377,19123.457461431604,7650.545304123325,11948.935313501599,154.97307417416812,468.7174274119194,475.3483310884935,7,33,3,3,3,1.6828794593878977,502.2731933371525,131,220,8654.601068352596,48585.91483878023,1,14.643814076313555,23.36475788927476,USB_Attack
413782.32087747124,188,108,11625.631699263024,12908.799476353719,14817.032219893747,144.25863660280692,298.75888067246774,563.0914839278369,5,17,8,6,5,1.3608167389999208,612.171702986916,193,159,7551.493015535159,62863.18989473069,1,22.1342392123503,25.329985203454832,USB_Attack
543121.5754510344,472,296,16645.08366199817,22422.089667955195,12795.269779845716,180.64324376671505,396.4432668222094,316.2084305908329,3,11,5,7,3,2.115449714927431,481.7534057839192,206,105,19336.29251426639,54448.984988105396,1,16.65013306452286,22.51889261741979,USB_Attack
736076.4955416875,120,122,16827.982497441433,18754.820242553586,14464.990571398263,174.70429090419324,558.0612959646284,473.4803006182047,13,28,8,9,4,2.1860515923241985,442.1095039473213,175,101,13987.534364516308,40099.08659730354,1,24.536629570894938,11.117448847150833,USB_Attack
118991.89680131574,22,27,1605.7615871908934,1873.9260057149768,907.8323319445104,33.00195649933407,241.93255237447545,224.82025389271936,1,8,1,0,0,0.9823833091869304,216.82616108972334,5,16,55417.07857722218,9403.63211592362,0,1.9796413094815954,2.350920511309913,Benign
486389.5243882453,241,156,8704.642951673137,12740.70398404041,12809.383942870618,145.21351061171566,482.41699695512136,501.1114502558251,12,25,8,3,3,1.786785026732083,454.23086149089386,227,239,10911.264614012222,69984.89629161078,1,21.544877995501444,18.74151695453777,USB_Attack
122539.83842198292,11,26,1886.253594192537,1740.5195796724124,1281.2896664984341,37.16778734385269,241.02271799699864,154.07626631626366,2,4,1,0,0,0.943365715711116,174.49426222879308,27,11,30813.512436529945,9552.370851331507,0,4.031444093895189,0.9753563764917188,Benign
203023.0767609678,19,29,1806.7009291090194,2367.6327735980153,1731.0309273670637,23.09072575215402,261.3699318173939,222.50133157583412,1,8,0,1,0,1.3555702902092905,220.62485927231725,6,8,94877.78664795862,7791.524868631599,0,3.5671465678249517,2.9514353969020553,Benign
145035.76642107172,9,28,1682.9589634599272,1726.2101103257748,1536.5200890634283,29.23014108567708,204.06336792132916,188.27233575352437,2,15,0,2,0,0.6746250366690687,239.11982873561877,24,19,85107.74082404381,8703.111112911587,0,0.17805360388141445,3.4444055526837776,Benign
151484.95817589958,35,19,2313.802180700587,1635.9960586109976,1091.1892545408125,30.024462741937814,196.86228638632,197.27593688695384,2,10,1,2,0,0.9894844814071535,211.46488955919992,18,21,49482.60683548706,10497.098691056543,0,4.220454532387679,3.3465593639749733,Benign
437332.75739702745,475,146,16405.13717775971,14598.320044651678,11342.314529070378,232.325503836304,465.6946669331921,441.3385174608457,6,8,4,8,2,1.6844844983931744,433.0362782410742,221,232,10309.098430903632,49933.58676889293,1,9.305761978071263,30.745977446106846,USB_Attack
164383.8643155658,38,30,1279.439266303697,921.5269970398726,1936.0536017902898,16.232510932026152,149.33492664270074,227.3843113948171,2,11,0,0,0,0.7031837457357988,160.94981660196487,27,5,62785.1908560744,8003.621265013538,0,4.5140935344484685,2.131182558259757,Benign
114297.84981297766,40,17,1287.887364450979,1930.199372538055,2134.4222128385604,18.609790251495827,213.84090446756827,208.97648631230118,1,12,0,1,0,1.0603311091134384,206.99963437894013,11,23,52235.92088179655,430.35790669757534,0,1.7751179407489794,2.654661214321828,Benign
58357.16076974119,28,30,1619.8362062870065,399.5402909931213,1594.7858656272465,34.18522120743372,216.2366991695635,207.2199226417113,1,7,0,0,0,1.2061619989035728,177.21936875675425,12,12,81224.67955201324,9924.611729376058,0,2.3322299592692977,4.364671427633279,Benign
114342.4160098197,53,37,1185.704892044077,1236.1862142258997,1485.7067726877237,35.010463966576395,181.98709066196608,164.91138595475417,0,8,1,2,0,1.3405339634462186,178.4931653023576,9,24,46240.83548885586,5965.205919378651,0,2.6075544052103123,2.03637455825762,Benign
731972.7499653578,405,196,7540.431737007766,16772.530613315044,14677.151943438914,205.60844528507576,376.1288375270676,367.6858137813801,4,29,3,9,3,1.9845468958955175,584.388122665207,271,139,9045.584190944475,37856.951845902135,1,21.124007805275827,17.74436309896635,USB_Attack
90905.9881465478,13,30,1717.2549026845666,1144.6069544639868,1269.0099916316392,27.088443152480703,273.3208850053575,170.2336124372756,1,5,0,1,0,0.5199786355971633,216.45271361090153,7,23,65716.42063286314,7683.062153512479,0,0.5554417172754476,3.6526434669798618,Benign
329991.78603087866,147,184,13752.566326111311,10390.201631393982,18243.498932652612,246.94650270211403,570.5498516853792,410.27427992595835,5,18,5,9,1,1.7780527494356906,541.8943001525065,211,229,9415.442503874423,17575.24787056079,1,16.75554735784519,17.37711669460536,USB_Attack
560999.969798676,122,378,9235.27250136676,10327.634751916376,9887.296012743336,127.6104652842326,479.40986755796547,513.8112378024007,4,17,8,6,5,1.485444504996485,669.8248869574419,291,198,9439.608342577518,47702.853088835196,1,19.503599655119565,38.89055216944798,USB_Attack
414576.7536962859,136,330,13837.226211011508,20646.9793652973,14332.53553803237,206.1559288712291,585.3519458465979,479.8778453418937,4,19,8,8,4,1.8883408546686165,512.4766782395068,244,119,12420.70773628557,60463.14527422602,1,19.92501265495283,24.89541735365309,USB_Attack
142483.7104621969,35,30,2331.323682015902,1191.3775436369674,1550.9822019356288,41.14297105186115,234.21009420797412,231.9341978020193,0,4,1,2,0,0.9430238550866891,163.02417673672554,15,19,25693.240006514905,5791.271249513631,0,0.5141999572095801,3.7289342648815205,Benign
139546.21861931877,9,12,1702.475074397784,1288.6950700624307,1323.6132433026792,27.39446172962654,198.07421414738104,206.8008496748954,0,8,0,1,0,0.8033147350902216,210.0283184089746,27,18,52020.1224557719,8594.582254780194,0,3.1863930358872974,1.3810885861557327,Benign
138648.03939362915,26,18,1787.9025558843227,925.3482231516703,1402.9791343926784,15.966271322372526,191.69566396080987,186.7453728051049,1,9,0,0,0,0.8732608784219333,239.9632854563809,20,13,40744.89155379555,6110.514543987771,0,0.7913994626784027,2.0147780273566838,Benign
118882.5224234362,18,37,1518.6087976591446,1817.2472037027617,1645.5139782599817,25.938258348589713,208.1613975676114,203.27438954303565,2,4,1,0,0,1.1034973970625248,220.1061495936846,7,19,81216.71053738307,10173.439165187201,0,0.5684818748501423,1.9534490260274449,Benign
548199.9084842568,195,202,12667.184117977888,15479.521277017695,13162.788651555366,70.41513962707103,592.3210356535396,518.4122478933333,10,18,6,5,3,2.2615734638060556,557.1939008808178,267,76,29794.313282333867,52122.98569165687,1,15.473077449450383,26.96653893195734,USB_Attack
84444.46258403047,50,34,2156.1156530660232,615.0900880974534,1160.4919637808086,4.627736501371345,261.3490455881559,201.98206051779476,2,12,1,1,0,0.6458582156131496,175.32959243249272,24,25,49340.25415151977,10301.807039365072,0,2.8512617313507316,2.746204881860136,Benign
54406.74063748297,56,20,1594.332883864851,1545.3526163145261,1365.3767139482572,26.41028653752874,194.25936137727055,205.32003290779468,1,4,1,1,0,0.797735523113737,200.3551688160385,23,21,71499.83172090692,7353.924733382121,0,1.2159297786273338,4.547795448204747,Benign
124502.43391035072,19,13,2059.205981267332,1697.5404976208215,1193.9669214560756,22.0206835632601,236.1192883122009,168.8001693816492,1,2,1,0,0,0.5823091016312864,224.63729796723,31,14,57635.55599595786,9416.698647813737,0,3.272066600996241,4.1891207635829835,Benign
365533.03339492035,348,181,6911.615682257781,9112.621223215845,14553.69097171484,175.55683273883398,565.6177150097176,302.67447276068697,5,19,2,7,3,2.168723906796524,463.65507880012086,194,103,27063.439146123466,51553.42654633596,1,14.105916194026799,29.72688601174745,USB_Attack
156277.93705276132,32,24,2179.525282761105,1466.9903424404513,1262.172422540091,25.655418041042473,184.7117577629882,147.34254892098832,1,6,0,0,0,1.074155903897824,186.89701672155408,29,6,58794.18478151431,13037.2959904228,0,2.60262341930949,1.0134554293708535,Benign
319194.6065539581,196,150,8669.340800276987,11099.458508760321,11810.457975221125,163.604023324599,377.3143882459375,441.85813625780634,10,29,4,6,2,1.8277238711799324,735.089637731602,232,197,807.1310282222039,53064.003684805415,1,12.895629927155735,15.808215168340137,USB_Attack
440029.0691071036,128,133,8330.160213179934,9999.002502384501,10674.703004112322,190.13143105292443,303.4748667596483,398.58688948239626,5,32,3,5,5,1.3544844642063807,452.0882378096628,255,118,16822.38955577469,35287.991012788254,1,19.55852709386803,11.937983539448236,USB_Attack
90059.29220118366,59,7,1830.4882712168326,1502.9637702447983,1628.1783059139352,22.213915038041897,260.70693330035834,235.3279349047675,1,8,1,1,0,0.843308185569966,163.27205852877336,9,10,53433.3914862037,4307.001465468812,0,1.4262290327595086,2.7551739080014577,Benign
507274.3454639445,306,259,6533.7857431137545,7741.304692192124,14967.726139289949,123.49438413485603,685.4524406979002,481.4065680362006,9,29,5,7,5,0.9340245009065894,305.06424933767806,97,163,18925.34780575766,32296.459883794567,1,16.558521970784323,35.12985034214739,USB_Attack
533128.8515687751,202,144,19931.21218899823,10732.923653550293,5576.513708973605,164.82743086476825,567.4850611922327,404.43885029084294,9,19,5,8,5,2.3208393576850703,618.4431084346776,273,180,9297.049553747036,52311.69617811842,1,21.939136898902767,30.78376969227852,USB_Attack
195957.14033226532,55,16,1061.911613344066,1810.4593432361248,1877.764922590815,19.474480477803006,197.28222406094903,150.82337969666256,0,10,0,2,0,1.1026773684947473,183.94217068975527,34,6,65713.78065876964,4832.711448044132,0,4.3167774908680805,1.2732616692267167,Benign
164402.9761114175,56,37,1491.8913770122165,844.966953418156,1139.5257397561186,31.874016912608518,256.9108053177001,164.00196112588606,2,7,1,0,0,0.9538903219363395,220.69887881348546,22,11,52771.46427946437,10592.495957470064,0,2.0246496129516203,0.0,Benign
153581.91485995142,24,11,1107.6945259828435,1292.069604426615,1989.6443567678243,26.864562349813962,262.56521293430063,208.97171113823003,2,4,0,1,0,0.7716695116960425,221.71336336634315,15,15,51318.588391832425,6183.790375773836,0,0.0,2.8415947989635484,Benign
520152.6903822907,414,145,17210.36364464034,7683.654881013642,8713.819408658463,188.44898367305368,662.0508305592671,493.89535828616016,13,13,8,8,4,1.9798179202858814,380.05776599092536,172,202,16227.7050475141,68140.47415089534,1,18.375551775057954,12.945044119182608,USB_Attack
93504.01106534626,52,6,2110.775380229938,1227.7620051587396,1437.4178788299014,16.68185480742808,214.81843659365725,191.49843720451847,2,12,1,1,0,0.9087853501403801,167.33307819969266,7,23,63970.830701714054,9617.533997699855,0,1.5355112871272723,3.092750606707808,Benign
143667.2365014972,34,25,1797.9106032936709,2062.7115181039817,1643.232017791725,22.008680537166313,217.9371564245068,226.77818156773614,1,3,0,1,0,0.8085727285200759,163.73764661953015,17,13,46582.9123011631,7363.336069033798,0,2.446623244939823,2.8759442884417363,Benign
86980.1620729692,33,37,1560.1595116478707,1224.453349813336,1489.6916817497913,30.897260466857702,193.02283042207785,176.1033724173182,2,4,0,0,0,0.8988357091765843,213.53582036150488,7,23,50392.1781851334,10365.618670077753,0,2.176542296432493,1.6344250759735162,Benign
112846.90947059092,55,17,1606.518701347284,1823.215256463338,1718.0314617925626,29.038270099883924,233.50935929306067,188.00924159653877,1,11,0,2,0,1.0116162192367255,202.85019039475125,17,23,73728.3935103059,7625.317994565529,0,4.28821097221358,5.921608662836883,Benign
116556.66152994233,51,12,1501.3811678368302,2182.769331925668,1574.9262092524668,21.18240904181828,195.5019132720617,190.93766172552887,2,10,0,0,0,0.5932943073532797,178.8552341348538,9,13,97118.01530355982,8880.712685980048,0,2.039648736801792,3.0238018415258217,Benign
167787.36267368423,34,25,2625.1845839095217,1487.5902088785065,1365.0295790911189,4.108782788257585,201.09087391252686,183.84812425465248,0,15,1,2,0,0.7483631431629191,196.49198297477406,8,26,68232.4270807683,7287.275139487713,0,3.4792882297070244,2.1967427834304045,Benign
578142.4792024709,246,219,15468.0145239608,17784.07576401952,17071.371501575602,192.37954244349498,606.4525579701776,374.24805326301055,10,28,3,6,2,2.3106572163624985,691.579685283381,168,91,8948.19563165403,63843.04448361389,1,13.561944826889178,24.068905895530317,USB_Attack
395731.0852459236,143,238,13986.315048414248,9535.450580252846,13095.090876588136,227.69951198925452,537.3413309698602,460.94502840646925,3,19,4,7,1,1.9743707555448506,684.8374123836584,173,193,19869.048287974867,3915.7317398290834,1,21.65032379609277,14.47777309286557,USB_Attack
135133.33942987406,43,34,2198.025308743164,1552.3966187625897,1350.5378886453066,17.743152498377906,148.0241355508175,196.54978538891805,2,11,1,2,0,1.0690667100014504,150.99938604192408,15,17,85035.22370057838,5728.468158644699,0,2.72529526411686,2.114445577972486,Benign
99029.34440688221,22,28,1692.1221883260896,1837.6420151926181,1811.1786438580984,21.69459373488236,252.13953283234142,232.34548291131014,0,5,0,1,0,0.8992831948832246,194.36468940500657,24,24,68529.45714743098,11619.899576142761,0,1.59000797919832,6.248358579599529,Benign
473594.9710032222,181,165,16413.604930021636,9550.76569725045,12053.488327020892,135.39779219819036,280.3573732054832,663.4438941522733,7,27,5,10,4,1.9569982663206233,466.07633619563103,185,87,18942.245175752512,46349.54924779839,1,13.317310995686906,19.596418928788083,USB_Attack
117398.85897473629,42,26,1536.8971806029324,1213.2289893711513,1360.9343155375964,24.701628376347887,294.7202429058764,180.81778027790926,2,6,1,1,0,0.879699226456955,160.46897500798286,20,22,65820.54831974766,11185.048872265288,0,1.0543357642656743,0.9657172945529062,Benign
111788.88012546695,12,30,2222.9920898783957,1068.3595949207663,1909.195276430934,32.917568383239534,289.0143273779281,236.10473676570635,1,13,0,1,0,1.115444754769866,202.63627347370223,18,23,28570.415038068426,7535.193474474175,0,3.4855744428216013,0.7609321489875258,Benign
143710.21745354112,37,21,2341.0986652996526,1041.9384544550956,1581.9366647346285,12.933023314836765,202.27324823983307,208.79866583853055,2,12,1,0,0,0.9867506302789195,221.71345896854194,23,18,68590.48102460214,9056.125523899851,0,5.671632812692723,3.005447674114113,Benign
74014.05364941878,46,38,1539.3320838989982,1947.4925863814497,1565.4571389512348,22.55948753636045,301.8668548453919,216.48139058469116,1,13,0,1,0,1.1557600488766537,159.08549687627666,24,13,40745.17941477751,4412.2170803598665,0,1.5336307380043728,3.662136793531155,Benign
104489.57325136919,19,17,1428.539616045482,2008.215430407759,1444.7557252947431,9.487823113239997,252.81510852856516,213.60300870018594,0,9,0,0,0,0.6289322635190442,180.21037801007895,8,17,68677.1830027114,7197.145398981345,0,2.758889505259182,2.53735894909015,Benign
140521.13739352144,36,6,2170.683265465452,1258.3333799997292,2173.422284895919,21.587379761305215,197.41401689699234,213.73614942303664,1,8,1,1,0,0.7387618919817744,205.40863527623392,33,24,43825.82804616197,6271.988854918846,0,2.872511031733983,3.657965352716382,Benign
370590.92683752347,161,249,13455.972379062954,7989.831396289293,18119.938569953985,206.69776776544674,612.3243667719514,532.7417993034094,11,14,9,9,3,1.0482589812695484,477.27332168895884,176,86,11938.076658097549,39995.47880202643,1,15.539177897092209,17.733662434440955,USB_Attack
71735.79872190085,10,28,1094.6949496445368,1196.3594670346115,1370.930185016378,35.25002266742706,244.0854298160114,202.74621973940953,1,2,0,1,0,0.9987022377337695,148.83887260770842,17,24,56632.40407480757,6207.702356643524,0,4.189123934009231,2.4949310842090195,Benign
140056.66029770207,41,39,1235.7821818476395,1746.5343800131482,1005.0659419680014,28.277696046748048,221.0953556208401,169.65970169471782,2,9,0,2,0,1.3800676900010083,176.776339260114,16,9,34802.057200264404,10998.779244074347,0,5.136334363891308,3.598362771979942,Benign
153692.83891324617,21,19,531.7849975259974,1469.9745874577252,1790.6924309298024,33.11863596474411,235.09765550102946,219.16392458683674,0,5,0,1,0,0.5384506728630836,175.7806179814965,26,15,53605.01917682534,11035.14853529102,0,1.7827557112860968,2.7249755149728485,Benign
118650.14377070981,28,20,2097.693426989401,1581.156486039915,1267.1403974569307,21.565217397816564,211.99073382234428,183.00344977318676,0,15,0,1,0,0.8933849495272368,184.88747107942177,23,6,108529.54788009726,10962.110443213107,0,4.581272089931641,2.427366712523133,Benign
61174.632045914026,41,25,1669.0864034321273,1264.4950117759809,1311.9857673094714,16.842255223066857,179.96500742903976,196.70189070745127,2,4,1,2,0,0.8844156021670528,186.16496362282908,29,24,9992.78633966174,6455.923430654331,0,1.8439455160185987,2.302087397008448,Benign
141179.0924009645,8,19,1718.924789512359,1956.340106119394,1293.2253471371278,16.58749604369249,205.05406674525892,211.10543005267158,0,2,1,0,0,0.9475677224840806,236.98020081518592,18,21,63659.51722218788,12692.73002219425,0,1.3356954661963,3.3262629637568555,Benign
70203.36355740935,8,32,954.2779511490734,1654.4363107895863,1525.088766424955,27.123514246166863,244.73230500807637,175.35937054343435,1,15,1,2,0,1.246652124257702,183.7448674995721,18,7,37767.55878529855,13231.67161866443,0,2.3327997478353977,4.704907587824936,Benign
129263.97830544497,31,20,1250.9488234553369,1763.9085625637108,999.6961661363416,39.4812919535474,207.59686214190262,184.69115756540697,2,4,0,1,0,1.0752551228676936,138.45752979197374,19,10,90291.28243090716,8954.502170152842,0,3.5428203956393176,1.3129559281155108,Benign
93376.0852577352,57,32,1561.020543716217,1571.5795573620067,602.7018935590955,28.299058336163903,207.38537499300875,214.27545713211234,0,9,1,1,0,0.5791971356935274,192.73393530178652,13,17,77958.8034844522,6789.962951606904,0,2.37493395913682,2.3275811431356983,Benign
85204.82142699104,8,20,1463.8371999260894,1735.9656736248796,1683.0816149571087,22.001858165699336,166.8214519179824,183.54065086372785,0,7,0,0,0,1.2067518894553748,242.4325325375592,28,16,64090.01988866392,5762.318730488862,0,3.385352455653664,3.227733175292389,Benign
330636.2845506236,144,205,11600.346556954999,11190.834492940636,12996.366228544395,137.82897043715792,630.5478312926643,541.1993318005459,13,31,2,11,1,1.514566771536741,407.4604511411682,234,212,10557.025834049433,22963.639662547048,1,12.635398646847605,21.802348771275103,USB_Attack
114501.0733071822,11,39,2091.734063315907,1082.3664173388981,1841.6551135909517,24.74959734598562,181.08238204793648,170.41527206412104,2,8,0,1,0,0.9526149134397738,176.85739077836172,8,25,65380.576112048875,8168.745957658822,0,4.1234131014930195,3.6043685172129907,Benign
100673.75248840655,33,23,2934.8062846425983,1667.8783929188075,2123.411099814059,41.21314048142527,252.14841698943394,170.31426870765296,2,12,1,1,0,0.5764469504243668,180.84628291356194,7,15,60134.62632761642,8475.059355702062,0,3.1367810469673802,1.8622130654755225,Benign
475508.5148021959,210,87,17348.932954637818,14031.201867674543,17950.731810365432,109.83177360679758,258.0117421655253,659.9415947203602,4,24,3,3,3,1.406747240277176,607.695661656654,187,202,2392.394911675503,19213.637355414838,1,24.26998757266685,6.643751165100248,USB_Attack
451280.4833502323,161,349,6129.133745292576,13322.131227321635,11174.158025559052,126.01105125650915,642.7495218430669,503.3328731615589,11,30,4,3,4,1.1192508773160554,480.13742471957346,237,218,21176.840734070327,45249.7997113197,1,17.675764608248183,18.723301236796807,USB_Attack
149405.72615015466,12,18,1385.0136115101127,1687.2482167276708,1490.2974321827123,25.87785574244885,295.739424801053,199.1985041300513,2,14,1,2,0,1.0993102026808272,144.53170824422273,8,8,49790.65477725814,10974.00644317411,0,2.2558527949759553,2.560915611037745,Benign
128435.19496930439,47,39,962.5268425123221,1065.6372665708088,2139.696463631148,27.394827122959008,209.2699022054794,255.54451542688702,2,6,1,0,0,0.5459104417502214,169.84669184697435,22,12,60227.58132686666,10119.480061222335,0,2.4981584787801348,1.276726128573905,Benign
99073.28380211076,22,18,1623.8491766449376,1134.9072016916987,1317.5128591547157,28.954205354264612,204.57988143534234,199.14225656302182,1,11,0,2,0,0.7461790904664667,188.05926775406408,34,21,18373.77095474238,6923.282977521345,0,1.4753435015871976,4.4193238702999125,Benign
568462.4585815585,403,371,21045.16131205992,12814.984133394542,17449.434674217446,222.72140655110485,272.7805415162218,615.300233629839,5,13,3,6,2,1.551932367898703,490.08073934488766,97,226,8091.656238313027,50064.256361183696,1,6.3443763949608165,34.30930105951093,USB_Attack
243736.79843128778,549,112,16967.24857434797,19124.381824504824,5925.618703244226,195.37777629296045,401.78008139105134,571.2855267425779,6,26,6,9,3,1.7565067443836382,243.36061514722854,250,224,3393.7972965704776,41718.86265353609,1,22.13152445452215,20.54594123798933,USB_Attack
405141.4943163471,446,370,15497.47798884089,13039.717910204328,10895.562090853684,173.34625777768858,465.79274674645654,303.08246847163593,7,31,9,6,2,1.8544407689937084,625.9311808372917,233,78,8274.941428630027,40750.8574871901,1,22.972736327486412,19.97651031229301,USB_Attack
109362.37358245926,24,7,822.8643066227072,994.3205704660888,1713.9873223761672,25.17586184457587,254.7879015209458,196.08064215611378,1,15,1,0,0,1.1297024427240545,191.34776943517645,26,22,85848.94300744217,7115.926227555651,0,2.6351628888577014,0.0,Benign
48834.134158094574,41,39,2668.0125729300885,991.625984558227,1293.8707085848623,32.58982348651975,238.3558110706154,136.42047757571768,0,12,0,1,0,0.991056254201264,166.6773012310086,26,12,57049.73597904153,9646.860584612312,0,3.7708261934870677,2.1286722196556025,Benign
516303.8618274052,120,275,11693.269622048121,11671.947630398365,18239.683607641276,77.50617295737229,549.5439643214554,435.93147644441314,11,24,2,9,4,1.9172447327296545,689.2519521086854,239,72,3452.114807850059,51747.83503371553,1,17.68223940496857,31.85753364519864,USB_Attack
92968.97912235145,56,19,981.190348527901,96.23628425939523,1888.449935381021,29.16491787279648,210.9205905533478,206.96655517493582,0,3,1,1,0,0.9290244550264921,204.01635349926943,27,16,51600.75170096536,5306.439200430599,0,2.030726981027142,4.344775081449276,Benign
452561.8923305934,270,199,14650.17297789357,13292.97839258864,9144.244505594444,124.54728814124788,342.37551675511594,616.1785893193346,5,20,3,9,5,1.5314051903371992,334.6569958324376,149,112,5652.627542980741,48618.41279697247,1,13.351343450431955,30.038891253266396,USB_Attack
432583.2123611541,521,108,12021.337960323865,10578.282232555226,11431.599930329967,145.60692958523816,518.9397535841828,262.99124884362993,3,14,5,4,5,1.7290942420900204,243.92817176261838,231,80,13731.898702014883,53289.55887972718,1,16.92743889916496,32.45619240159337,USB_Attack
457904.86592380493,277,320,17651.058093069172,11947.04326798658,9376.560523336271,188.72394269369727,605.3852414708533,516.766790529168,12,26,9,11,4,1.912861406726705,705.1685784297212,98,229,21258.788346942965,58400.09346759732,1,16.500581450942267,26.555616459811063,USB_Attack
583386.8114840469,133,298,5868.989976026797,9496.044115200108,11317.050445628407,165.85267945978455,409.11001960338166,584.8080116881284,5,17,3,5,4,1.2696636977468452,674.9684644648883,136,139,19525.577458367512,33345.43249689499,1,20.39422723072727,30.38907139462732,USB_Attack
160702.8947239189,58,12,1529.5511548686013,1567.4564838257747,1804.7748945927199,22.7501981426241,177.89110810009956,234.94889502229702,2,7,1,2,0,1.0442032131961174,170.1161205256257,10,11,36389.01938983629,9192.835373834656,0,1.0872916126627206,2.283051492496251,Benign
97650.51183823076,57,9,1972.4158547385232,840.9392204774255,1220.069030120777,37.41347769396433,272.3002973683726,216.21503934583376,0,12,0,0,0,0.8122033926036724,230.96255022213006,5,18,59561.839242138936,7460.574881196796,0,2.9469064247391756,4.076418334387617,Benign
496500.7992598579,512,367,12279.529518554087,11694.723532338521,8890.373676931578,154.08672421161083,521.3450631375418,480.83122633857147,8,22,7,8,1,1.5605297208855198,648.4326496435814,204,72,15170.979889646547,20279.389875281388,1,17.394179860193884,26.465398912226565,USB_Attack
138487.0618965994,16,6,2184.2418686702995,961.1373310663291,1907.2394589917458,18.980323166776156,283.18798734151983,197.5643794838179,0,12,1,1,0,0.7094406558786026,176.08155935858431,29,17,52799.073531529866,8986.773277490256,0,1.2979730329225587,4.06374370502018,Benign
50187.006091640695,24,30,1755.1294306353354,1398.525592001175,1557.9151550416964,33.85141444774814,229.2885473401927,189.48036553291158,0,15,0,1,0,0.7992783625186097,189.2064811025731,30,9,58805.19617551535,9400.790288759254,0,1.0165036004035868,3.603672792135745,Benign
64164.18946483332,44,10,2064.3083607772915,1417.8931754046107,1635.2286906909092,22.827034859895726,237.73828066208267,213.3263308740974,2,5,1,0,0,0.9735941838760878,225.01531904633447,23,19,30526.45014644656,8543.170447648457,0,0.7306396663834485,4.059427649685989,Benign
111577.99797447864,46,14,2172.81430346171,1613.7158868630866,845.613058518257,24.11803370418804,203.88934654031144,194.89037837060363,0,12,1,0,0,1.050866326650203,248.43826173678946,12,13,92095.03656716103,8313.66291069466,0,3.2493728772955635,0.92582662863156,Benign
474262.11615084164,389,318,11225.535166257068,15438.426920828439,12655.110402153246,131.20687790108775,549.6602267696396,309.91900146844523,5,22,9,4,1,2.1388044879703147,392.77652280186885,239,128,15805.871381411278,59446.054527035885,1,22.91426713277641,25.976090270144365,USB_Attack
106928.09735499781,15,27,1728.670943367852,1348.4035844721789,1614.9187376330271,19.26543059476831,241.29518595027628,169.72738069010902,2,11,1,0,0,0.66998526723202,206.18079211681575,30,24,46138.79985811421,6578.575412103849,0,3.0736642003940053,0.4707900254505768,Benign
450385.16951566056,390,212,13350.882057014911,16472.54893823298,7761.147934090239,110.1799539404274,400.860156663328,416.1264507983061,10,8,3,7,5,1.7953729026364629,196.96772730354513,131,106,17105.21418145447,67655.95438033466,1,17.464382661711685,23.299815913333113,USB_Attack
154013.67817692037,43,26,2099.5870783899945,1007.7843719894058,1644.3567452236305,13.888912233099713,226.2139419491464,246.56201964222106,0,5,1,2,0,0.7049387336187061,186.97085767286544,28,8,73987.35643827252,5501.137631296081,0,4.661083556460288,2.932165646612893,Benign
183206.5419983444,31,7,1821.0868495705754,894.9763390842685,1336.3129171503,29.654243547276977,218.35364692604702,193.26129507965558,1,4,0,0,0,0.6868783554609542,198.19808626457373,16,26,64591.69200342564,5197.073836081678,0,3.445433496210037,2.1241144771125695,Benign
102694.54580555062,33,34,1593.1920738246463,825.4624442782606,1263.2389984466104,27.073056750646355,240.8295557014584,255.2900488090033,0,13,0,2,0,1.2133657857357796,142.43606928288978,30,5,101356.73816989103,7766.694421076861,0,1.5354287844412697,1.6347756496778074,Benign
501176.0738252883,514,222,11432.613344318765,10956.469001254443,9909.494114367271,145.01587840268823,432.6841426866449,472.11575674009896,13,21,6,10,5,1.600003368729631,413.10132679775126,272,86,10669.943028870424,54980.06170953805,1,16.863710774398715,27.15753022082759,USB_Attack
174661.65664028528,8,10,1086.0831835433423,1347.9414683602904,1314.3187286726811,15.729667033542928,255.58570075337101,198.30475423561998,2,7,0,0,0,0.700676653363142,203.5227516782266,25,24,86157.54667056966,2610.431932840961,0,3.4454420275507442,4.121873264255072,Benign
74334.02174425714,47,35,2622.018157682443,657.9958817290186,2372.2118244172802,22.835414998809064,224.83783325039954,203.49855506911598,1,7,0,1,0,1.242061817216702,164.20703371472138,30,24,30637.976628262237,6982.259883883751,0,1.217633639557911,2.8556957413367323,Benign
150827.43211661465,22,12,1788.8633606827673,1471.6099712923756,1864.7482915374358,33.93213829000378,154.9973522330235,190.6573026750864,1,10,1,0,0,1.1560997287031702,203.72224371265995,15,11,34022.40572907244,8708.548044152158,0,3.9185992979780933,2.5950510465664594,Benign
89450.53402916226,56,24,1958.7590892514493,938.0304006962624,1112.6124304113196,18.31345636936595,248.36351137799633,140.5833178668076,0,14,1,1,0,0.5740794283971231,138.1463534468947,28,24,97058.38500409525,10787.994492726024,0,2.1997360352466893,4.793998932754671,Benign
123074.1710130947,57,22,1602.4779427348647,2247.170468537837,2314.518400904337,19.698527824379504,169.6453320891103,226.40524574669453,0,11,1,0,0,0.693953533990584,192.8069957979448,24,6,50496.96826475959,12679.735353109563,0,3.4706918655889636,2.4096080897875294,Benign
112721.42857799177,34,32,966.4635437383349,1239.5302252859283,1326.857355425475,15.475827461228969,221.22520146533185,265.7813949184134,1,3,0,2,0,0.5681480295413224,230.26536804749458,19,12,34316.15234422368,7329.6242478389295,0,2.264660237934981,2.9409454235523933,Benign
505362.7693815197,489,126,12655.67470815936,11571.44090734514,15677.43853189718,199.29340060866193,473.4439040327223,560.0986874999326,7,11,5,4,2,1.5541499309678766,434.43658662499496,161,223,13301.287618902736,66896.52063132488,1,8.965423255166467,27.698876872592535,USB_Attack
90506.94217025174,20,9,1967.3724534463963,1990.0333623232443,1858.966877972528,27.704631925732638,170.37810309270355,216.2396288406938,2,3,1,2,0,0.9034824248113797,160.65469589726115,18,16,87807.48829847074,9184.471732874097,0,1.6750179477816083,6.459110812662033,Benign
128292.43092761263,17,20,2138.112723201297,1070.2821963493313,712.0045824409539,41.92135325634472,233.03760814558416,194.52221943326012,0,4,1,2,0,0.9031079694200269,147.24587047034862,27,25,43202.45681823754,10116.994253673874,0,4.57885141550174,1.8240318900728352,Benign
149866.17984488048,59,22,1700.9834007805493,1534.2212028996184,1405.1896612236123,26.742252102559497,295.4011209072547,234.73367296491926,1,4,1,2,0,0.49465452133121735,201.7157318351625,7,19,59082.47970431321,5230.020270430519,0,2.1458583941742715,4.164001636436577,Benign
464737.22647524386,534,357,12507.039996720905,7565.958517433205,7708.838657400387,206.049283405833,335.37589224539954,671.4610532802446,4,28,3,7,5,1.4095056596558044,557.1368246156995,104,146,13323.996627214177,39425.7304313642,1,25.228077543223584,20.749103410785764,USB_Attack
355553.5646731236,253,255,11611.376591681908,13009.151747060274,11763.711356552298,203.19636780267626,586.2140898744894,595.565742125513,11,26,7,9,3,1.5100521998773393,496.1386616754527,109,153,21373.51770710251,41263.962708432664,1,17.11916453103968,28.696333011995353,USB_Attack
137135.2219887314,32,11,2826.009811881647,1662.4953416894182,1648.019873306177,30.569724414641954,302.4491443559738,153.0435059760733,1,5,0,1,0,1.0244444972300264,176.08927433484928,34,19,81938.3883249352,6207.679270330787,0,1.479052499865607,2.567105162683627,Benign
90851.4368096112,43,39,1253.7320081139424,901.6667728983808,1469.0962538670594,20.378713485066534,250.19146266531058,184.11974389266655,1,15,1,1,0,0.4960377407540048,132.07277437583767,30,12,42744.468912059805,1225.4156333210112,0,0.5976791425554242,2.8166576145988205,Benign
142190.77525238768,51,21,2513.524729119604,1749.316298871536,1450.5410807284047,43.41648058744062,197.4304842319795,211.02059444543713,1,5,1,1,0,0.6437735964334474,193.7208808525505,25,19,32018.077720698617,8387.418157845597,0,3.979339789028695,2.6158085972580487,Benign
144580.2929117924,37,38,1332.9566312912023,1281.2261126222809,1926.052549054178,24.804933181648376,228.2955178642962,227.21635203751973,1,6,0,0,0,1.1044826279839182,169.32199789322556,27,8,42925.505810542425,7441.170279338164,0,2.2675231615303613,2.860827968019717,Benign
198108.78896251228,47,39,1708.7720451360663,1657.2530504778633,1620.5943721336153,26.891002562846364,236.82730640882602,228.04819226388514,2,3,1,1,0,0.6551293565523726,171.04699269226703,32,17,46587.014703700974,11495.057373533098,0,3.4872206201092397,2.035361406488267,Benign
108716.87428321253,37,7,2112.604129799952,1913.9949804981588,1516.570004020777,29.410788698289057,270.18345966458867,152.6245725404675,0,2,1,2,0,0.8970601668392195,238.49247810105652,26,16,76823.70480531416,6600.389753889531,0,5.286731235788224,4.802600257845756,Benign
106257.54594995617,30,23,1389.902776709563,1800.9638283832232,1559.1482365840557,27.766978940903627,262.491761922333,155.66660674255755,1,10,0,2,0,0.6360913237855703,135.95173931861592,13,22,68355.10308357335,6166.974379224523,0,3.3026031373874396,1.599408979179129,Benign
143068.97614721238,16,20,2596.107567879527,1656.9238764702632,2234.3555990120876,37.203181350996715,123.05407335304014,217.5241130316564,0,7,1,2,0,1.0662963907719976,139.96727012923273,9,25,72604.70146847061,4954.305390144724,0,2.9047587487726974,4.042237515064399,Benign
144573.12506736416,18,22,1837.8641790342056,1788.9577332830327,1569.0695907936424,20.280730086960244,190.03284067313382,177.595748359855,0,3,0,0,0,0.49660348790930947,196.93977186693624,34,25,60625.50645062273,6361.781624166295,0,3.97156684867021,3.948669800409627,Benign
533199.5862987501,383,295,13204.183449858427,6182.011483593524,6230.835757538206,114.74908203435109,552.3046958227825,584.1310838673338,4,11,4,11,4,1.72070670782108,523.2451124480792,234,129,12282.68669325197,49389.475444633856,1,8.756219907676336,14.452836174878145,USB_Attack
107905.11969209854,10,24,1666.1964959904371,2172.9755226227667,736.4003645555764,26.316547563079833,184.46495281118067,151.09495372753946,1,6,1,0,0,1.0880612856356713,174.43597988933794,32,19,42919.96213073027,3874.7094983586185,0,0.9847087368517624,2.486208298651846,Benign
358157.32324078283,320,331,14759.654950945744,8887.021007471742,13756.154656912862,177.31604476260185,466.34078884777193,476.2802375500737,6,14,2,7,5,1.023650239852179,611.504186300344,299,143,13973.571867966131,23020.511593214163,1,17.168454550343345,15.699116780104166,USB_Attack
448646.7573089335,389,175,17685.314453045292,8499.80014595718,7246.142244869118,183.40717456058374,499.2310170001869,529.9982302518459,9,27,9,10,1,1.33607929861559,537.7269966056479,214,139,11468.26892770933,27801.079259016096,1,23.14725005284684,21.5172394316818,USB_Attack
107683.98035954955,32,15,1734.3570311883927,1919.4300640392503,1456.6492624183409,22.196677150775034,219.87362873793185,214.41401291009734,1,7,1,0,0,0.760263571448228,160.790880635733,29,23,39303.82827424801,13133.8697888628,0,4.349627500272395,2.483155792919762,Benign
122687.78302105304,50,11,2664.856395374618,1279.325575606419,1277.7514161559045,30.856587899408098,201.61503610159963,169.0652001156094,2,8,1,1,0,0.8534206950502184,172.2490493899714,22,5,37604.36761686021,9928.018287836454,0,3.108455444139289,8.073081230775664,Benign
376575.6638515228,347,274,13268.330402489495,7876.14812030662,9262.065772917156,183.65742617555793,480.8151767810851,374.96227482807,6,17,3,5,1,1.6322146103435478,464.8353204063966,225,167,14038.576821057746,37400.409442437616,1,6.635024084963241,19.630008851098633,USB_Attack
101862.04151461378,45,29,2182.048019675855,1721.9535785622468,1272.5967821966767,18.437645581397852,221.45126186746901,205.13818284637046,2,14,1,0,0,0.879998517366785,195.01227077548666,20,16,78293.6157773326,6998.864272202086,0,2.2304640148051926,3.4808992246489727,Benign
64728.46613907984,12,19,2044.557168121525,1407.2893419228249,1134.204291945828,35.76489829131407,232.00808613382455,215.79290817636436,1,12,1,0,0,0.8834248070580156,204.49761064434261,17,26,59072.85380218391,4385.727544232602,0,0.679232204689713,4.237898141715111,Benign
515533.01440314815,192,303,17651.166792906984,5157.237365835157,15109.573505262719,125.53021629337329,481.5960773744999,624.0316922875991,14,14,7,3,1,1.7691048001615564,578.5471887024273,210,172,14705.563028796734,47482.31530378421,1,15.293156566304143,16.45792116663999,USB_Attack
370679.8505422295,324,329,16267.516946446776,6897.173113592142,13280.302565827935,145.06722046274155,690.2956441065161,536.6199735180752,14,21,3,4,4,1.7254460469246014,391.875302615348,234,167,8293.57143064831,62791.08126567265,1,17.834373330700714,23.114583301809496,USB_Attack
544270.2373697971,292,322,15148.10252479035,14755.13687101099,12194.828912283136,96.40445684271755,480.9847300666782,353.47883239135706,6,26,6,3,5,1.6670565156469856,655.0638837154929,299,118,11338.623064127738,42635.10130174408,1,24.401024827182475,20.182428973044246,USB_Attack
115361.67724140274,31,37,1373.4039118615774,766.6158541699114,1597.4863454831248,27.91304717498868,189.4970215627792,214.57321324665287,0,3,0,2,0,0.5591225165486331,191.40577812231874,16,26,53672.02248078241,7443.638180821241,0,2.2560336422227563,4.217523041406722,Benign
84333.59539207185,30,7,1979.0012170970633,1960.0462478474165,737.9981367384728,30.283881792214267,180.6411937177558,239.67215233143008,2,12,1,0,0,0.7949361253683002,186.91514636953923,20,8,26011.6378094026,9535.909727899905,0,0.0,2.1704589854416776,Benign
325581.7544059515,188,278,17018.29738830487,14842.078314455839,9837.503606383307,184.57629657936553,547.746233035879,402.1448639042234,14,11,6,5,1,2.2235269405560674,657.3034108330548,275,114,2350.7744664938564,40330.579012440285,1,12.856653382821571,19.497469008173656,USB_Attack
96777.42345053851,38,34,1763.7065263463917,1319.8710164183187,1264.493668809131,28.005447380182655,258.96972287381095,148.10302091617763,1,6,0,1,0,0.878654348650706,171.47837811302176,20,8,59203.04414336482,5589.387760050921,0,0.9994573326569336,5.481513501283023,Benign
517563.3722728646,315,210,11086.19739269887,8616.921771063338,18442.68030782178,185.70778205330393,531.5361968494899,615.2338675088688,3,16,9,6,4,2.367019548727322,451.99076713890287,134,102,9209.45399690207,58392.22847093951,1,16.41579397613615,26.534795241219882,USB_Attack
159675.12994569368,34,7,1754.9948705381903,1352.25417816921,1188.5175881178102,6.180411200257829,240.85578193988454,202.65352245388135,0,15,0,0,0,0.674727097396889,181.0558503718072,16,11,66188.39718871734,8533.068519469014,0,2.901907242191533,0.8565209434552461,Benign
139858.4276829155,18,22,1616.1501893768364,1540.4722781194464,1173.5598100937802,26.56951726996232,223.30949185050096,215.54582727195483,0,10,1,0,0,0.7034920034909804,203.52396766296195,29,18,28228.338534186045,8274.952333072615,0,2.5182404230545363,4.36470045225194,Benign
530657.2128164152,350,260,12705.325172350682,17459.929226958262,15657.64890141509,189.4493107265065,646.688601234344,601.3576247181054,14,8,6,10,1,1.9654777850951435,451.28709928471295,182,147,11002.546901893644,29935.735482256165,1,15.118922005611326,16.38225149746463,USB_Attack
481578.32115057524,157,251,25250.859094857486,14104.12663826932,11726.492493662296,218.38706004700458,358.96833138069996,415.16500825854234,4,31,3,5,3,1.9967154490120527,391.40307326228674,262,104,10775.405478413748,68021.73602375452,1,16.849295427219218,8.78853021656538,USB_Attack
107003.02030130937,34,18,3128.404745735,1532.44266037789,1185.9474108981321,31.4195868382466,195.56208162009492,226.04310714693844,0,13,0,1,0,1.1196171130974653,184.25690162319702,21,5,56565.68657297142,4860.825503491062,0,2.732144967101782,2.977309005781914,Benign
129832.39409855849,28,27,1095.3333772673423,1528.8958823825888,2294.4886269052954,22.379467263854014,245.77293350676402,196.87743641836602,2,9,1,1,0,0.9527831706966592,243.33417433344383,34,13,85064.46214509182,8061.156489375801,0,2.8859462911908214,1.2166411218732274,Benign
137525.0722005687,56,26,1507.6319613827704,2338.044437961933,1393.8546507538508,16.680748522596353,246.95076968135896,190.82796853603745,0,8,1,2,0,0.7934873014831331,211.6833415738524,17,18,74128.28221893925,7466.072156162616,0,1.8006272513419113,4.149867225180525,Benign
92771.474816982,42,36,1547.1289477115297,943.9166260509795,1545.433992967232,10.602045345876828,206.1046145696465,257.189791933505,2,9,1,1,0,1.1190026115272482,211.19692895016576,13,21,56119.604575367106,4004.504139070063,0,3.6896604095042846,3.7296673363408246,Benign
516157.40273877716,167,304,24788.067580178777,14591.570120826913,11978.32556921522,161.44730919071048,436.2898163492556,522.4385259914067,14,19,6,10,2,1.7759308276012624,433.7583111635872,291,212,22030.198594156394,28373.014367851003,1,15.516774704611027,24.22580836110659,USB_Attack
378913.98161208344,207,323,9958.050221738937,10859.048585174194,7740.959923121833,141.61969399993865,687.2611603207557,527.0636654694443,10,16,3,11,2,2.3928256145036872,587.6832128299915,147,158,2232.993838179069,26944.08910986029,1,16.907761534571616,20.057757009295624,USB_Attack
126351.41352511791,8,11,2012.9611489930548,1034.5146883388793,1993.9830238816467,34.34791144662775,222.22303118677507,230.6374920762257,1,4,1,2,0,0.2516654364243248,231.30276111603084,9,18,41918.37886448417,6354.97319227297,0,3.9624186534435886,3.4183977737196147,Benign
362835.9523001012,386,356,13926.442303963278,6772.5086718805,9716.54076461271,201.23447399204852,646.9584016875408,369.36344615926544,6,34,8,10,5,1.63947266552414,469.9304027425929,167,181,11596.30857091034,32063.645937789563,1,15.527230213109197,19.74047704259028,USB_Attack
111597.94119357373,20,24,1966.801152337274,1511.993175900368,1195.093729894448,31.43069138100291,228.90823496467144,199.0132834075302,2,10,1,1,0,1.0189869236790243,188.6600420185913,13,10,43188.36965200104,7864.662945962827,0,0.8891366117874429,2.741372133543084,Benign
174495.80988420316,45,17,2418.17158130547,1249.9947616080656,1940.318070520485,12.97855238434561,197.70524856925778,198.90623801143508,2,15,1,0,0,1.0782970109164234,153.5581170208779,29,27,30818.482893335313,10370.396439172577,0,1.247046253008927,4.042974027813409,Benign
606595.398028558,202,276,11754.97636853416,19336.191552010045,14624.695214125662,214.90682813892585,633.866872559579,277.70009739627307,13,12,2,8,4,2.112906156466972,736.2324257808989,232,167,18750.594655585686,48152.4554479275,1,26.31083793111519,23.768764969024385,USB_Attack
126523.21245909783,59,18,1574.5215867399413,1246.5478153745719,1889.814643784031,26.007817732062694,207.67592798140944,182.16375927686636,0,15,1,1,0,1.0317288431541094,137.02183319195217,24,15,88741.77779012173,8331.984926074025,0,1.7688314964572853,3.043602889196971,Benign
591220.4603694727,182,164,8417.405646439709,11432.642855390439,13444.892075047539,109.79924207177876,446.6971564729555,607.5366254009492,8,9,6,9,4,1.9123902564788187,350.7639533059157,279,93,5256.850957598284,54446.66725713526,1,18.006756422858775,29.909701402682884,USB_Attack
116991.06997669775,54,24,867.948983923928,930.999595069831,1425.1836906871279,38.432099583176196,262.282152503082,189.34326407306565,2,11,1,0,0,1.1790083531038955,172.71097525574356,32,17,79250.2261575829,9488.047839713152,0,2.939626546060535,3.207364251794339,Benign
116570.33495985757,36,20,1849.5465042609646,1383.5717058456598,1874.2858582855974,23.07948747681276,253.13632357025787,190.3010689820335,2,5,0,2,0,1.0900788292017625,178.04945966121412,31,10,75945.72614926018,8574.942139183118,0,0.0,2.154821988856107,Benign
123213.15090028415,26,19,1403.0052860840406,1338.356988756535,1881.8770024225148,18.074002225687487,229.42315115322432,190.6773130834379,0,4,1,2,0,1.1703764936004823,148.4213314227719,20,26,38510.00255194912,10300.169003285151,0,1.354491341772939,1.568498227421264,Benign
145438.762303911,45,21,1706.8087870197417,1158.991482118496,2126.2882255447544,17.66280897734857,240.85290211742847,132.77525632891783,1,7,0,2,0,0.9976731823222816,211.10810471058537,23,13,43990.880453865444,3144.1754406716354,0,4.196889927524439,1.4266774349920663,Benign
161332.08708824232,31,37,957.3140675916526,1569.7708153372387,1579.4190221801957,19.497232439805657,223.45256035173006,202.92947263788355,0,4,1,0,0,0.9909843779600817,207.7759789804325,26,21,99668.25877778078,7213.543243315028,0,1.3535586766917953,2.859982316864302,Benign
119932.49266487527,22,13,2002.4361433595377,1607.9502660531712,1457.2341489460973,42.76821437180095,181.3232210824936,184.17596659538202,0,11,0,2,0,0.8325430825478044,240.69337237731466,14,19,35425.500428309766,10506.872901377214,0,2.1870508420996693,1.7991731309345438,Benign
144459.482165149,32,15,951.7156522121961,1249.5087535687317,516.0585680023183,31.054988649075668,188.3074335401648,143.995667401559,2,12,1,1,0,1.0640512726768008,239.84403510007564,20,9,46601.55525752857,6551.964249598736,0,2.8529421458249224,2.77767974278613,Benign
98946.99161199652,42,25,1874.1423033957933,1435.1396321551854,855.4957848018662,33.900254802899674,198.74866760548036,189.49846955267188,0,8,0,1,0,0.6335186558898632,194.68617083692098,19,26,103246.47626749836,8132.738312782209,0,2.853607243300314,4.862133434690179,Benign
269422.66958633426,314,219,7622.7705265560635,12948.54756789688,4408.332278557388,249.68941893781172,493.5106154035226,322.79671501469187,8,26,4,9,3,2.2778260689418937,917.8463090920061,116,207,22175.46651194877,26969.529478747612,1,14.124206176292915,26.525551169286658,USB_Attack
97140.25428519028,44,10,1375.1794824320577,2454.194966370962,1059.576427501514,24.986810540810033,257.68417558921556,238.25733581247414,0,12,0,1,0,1.0079767076649346,197.83917482925355,22,19,89765.79995268505,6998.679503386997,0,3.1556602758515715,3.1934355818295805,Benign
152719.79808264397,58,25,2377.3660512725814,1025.659414441619,1825.6522261732985,30.594116047668187,182.20428528356112,183.8231012471175,2,14,1,1,0,1.181642972252511,177.17940979796194,18,19,37515.63548667486,11034.547708031065,0,4.235469056019447,2.679807058942602,Benign
336135.1321188045,241,180,13175.717208514494,10781.619506380892,15544.519367055456,231.8362400528693,451.42897912703165,594.7362804255225,13,23,4,8,4,1.5115020698720398,453.9052963079851,103,228,14432.007835199318,41779.13337127285,1,23.710720834219423,27.222154694838235,USB_Attack
116337.48336085824,23,28,2374.6015688352713,1023.2685253536015,1299.4782686598849,22.66953690762659,205.90875000365455,241.4843601015715,2,5,0,1,0,1.0933162104673966,209.16761601659402,10,19,83890.24907202693,7869.28266043706,0,1.9186755262068695,5.320908756738634,Benign
54223.69527577775,28,9,2579.863566250645,1975.6742729875077,1315.1894027446046,19.60236546988928,214.57148112447607,181.15793872935225,0,3,0,0,0,0.8605642804605018,312.637692124639,12,17,49715.75138208573,8654.580720566864,0,2.3738203469754273,2.3426577553148884,Benign
422715.35551365715,520,182,15941.880334818448,8465.212858238898,12734.098516751237,200.35585447160585,504.88620481300626,501.21694582574304,12,26,8,5,5,1.2006791026818013,734.6087646132136,185,169,13173.73686215706,72222.9016880586,1,16.332838222321165,35.580816416984035,USB_Attack
156956.2540286791,17,22,2549.485831220436,1607.8534096183348,1256.7045003921423,25.39182890002658,269.19920679821973,251.86075324729103,2,12,0,2,0,0.739729578852649,197.39221943474934,8,15,76377.59820425362,7682.918037329423,0,2.539737611869773,5.927606523514186,Benign
136592.30361075734,58,11,1067.2471719105492,2398.6352999763976,1680.9648472191952,18.426318990688323,219.33827120942277,206.86928465447738,1,13,0,0,0,1.045194314268622,204.51374675168702,25,23,40156.150770279426,10519.089480357992,0,2.3474013548528485,1.3751107377741425,Benign
127467.40796025089,29,16,2173.0501672724517,1495.2908425602918,1578.2824510090868,27.287831833035092,227.56548816104456,211.21249526206782,0,7,0,2,0,0.8809324458053998,204.246053279863,32,17,109287.80996186283,7857.959940979223,0,0.6407565998381326,4.372454257614862,Benign
150260.05067864517,51,13,1553.3311427000142,1817.8119247907944,1861.315394178912,27.276653964408936,227.8490372146663,187.78238228095017,0,4,1,2,0,0.6629797627877886,187.29132754502243,25,27,82829.93725689538,8310.811128135249,0,1.1403315157100458,0.5629908476184533,Benign
134533.60317745266,48,21,1334.8499286803417,1734.189337185177,1840.0860208465922,23.566010857150534,184.0280438763643,220.6115249129672,2,10,1,1,0,0.8693404772449626,212.69410065215172,24,18,52139.790216993824,8211.480485444868,0,2.7312125300753194,3.0414742036039635,Benign
156531.7556235341,48,21,2107.234933652221,1235.3021917368228,1486.6239548521824,18.38032115549263,223.79937942441845,198.81072158943246,2,10,0,2,0,1.1643422442040152,185.33609702137065,26,18,54833.89781611147,9703.722032409078,0,1.8833927116352962,2.8038860104448586,Benign
700168.607301929,468,372,10811.429772670335,11970.269551752313,9915.717383097955,154.04509143691735,526.9969644957864,361.3512182626357,6,19,2,6,2,2.0614928882252648,610.9875603312513,97,106,2771.518763967644,28554.97318134707,1,12.736743873263764,28.399564738233693,USB_Attack
165651.01358210878,17,21,2257.6341933232725,1117.6346359049164,1407.3036453417483,20.96076349638567,271.5441844918247,189.34302398051548,1,8,1,0,0,0.6031365124245596,204.4498526749519,9,14,52194.07953725327,5106.046109879571,0,2.425751683561591,4.524921274338621,Benign
130763.88251718762,38,36,1907.429944447396,2102.9459038998793,1492.017742187139,25.372753336848273,179.8264761298195,164.50463629340652,1,7,1,1,0,0.9797485046530863,208.46011424128386,34,23,49612.513165646305,8564.255836418724,0,5.3100190814524755,3.2066896377795366,Benign
147157.78204481862,13,38,1865.9786506646196,1235.647065655896,1614.4036932611111,33.78501973922748,166.8489566913945,203.36722892817636,1,5,0,1,0,0.5644403795443226,185.62584235686074,17,19,85215.63878737479,9405.720138318724,0,1.9030228010409516,1.7018479785443772,Benign
110786.18780742644,23,22,2063.433292849951,1284.9145257587575,1204.9779419116758,14.976479063167737,222.17471030145327,172.49482708823365,1,13,0,2,0,1.2126709921795285,199.29574056511248,17,13,29187.730712433902,11800.50039755152,0,4.164342255313144,3.4600135353705754,Benign
601733.4518780891,470,367,9923.802485810129,16271.341448824665,9269.732562497418,84.14430025802793,709.1492877963868,383.73937131077844,10,26,7,3,3,1.4772639282054527,599.2437973009747,212,133,12781.987734935246,39109.03431413703,1,15.979327172053463,22.516636770628793,USB_Attack
171203.0292125692,43,33,2070.67791979299,1084.0832651325088,1505.4477673259971,24.419811265698073,232.58587589992908,201.3429026280139,1,14,0,0,0,1.1076560655432908,188.44569758537682,26,7,61851.50331020483,9399.961530676226,0,3.464512302156643,0.5237092270945434,Benign
437182.5792618644,480,161,9888.34687919229,8973.124386080319,9840.23801107686,112.0247861436745,444.6336084166218,312.00938206230967,5,18,4,9,2,1.7870713069672601,436.0739548734146,157,164,20394.586724856796,55555.8733115855,1,18.79770556298898,29.001381218969478,USB_Attack
361161.9167840031,269,289,16921.320169435683,10531.305981675105,16190.601570005281,172.0048477294653,465.9058873980398,452.90747824721893,4,34,4,9,2,1.4575681627413417,671.6576912511528,135,86,8223.702133880524,44542.658144286164,1,15.067910001895727,27.460089657586675,USB_Attack
123712.2004323417,17,20,986.396096724786,1395.0004464709816,2271.417061586732,34.137692396333186,199.9804380505502,218.61688104893253,0,11,1,0,0,1.1690894945307644,182.38643602379733,11,15,61520.209762819475,5208.905750586028,0,2.0314114691829257,1.9243972219417014,Benign
458030.2153330109,481,273,10245.974927501957,15576.272959090473,14461.059110514652,258.1597691063265,583.7459187809197,505.28415075290275,3,20,7,9,3,1.7747667035268846,483.3311725510561,83,173,9038.758400988636,54620.10588162887,1,16.5875559049236,26.066703872237937,USB_Attack
451527.11191547004,281,93,12349.530770707472,13052.924900000144,21970.88794559312,83.57095324242952,443.9341770914127,564.8570997213196,4,22,2,3,3,1.3075458679444705,507.48822975711624,162,173,20548.60126762432,68762.11377837691,1,16.716022660608886,18.02224263745263,USB_Attack
421383.34862758697,443,292,18169.923290524435,12852.601478035958,17087.383459400724,106.1263155698008,325.9867895362888,374.45591782046404,12,23,4,11,5,1.414632675592328,515.3753397075143,193,100,12497.987084376926,32418.244133493023,1,10.732537240532391,32.81005797230138,USB_Attack
136657.20222838272,54,27,2620.965087926849,1181.5631560053164,1224.4681231264797,22.85206379368644,266.6431595644167,258.52954820903165,0,5,1,0,0,0.8605934134404588,180.26564878756943,9,11,87633.78928088187,11766.778373750987,0,4.641904267836397,2.738229713314733,Benign
68655.80520808623,11,20,1562.9576090265157,1293.6521582583418,1227.431077647502,28.346778583623266,274.41875137681274,199.7069616051498,2,8,1,1,0,0.5413072071824647,177.6930704251818,33,10,71618.81315268188,3985.0222157176895,0,2.076995537484702,0.8356643337250613,Benign
509077.4932144111,214,344,7981.211966131548,17682.768982545418,7206.110191471229,27.707507300728707,538.822363395322,393.8427828052436,6,26,8,10,5,2.3186279865030053,515.5449208873404,108,216,21529.8033346858,57498.712298737126,1,15.596785747125551,26.68043098108285,USB_Attack
173468.81378114136,8,28,2178.2433574608194,2168.6804495141323,1430.3992675657764,24.681122135117818,167.05994123127243,177.81826834695053,0,4,0,1,0,0.8410983006796405,193.00821786721124,26,19,80258.8004907961,1686.0579213683022,0,3.3428952773065155,1.1433298429593184,Benign
113586.09414450132,50,8,766.1385341167377,1129.962893794601,1304.2022354971916,19.30862865640144,233.14994288696118,206.4566068562116,2,2,0,0,0,0.8095600116164975,174.48740999291815,22,20,65318.273425162835,7337.043045760895,0,2.9168550560115185,1.0748238599894508,Benign
539924.9788026044,278,100,19488.775139423855,11627.367073568208,13395.13697213944,244.5823997316732,608.9275943254012,526.9990453378367,3,11,7,6,1,1.2108398958993436,363.6369705101188,160,164,13784.454386710759,22016.82757022693,1,7.306591322043374,23.810539388921146,USB_Attack
481126.23834793776,439,342,16228.36511715292,17181.327631989912,15830.414994872343,273.8268486869333,269.63599870144384,454.1362558794737,9,30,5,8,4,2.13879191896819,583.0308122571241,283,102,9586.216769216597,37809.265645809406,1,17.301513460232275,24.233775329040725,USB_Attack
140471.77529438378,16,25,351.5026371713625,833.0822342537168,1428.064285239436,28.682205697285713,261.4744396671822,231.9488974741803,1,4,1,1,0,0.9083348284543105,188.66407877417987,10,7,29422.959462942454,7726.030117530294,0,1.7440624800124844,2.70535481746237,Benign
117899.61423561598,8,38,1311.5957534625143,1638.1516306314727,1945.286233533499,30.298079006163228,203.01921409063232,200.8695156960898,1,12,0,2,0,1.156713818313225,184.59455310188997,5,27,45507.73727345468,7371.776076787934,0,3.8364348755247932,2.451210815700589,Benign
108857.46791753794,53,27,2350.4289866906447,1591.3064989829445,894.7442593800984,31.37635357518415,189.50764832583158,169.22590428128171,0,15,0,2,0,0.6876294362124402,201.13192431728567,30,17,46560.08344386892,9475.352255589727,0,2.1623029411041217,3.3977978546606917,Benign
152470.55789375206,30,6,2301.4984502253624,2077.2428337759084,1638.5917734540922,24.988264851689532,217.51982967930726,179.5028999212102,0,15,1,0,0,1.072505482567475,234.72729291615997,16,13,66810.32088737398,10471.722613756488,0,4.1053542051888465,0.7961405374514081,Benign
412001.3353133524,356,228,15933.26433110796,15006.470160258308,11746.337933530996,254.0691271471662,305.19037630512264,353.7685385314394,9,8,9,7,3,1.737951604263231,631.5842319488827,151,225,16445.76563797382,38462.30703686256,1,14.742677174449863,13.739216376953573,USB_Attack
154447.69273547965,41,20,2241.098819971589,2578.7025215393137,1426.725160573773,23.652394360936707,299.2430996459881,206.53359750760055,1,7,1,1,0,0.9748252866557322,198.33429221396773,18,25,35199.68567169832,4643.885100344818,0,3.159180498051615,2.3261330398901463,Benign
136265.85857172767,22,7,1907.552117210732,1466.7572546065069,1288.4495883416416,11.061616072573054,224.88775162681725,236.71666380950003,0,2,1,1,0,0.8938582274690657,142.9365903498646,8,23,72961.07819014747,7478.32098143139,0,2.391759670729017,3.281963311551919,Benign
511617.8708389126,306,167,19251.51126297139,13836.178796288728,12682.674930682773,123.88075621756266,538.5214151759873,510.66040230119415,12,16,7,9,2,1.6573891775390268,312.7717238664368,217,150,16813.308940710744,34148.06939766943,1,17.016016135915077,20.838482953174964,USB_Attack
124365.44416006785,30,32,1642.173145579693,914.8981446899883,1106.3112492524626,21.997386997137987,203.84720150613276,190.76654544109198,2,13,0,1,0,0.9889727394831007,186.75586957220347,25,12,57739.84220943993,4444.497754676257,0,3.1853134531715828,3.2187929977619616,Benign
114750.95889857465,22,10,1857.9063414610464,1813.4601753643465,1490.9233880245076,16.687638364567587,165.99197705495993,176.3108074313788,2,15,0,0,0,1.0037678594847037,145.15262000617025,15,25,64608.084775782794,6169.291180737635,0,0.0,1.6136203430414164,Benign
151369.20360627797,28,11,1483.8148067920888,1553.3404086508524,1084.0623598457091,20.460846593977564,269.90351907383064,210.66337588535524,0,4,0,1,0,0.7399061313574076,151.72680582055327,7,21,38713.75293521861,10249.03114211569,0,1.5187451154229907,3.0345667699733694,Benign
94039.71503694498,8,23,2431.741672091157,1793.0698372548075,751.9596119902881,26.08073131432782,180.6564901553179,162.8560384161913,1,8,0,2,0,0.6322970902574989,214.41670171277445,31,23,48504.17740584365,6749.677996576954,0,2.7024870206778484,2.281516320773081,Benign
71342.24619509373,23,9,2560.779704751101,987.3941013427201,1439.206294082082,15.934025714519393,232.20935672492345,165.97696765210839,0,2,0,1,0,0.9170615920351476,140.06104160418386,21,8,49404.0733489494,7248.691521717268,0,2.8356719104675054,4.839880397017722,Benign
486129.0867093947,143,335,20847.159413059122,11091.322509027796,12348.76018401697,154.65358355814135,585.0002981284156,380.7564952139464,6,14,8,8,1,2.168979191221972,588.8618280654712,108,206,6404.281461241846,63448.87682520072,1,12.22729241984624,19.451589037271177,USB_Attack
613240.7730537617,537,297,15697.973408809667,14528.349840662326,8809.989529977916,69.82860113017763,517.0862872194159,674.8922927067415,3,30,9,6,4,2.2692097009694505,529.5659439173148,185,88,8388.72151255621,37464.543943146506,1,12.378232912212683,26.5207715272158,USB_Attack
134407.234575353,14,27,1323.1129803174563,1562.565767952159,1946.0118497522826,12.17834939295755,192.53955173362306,191.0763742094995,0,6,1,0,0,1.1406646446654038,184.15724601811317,32,15,52746.77049858461,2813.842669592622,0,3.203985050016356,1.2067462068864938,Benign
452609.34555738705,387,294,14533.705182203938,12591.419271640085,8823.621560430302,197.83025647904688,392.15208032768646,330.14125724987025,11,11,9,11,3,1.6119604807878547,651.4116975938177,270,161,12225.312482532143,63192.62903076981,1,11.647573452812027,21.191945202089354,USB_Attack
404595.90671001154,449,372,21309.118994915603,11872.22054122021,16470.07168074175,272.29409381500705,384.20885606539326,728.0552102271984,4,20,3,6,2,1.7875965747078335,662.2432816418568,99,122,21517.504201615382,35389.430299345746,1,17.72200486250803,26.72781420678115,USB_Attack
543272.291314087,408,294,7978.2485978855,9241.813703864094,14741.660141569448,96.71926737362881,561.6498188197606,511.33535985449646,6,10,7,3,2,1.9210195649513628,564.8086753003093,269,107,4804.454013886005,33783.915709622845,1,14.997402746994997,27.586693347687167,USB_Attack
591334.5487658222,177,331,21720.808876208648,13773.531807273328,16035.462568698362,210.178678720882,513.4692987661704,553.8771973134494,4,16,8,5,4,1.6355875922373362,748.5650216912061,132,191,13808.25075175894,64490.26232372872,1,14.882745255060055,28.811493681371086,USB_Attack
105386.59317554465,48,18,2012.8319063183824,1824.1997908168312,1346.7545544499765,17.099391018969847,219.2509148415736,178.78723349154495,2,7,1,1,0,0.7634709099125304,181.22249052896248,5,24,69281.37062447224,9174.767264367754,0,2.744138286918259,0.5448160399699482,Benign
110643.260632338,9,11,1257.3609701690325,204.9674318968248,730.0894584276422,29.591444922931423,200.10769849067393,194.14667567458898,2,11,1,2,0,0.8893508728290498,202.63698115058222,32,13,60829.61353879886,10404.235826445354,0,1.9069001339900975,1.8602958843757025,Benign
180619.19096327497,18,34,2117.031178039516,1800.8744772671062,2150.5969308328476,35.8092049581793,293.7561264923706,209.06659228080926,0,5,0,2,0,0.8466722172136014,182.73280494005326,34,8,54154.98931141806,10913.462363174242,0,3.6390671245164175,2.615109976942872,Benign
475009.19626728765,538,293,7066.609496560952,12876.236566268903,18096.033400450535,111.42903255916185,410.4185015457726,475.70413259444575,5,10,8,7,3,1.705118248286908,449.4509142551866,109,81,15551.499801869602,41176.6565839466,1,17.920645591073747,26.07457975110514,USB_Attack
134993.64312887395,46,12,2615.522771953976,1263.764693445334,2053.108364567108,33.196904941766945,165.93854160987053,196.26529441480744,2,9,0,0,0,0.6250325516671997,202.44826745837875,11,5,45414.37288850133,5043.383913079222,0,3.2114277413052164,0.35249292723548686,Benign
69626.68717128847,11,21,2154.262027054908,909.1389022105873,1714.7230517049004,13.962114567769486,217.1297906780192,201.38850677180423,2,2,0,0,0,0.6697061396552141,173.7783745219204,9,8,74361.93841065557,4762.960774346298,0,3.014253195940177,1.5382818343830937,Benign
116752.9998503108,49,20,1108.9892251894391,1402.9748272727718,1109.5948859010564,23.05543182544693,210.96834357001828,198.91326784717452,1,6,1,0,0,1.0551187385334955,161.38967050847913,25,24,31101.505508739807,5005.142700479597,0,2.5650643059057723,0.3425023546837389,Benign
106991.17544537436,24,16,1898.6650654730108,1877.4571642655228,1624.7993447275812,28.739368538827456,258.41538591640335,176.58851292308185,2,6,1,1,0,0.7333310652982638,218.66957904882102,28,15,67211.9221083544,5205.295326017667,0,3.080912455284062,3.4555717459364113,Benign
57449.15109960367,14,18,2869.8408720288567,664.2090313228397,2353.164424514132,31.96952731291629,242.61407592313353,233.21152737016325,0,10,1,1,0,0.7647635957259094,165.5983438215559,25,13,45089.20376828676,8258.455120117276,0,2.7420069925641406,4.660620088949045,Benign
131671.1277130129,52,16,1365.694204778858,1338.2341397179625,2114.2610323455083,39.0268239408786,221.0333955443714,185.53065634424496,2,8,1,0,0,0.9190071453266793,205.02354924392424,19,12,50607.58413283173,12907.350766897911,0,4.032772776294873,3.5047278490922924,Benign
299746.76353267534,404,295,8525.860238352734,10265.357734341298,11929.994794286504,157.67689170223395,484.79773755526105,522.6937433975862,5,12,7,8,3,2.190810342899606,536.9070982747984,215,152,15718.111306592738,78166.037157326,1,11.805676146342543,29.822820975181333,USB_Attack
411611.8867189576,242,89,12368.90014240497,8992.596046280789,17341.422830711414,196.41503415351383,331.3980389465614,555.986242988932,11,30,6,5,1,2.266626939777169,639.29073204343,258,192,21898.959949799286,21724.163756937844,1,16.728254461064296,24.9527288739925,USB_Attack
145187.04272322755,57,37,2108.5669610367927,1694.2924535326283,1540.0832149264288,46.06876464431488,293.62448520636826,193.54477135825059,0,15,1,2,0,0.6486339746952039,202.88401480879017,15,6,71047.3737601802,10500.915633549077,0,1.5833019083531137,3.5172035132747097,Benign
423394.91805605026,494,159,17267.319289263854,19553.62295610208,9951.231933889474,188.38224229269704,356.23204199231685,680.0045204196828,13,21,3,10,4,2.211181477727657,270.1229749502204,190,172,14697.9840991615,30948.50376090689,1,17.09656924242549,37.405527812484365,USB_Attack
164703.73026889717,32,28,1433.5653083857057,1287.9175294363201,1979.894954257092,22.687532494067447,196.1623003562177,170.6293469090213,1,11,0,1,0,0.7502829940010091,208.76535703502688,10,25,80525.5482602419,10709.290957988236,0,2.5752552318014854,3.083646952227921,Benign
130768.69321954413,43,34,1305.122107129589,2200.2469072734893,1795.8356545687218,26.41886322928359,226.94753849398737,272.6655784090035,1,5,1,2,0,0.9312374990942741,193.87869063028538,29,9,82987.72648501504,10516.577854607334,0,3.3993484808428898,3.7033914981627225,Benign
121381.74415731347,40,9,2412.062717917587,1821.464392548311,823.1033593886311,17.679577954505593,128.34622053554153,207.48577701892577,1,11,1,1,0,0.8005071272551958,238.64441944383984,20,16,66792.89379537042,8153.392405910878,0,3.13776433969634,2.5913011101713965,Benign
159844.6986268739,39,38,1202.060685864232,1086.7949419175602,1683.4701021695646,25.541070286142453,218.85733605028733,236.78066534146603,2,5,0,0,0,0.8952696269697816,139.7719821257818,27,15,75016.98488091164,13443.73929904716,0,1.598478913362178,4.148230493804058,Benign
170471.50756020297,9,22,1701.616005591232,1379.81825772761,1428.3636156530529,11.185182449780145,258.2543864887096,225.65910749962362,2,8,1,0,0,1.1442561831611702,156.63382536677491,25,7,104548.47477230745,10899.601070011053,0,3.4366746123148095,2.770971136909534,Benign
458447.60413953086,246,152,16226.248622238743,13933.069076826836,13361.802719321115,167.04680540384769,430.2780512997594,681.495388277198,10,27,8,7,4,2.1260138834433127,522.4498524819203,163,196,17045.695183526994,43372.24607179721,1,14.234745748795586,33.07559257473815,USB_Attack
407626.5034582537,184,352,9995.520541746282,9736.920006253053,14124.998633196894,237.59066133803685,300.49040055620253,388.66285945626885,11,30,3,7,5,2.2332148343230336,716.2528830341753,223,215,15201.653101094818,44793.22794409608,1,18.01177997348204,18.650604198110422,USB_Attack
126040.34559644766,49,9,2107.1339840126234,730.4045296552397,1979.4916021106408,32.59708232682435,242.7233704449673,248.1920603573459,0,11,0,1,0,0.8368198217888045,218.28513235199412,28,7,93986.61643526694,6877.030973990853,0,2.843864185810537,3.6964836649861113,Benign
133185.48432874287,34,36,2028.5324570884313,1195.0702280745143,1891.1171854184083,33.888724355090886,258.61397907072006,225.4006189572948,2,6,1,1,0,1.1948038761567346,138.51141535854697,6,13,69540.75897689848,7660.0765248881335,0,2.22985459860087,1.9508600205362479,Benign
424375.1033893313,231,180,9091.70463502953,19522.5854054601,12314.163063269023,207.69916159689316,319.16872261695295,464.6520980089837,5,17,6,8,3,1.411086387085029,654.7247218852061,279,88,2976.4351872784446,43360.269286792434,1,18.527129843900084,15.670045614049828,USB_Attack
134080.81978862322,54,10,2407.502009540972,1328.4849808224712,1476.5552129241323,41.608267471708736,235.66095651013106,207.89868873372828,0,9,1,2,0,1.1468405218791977,150.28520186432698,27,13,99022.6207429698,7169.325296323778,0,2.6598166669935086,4.222339006033327,Benign
188189.75477938168,22,28,3812.9120213636324,1453.5358662925864,1320.5914428571152,26.186987827516017,208.9360997920558,195.89802750612503,1,15,1,1,0,0.8646177154836667,188.78647957154337,15,19,52585.25048035228,7443.678596026105,0,2.599656900797146,4.459788817013051,Benign
139198.08497402375,22,7,2145.641049461458,1563.2365410841082,827.2616124373609,26.920359728246158,139.02673033040784,201.5671755459913,2,4,1,2,0,1.1379274046574184,217.05497113108805,8,14,54270.26285220232,4899.518473710079,0,1.2441229638544382,2.948960725405114,Benign
164202.3924432527,56,21,1849.8361037734182,2498.1636276204567,1456.2517969595638,12.058452120093383,254.23606994527051,198.6919779473977,1,15,1,0,0,0.9814783110656736,219.26961394456788,30,22,71673.35976171856,6522.840657756453,0,3.2224881771520137,0.8620865909134192,Benign
125487.44190386115,48,29,1151.0685145039197,1503.9936471376327,2237.9017710236385,20.039540879039542,238.0320879761366,211.44600893709472,0,3,1,1,0,1.0109132886415197,198.04026556871062,20,16,46269.48565480495,3847.126492066953,0,3.888020875009035,1.6696450884432257,Benign
419849.54684807674,517,280,16912.12044055378,5978.067955143775,10060.763627750119,142.88420273555403,568.9062232213965,657.9085875582733,7,20,8,11,2,1.9361511124654072,470.95664444703243,265,226,16406.697494493776,38528.75188239838,1,19.485574880119145,20.750353129754735,USB_Attack
131438.14170242928,42,21,1693.144883026348,1230.8189225769615,1490.3752825359732,26.35822770170479,195.91819766820169,163.84357649123794,2,7,0,0,0,0.5831705019164787,187.13800988782222,21,19,77354.37731829842,8208.152796322307,0,2.8780420961854363,3.8125295351085464,Benign
508144.13213473215,444,359,21774.55370932864,15946.628972453986,11164.274262129693,193.69218936041247,543.1191580293092,575.3264684837998,3,29,2,11,2,1.9716850853302983,599.1782295518287,83,194,12690.840547404554,60576.38438561662,1,3.892177901155076,24.398529019506956,USB_Attack
91086.74438296835,13,34,1791.961082736576,1505.6487253996283,1615.094188705728,26.81737736460385,210.99672509601538,188.95296548866196,1,3,1,0,0,1.111554282803061,260.41910335626176,8,8,28975.567904495503,10304.207254325747,0,2.654730612301775,0.15493238480351978,Benign
157989.13671508097,39,12,2689.0080384036437,1151.640176167777,1114.9100170424279,13.454365559311613,218.79522611339056,238.08989444794418,2,5,1,2,0,1.3842910475867858,154.44701455072877,21,27,65542.2111752851,5754.786648497055,0,2.3422460213433998,4.22005782864726,Benign
549770.6268165642,404,241,5512.892571866047,13005.998802795593,13940.764294504374,135.98061327128477,311.58984069879745,610.2607725684436,10,29,5,8,4,2.187435783289881,529.1370188907229,189,155,26728.9839983219,1.0,1,20.869368512631898,17.96181688505082,USB_Attack
509466.9985677786,493,335,10828.57472147623,20829.614988326437,18878.476306277742,207.20683770023743,471.4542170258117,452.8196710709608,6,21,2,9,1,1.0109825924254605,471.84842256168577,86,75,8004.056514367555,30489.674608642777,1,18.768209255033543,32.13544226578924,USB_Attack
456992.4265456984,187,131,8870.713868112442,10864.024641483316,14652.887001395791,124.25351899548383,451.27149005104303,524.3410852584976,3,9,8,10,3,2.1555958772397616,431.6334588553177,232,179,13175.06343029733,55178.93850143143,1,10.788550875812096,20.687036996683034,USB_Attack
117391.20073181938,18,21,2468.6838214512063,1500.0400639336372,1106.9256102552572,23.99840446307521,239.68931516675713,148.08223629865222,0,4,1,2,0,0.7518797746336592,195.55497866302042,9,5,90441.94490551355,9574.384736694881,0,0.2952035022843984,4.060887142575549,Benign
130194.25723471292,31,7,1775.4728632693177,1818.9300982451696,1300.1751233387308,37.50934939489244,194.76890751171905,252.1693062888196,2,13,1,2,0,0.7995507665137103,232.1258108092489,11,21,50668.81031712676,11456.92498896589,0,3.459456588435455,1.024006441759716,Benign
407467.3999244078,364,323,17920.3589775693,18937.956103407032,6396.693302455417,192.02990988863215,534.7003879724581,592.749721302822,7,12,9,11,5,1.8554403061648603,631.9169029976708,240,191,7755.284684736247,58271.02640300458,1,10.08459030652686,7.5954652690944435,USB_Attack
149830.51404372955,41,6,2156.215059246518,1992.9362066767303,1206.2977372894177,17.22641868114992,250.9834016645212,202.51648583468946,2,5,0,1,0,0.7671947853819404,170.53714757067675,6,9,59639.41252890983,6896.6536097178305,0,2.679896997607046,3.784290948319349,Benign
122481.54605589567,26,33,2312.843342116733,1532.7975658700952,1636.9598391803704,39.90897901725846,185.17400386165502,168.42734641474777,0,8,0,0,0,0.9067312384140814,203.50342346919751,9,12,60370.10489907893,6151.014359293824,0,1.0907487562519207,2.2681825141833034,Benign
162304.85985905808,30,21,587.0457975326653,1425.6948464973198,1925.5246706502028,29.623784946468184,250.92048403536631,159.88995045537638,2,13,0,2,0,1.0664068474992474,223.80325113177264,28,15,58585.01014471589,3331.7883708445097,0,1.5012191726151713,2.4909174776598864,Benign
129282.38519279774,35,8,1387.7226789335482,596.3334873899034,1906.2880747916972,22.688901263181485,223.54783536481168,193.85180480932604,1,13,0,2,0,1.125594663341475,190.00642365247023,17,5,90353.98914592556,5145.2338111643585,0,1.64153528895066,3.309129959582207,Benign
398274.3810903765,128,188,15308.823973833314,17145.029798131287,3122.0912435517785,106.85148474341003,553.4271985808567,516.112639974814,11,23,2,4,3,2.4575247977333596,561.7467951345147,127,175,17694.4921150132,63854.424559665145,1,21.911339401755924,8.315271366963298,USB_Attack
505509.72921701736,414,291,9559.197857398007,13939.476500360193,16385.41913209473,210.27703910939124,491.8161768735865,317.15621258551266,9,20,5,10,3,2.0100962768345814,416.83229838591114,218,148,18606.243888066434,13775.486662692754,1,21.74888720081766,18.517639944996098,USB_Attack
184759.770321145,44,26,1542.1267076879144,2285.4052584611104,1620.945590500794,27.21274081445956,230.8588804542223,198.93702155818443,1,15,1,0,0,0.8716732641326068,192.9415091804778,7,19,54528.037373637235,5198.9378838567245,0,1.0819389857767154,3.6557566185230765,Benign
452557.0046154754,269,333,12770.174904257485,9953.159845559008,6595.953292062455,156.79834454294178,491.1624256761156,382.57890785044447,10,13,4,9,4,1.6026070795850114,616.6895089009761,88,111,23158.476616353833,22987.485414003644,1,25.189829768903202,30.42651207395904,USB_Attack
141389.922760353,38,6,2163.5846248401413,2006.797304300257,1195.3957365435217,25.15907767890152,255.25348087046657,203.76421395243563,0,9,1,0,0,1.0078023061997996,175.13566733864036,12,23,31213.26468858368,10322.937253617965,0,4.302511092824127,3.5579287163864075,Benign
534170.6083745797,485,168,2116.077730554054,12561.19927792161,12593.189018915371,260.4078135296323,613.4803898658848,371.6887975093589,11,17,9,11,2,2.2409110802602625,728.6336352205682,210,195,5819.930223192435,42644.656343820214,1,18.03284355960458,22.137727197492357,USB_Attack
418909.06435420393,260,248,16664.478282877615,12353.121722113876,13334.302545023178,202.14780419352837,606.7623978238967,344.39627793520646,7,24,4,3,4,1.5472383662977225,480.21034923306075,114,178,8639.31600480368,80405.85845770701,1,16.313501597938323,14.047569446451279,USB_Attack
571049.4372335982,121,326,14424.253086579909,11793.734398468068,15496.882026103765,191.1768227176193,453.59025668276354,232.42560940881697,11,21,7,4,4,2.583957165715514,569.3797701709368,252,115,13941.803707584168,36918.08853031388,1,20.946716015574452,15.610756556670413,USB_Attack
128606.73354877814,36,30,1123.8334903818009,1100.5199023200346,1772.1016017210948,17.112181916086495,232.9915075716099,214.05230030680258,0,11,0,0,0,0.891744362661636,193.23945171392214,17,25,61661.11378847091,3304.286597269931,0,4.44851800970657,3.092105388439383,Benign
421535.6661364652,166,291,12308.136381334563,17054.876041437175,6845.1121553561015,135.174172493113,553.143914343089,228.62987273819527,7,14,4,5,4,1.947198590901797,751.1606304494353,256,231,12693.193799652787,60134.35187142192,1,15.642236574458533,19.267024427314507,USB_Attack
367202.52638893534,542,326,11584.085071442312,11121.218637592747,11499.408055759819,228.75886373232885,570.9573274528817,436.3747308311337,6,17,3,8,1,1.3610742770789508,588.9383169492149,159,192,17152.86260928329,42076.6582584118,1,25.03135496834217,20.065706699995363,USB_Attack
103686.5158694183,37,28,2261.2278666181037,1623.625641802419,1586.2004799207875,40.540961030557085,227.52227206864728,212.98037629740733,1,8,1,2,0,0.7648093972027719,203.3688671110142,30,21,99738.63230257371,11292.981199740707,0,2.281114556054253,2.1207525313915467,Benign
560569.6562003562,410,139,15945.275658734574,12548.42478777542,14271.716581956123,218.9444649783943,516.622284239006,394.1799528435738,7,24,3,3,3,1.6439755389537969,535.3642349650589,292,206,19215.799525897426,45007.15369350265,1,13.67553658874077,21.11196551014874,USB_Attack
117364.92964188902,24,12,1402.4473487601274,1056.167180442404,1404.606367152629,22.875319367366476,240.416653717518,199.63153090082045,1,3,1,1,0,0.8825285963844522,192.83284671598452,9,10,57496.469469363365,6275.673847135531,0,2.3014345443668476,1.7398817474580794,Benign
681494.8499772982,485,315,13029.667328826687,14619.296643261994,7654.91813106686,145.94768073224142,380.7900306827677,462.87606945633615,7,25,9,8,3,1.6889824782753293,351.6729345366422,259,140,13479.079874941588,32545.893977909254,1,16.73948000107863,14.683739876466685,USB_Attack
155368.63735774945,54,20,1038.5206180027649,1784.3381329758138,1089.6286251442361,28.244818107698197,258.4132526975717,173.70733308618452,0,12,1,1,0,0.5395042406804349,156.65039384352167,13,23,14908.07549408936,4202.5869848599195,0,2.7528836618532986,5.8990548990857645,Benign
452322.5011754686,443,291,13668.308439726594,13895.371101899458,8911.70737607241,125.6049699268404,263.7010699586366,489.4940819141989,9,18,6,9,4,1.9630099532948333,563.249780044909,239,131,26247.526354433183,27923.895509396723,1,10.026800064704284,18.907217439622595,USB_Attack
90214.59576498182,39,19,2460.2523537411917,1314.217613308987,1561.705178856684,35.55048048097917,146.77909446267483,234.50717353943423,2,13,1,1,0,0.9294957585017919,212.62514501913998,10,9,85784.78439251175,8076.044906296029,0,4.225816633808048,2.540900794268157,Benign
522272.7047536818,420,370,14833.34541461093,13456.126561781355,13443.481053696038,190.17662690043417,597.70287458306,459.02813775078243,3,18,7,6,4,1.6143673599585393,563.9750447461889,231,95,10814.320261482437,42068.003179756306,1,22.75184207905822,24.34235105270313,USB_Attack
144815.18398863665,56,29,1456.096241494776,1574.1227714865147,1511.9588832270401,22.634195568100534,186.91167815674106,213.77474857406355,0,12,0,1,0,1.0947806726146503,181.50313774115457,5,14,55165.03543997222,10052.533553243451,0,3.6603034614623047,0.0,Benign
80073.68242159528,39,15,1391.7380816373202,1679.9440581301078,1534.1068260973648,31.40857193653856,282.32549305912687,167.6242667512318,0,9,1,2,0,0.7721645060089359,187.8832681416647,7,10,77017.02552559324,12115.610002807089,0,1.2099861820605333,1.6080351305886122,Benign
512544.0469659225,375,251,7522.83515678924,13666.78870178695,15728.829195265913,196.83351108090423,592.5052416678213,641.6909173718045,13,34,2,8,4,1.996144395687557,494.719517218077,86,214,10391.55227103922,42054.93560977497,1,14.345907471160157,26.144909164043185,USB_Attack
503081.30197726795,259,162,9683.54676806819,13208.619127354037,15856.157414652469,111.71341701414168,585.6685115606127,490.9801418663018,6,8,6,4,2,2.0818021624829273,512.7030917581404,98,145,19627.404286993824,33463.72279094189,1,18.816817016492255,18.493752223875234,USB_Attack
541825.8300993735,529,196,5521.496091790177,14579.799124660942,8086.366166206233,110.06273073399238,376.49666559584233,522.9666328371977,7,24,4,4,3,0.6034243187858199,571.7078847052209,284,160,15716.270172672588,51383.36847401418,1,18.9654715038899,37.82863495527292,USB_Attack
108233.2196123915,25,8,2122.367145754523,1537.9263830730738,1531.223285704968,37.146152856302365,304.83714979792865,183.970307566441,0,4,0,0,0,0.9470203469144326,197.13329038980586,34,5,71939.4457453406,4600.715351647548,0,2.1203535649457006,3.300662384675973,Benign
495385.9816968755,437,378,20760.461549698193,7361.776583205923,17131.252997066837,127.36836020124204,521.1165396862478,493.44192398380136,13,26,6,4,5,1.501676979360395,678.3711615799735,298,129,7651.178121398916,37712.10346405933,1,15.550729431961678,20.068791450223465,USB_Attack
99630.62056944054,52,34,1275.212586732522,1354.352552252863,1000.3784991198357,14.05540409796112,228.33700086746063,206.7753232759519,0,9,0,2,0,0.9932801971242176,204.11265113328963,6,22,83035.92299199288,8301.288091368504,0,4.482746949485945,1.9810849792678844,Benign
119772.98110106548,14,12,2138.060967650037,1270.8645764497069,1138.7743288825504,17.431758497281272,321.12038979721945,184.3286484608863,1,13,0,2,0,0.5294581017770794,180.36766276067758,11,8,33333.09303432013,5824.586953604804,0,1.789959825859015,5.011696561281476,Benign
147911.33572868677,51,25,2027.151652869903,1721.2866864907512,1924.920800453994,12.699713195934718,224.1153353834771,166.8625398325649,2,8,1,2,0,0.7811983063489285,153.75076243236413,6,6,58108.445519167675,5294.529010493919,0,3.179863785176298,3.4839336691168565,Benign
96863.09501296084,51,32,2554.9431272885518,2392.168665968839,2196.0575083365748,13.268972356708238,240.36351866075927,218.8539464658274,2,15,1,0,0,0.9909973723085126,210.17113059012897,13,19,84132.27278108912,5207.188866070559,0,3.658104500875678,4.243592184059126,Benign
169721.2836069749,13,23,2084.5682209337606,624.9342192433975,1251.4903944909793,17.218710418442395,187.23253838292592,190.3277978743455,2,6,0,2,0,0.8991783031924088,206.45857532525994,31,25,56610.58848189872,6586.7725028596815,0,2.0343704731043677,2.384634389761435,Benign
497584.28243449185,149,320,11364.211868509483,7199.877570821993,12040.91642332704,224.24310556598593,554.0925770676051,418.92645972540237,5,10,2,11,3,2.142286602971835,362.79087303608594,145,217,22343.110751275504,44950.804056998706,1,18.708282183979,30.427201819579892,USB_Attack
99507.24595244476,44,38,2038.5387954651055,1395.1161783964383,1576.009973072642,22.50338545544994,209.9269197818076,211.40669406552522,1,14,1,0,0,0.792961684987413,150.51313136134752,34,19,110345.69833547139,11199.060392048916,0,4.987871149533753,3.6349146095352785,Benign
357906.01341547974,367,103,11341.842489904117,7102.503345095221,16572.954543455704,203.93275474963198,504.01238022282905,488.18969921022955,8,11,8,11,2,2.34509651249472,525.9715609404383,186,82,14898.479704396203,44478.26167570724,1,26.774959546842975,36.436644480870314,USB_Attack
126343.80457091752,28,17,1156.4414217161125,863.3255290693276,2240.7836080713278,17.356285945966572,231.52422545434504,232.1768522898395,2,13,0,2,0,1.061200858082156,183.08799420138277,30,8,63115.923955234895,8289.305650920525,0,3.815384766138285,3.913770111569651,Benign
103439.2581296527,41,18,1739.1277714445432,1948.5922066018443,1318.7193415908991,30.068296600516657,170.30801336290136,182.17167169891516,2,4,1,1,0,0.9285641802327909,178.11353519895638,22,10,38649.491848258316,9373.617433107447,0,0.42555715606350075,4.195191929506741,Benign
115346.0060645822,59,36,1780.508615886235,1518.6626413582758,1996.2850548069941,40.00611222266218,243.12360127412816,235.71361922455708,2,14,0,1,0,0.9648806883881917,143.76940310792068,9,16,15228.131380999614,5496.654997370666,0,0.9148914311610314,2.2593845145248737,Benign
422055.8387424748,296,359,7083.0515753956115,14296.334584001348,9776.519125472014,123.09341981245889,674.6540215381074,410.3660600553322,9,25,7,10,3,1.8445200230112775,638.7332824140938,146,128,14617.463125643173,49817.4229885657,1,9.705411677135803,22.482722931836406,USB_Attack
163986.08458877046,19,30,2021.9433151583628,628.1766982936708,1493.2442710540724,38.797986968597876,241.30570257880453,231.50344023470674,0,10,1,0,0,0.505366320845478,198.11563896788428,24,16,87849.10805727323,7110.534053828062,0,1.7106960496061774,1.2133841767625282,Benign
95496.20462189232,59,36,2117.1898272478757,1533.2085662313423,2048.8068692132315,27.915395065342764,252.72242689952776,194.58316539901108,0,11,1,2,0,0.9698367203553164,175.0075168060514,33,9,68706.95492532637,7798.817216114797,0,3.2510534738688204,2.1977441406974694,Benign
118726.98569762675,22,37,1996.128538535574,1880.6227457174584,1616.0537993692112,25.13490799430969,206.157181848158,276.41237433103964,1,7,1,2,0,0.9856856759495393,165.20770864563255,25,25,22364.595810120918,9723.629242778092,0,0.0,3.3938216774571788,Benign
122704.70483002719,32,35,1711.528059389331,1393.6746140325652,1461.4289880350877,28.20099065860193,186.266337370634,204.5553337726773,0,9,0,0,0,1.0171291208365825,232.9118757267447,21,14,63527.02170897031,9490.791188950478,0,3.243288515697026,1.3862111857875261,Benign
90412.79668450207,30,36,1432.1349600774374,2028.389705539868,2051.776869192813,28.124211991736125,274.027726108427,207.2316943653938,2,12,0,0,0,0.9126192659533807,261.21163297300075,28,17,49289.28446741624,6440.057832315671,0,2.2891108002748464,1.7075490480027873,Benign
118329.44842050016,35,38,2348.593037078117,2009.8028273511131,1999.7049015087568,39.85683535250595,250.55192330047186,199.33815964285674,1,14,0,1,0,1.094080215685127,188.3070996234491,24,17,63556.44291479441,4088.424544732412,0,1.849843215121842,1.7082487829592314,Benign
120159.68581355101,21,39,1974.8664083069175,1211.5070777666185,1980.7853284615503,29.161765854573797,225.31917168465924,166.10700568830973,0,3,0,2,0,0.726802000307357,144.93466008601743,8,17,102755.40823672601,8429.178355898424,0,4.787913942888569,3.5301300538438865,Benign
414788.35546308826,512,312,16471.9940656784,13203.136979988161,15137.149920600312,274.8021160504068,789.0642506315717,622.3048520137485,11,9,8,11,1,2.0979251797816554,399.0659418480002,181,142,12635.02434219743,59311.67172313834,1,28.248634161382633,27.102872712594372,USB_Attack
494549.6147741598,365,319,11134.689780389592,13089.562887260437,12893.781411881957,299.6972525933594,474.12064440709094,550.8744832514922,11,8,6,9,2,2.0515121209227,583.4884232624333,177,152,15230.963758306734,26682.699525335996,1,13.98012359496456,34.25709188176576,USB_Attack
677896.3068134099,224,125,13407.960181739829,13969.838306813203,10478.843317569072,187.88421475806481,427.9718423831866,464.9668212241374,3,8,3,5,5,2.5779374188211173,327.9117723013386,287,122,11778.856567256238,38519.29818982868,1,24.54695548835602,36.068290470888975,USB_Attack
478416.1863669926,392,331,12256.839943109107,14398.033603698195,12819.803920061595,182.55805285276702,621.4245654774146,367.45375909588006,4,15,8,6,2,1.6188008756626684,412.65869481054256,277,171,10753.683025578423,50007.48701214991,1,11.53980597773647,37.2477366160678,USB_Attack
139928.76906166907,10,16,1700.810028700702,1531.1920879235067,1743.9118535890714,25.872031916636754,216.2270302626225,218.09964141647862,2,3,0,0,0,0.7970093810436372,148.48797393851734,30,12,44093.59890748775,8797.461538094929,0,2.2912750212229023,2.283930754473932,Benign
102444.34653218965,19,33,1512.7665248223311,316.4399895036713,1604.222749001811,48.066268446246625,247.01021672935576,179.2409217230509,2,13,1,0,0,1.0498010209149526,181.11898437126737,24,6,72208.58828350477,14533.426836137607,0,5.321550621790848,3.515666324669657,Benign
137659.20455212207,59,37,2592.3000949017646,1416.5221208146256,1771.1229669308725,4.966480642829669,268.6415725287736,189.76765233463453,0,7,1,0,0,0.8314429118861333,145.49117451023287,6,6,55745.89352115116,9783.194990144199,0,2.7521188747867553,1.7460129010669276,Benign
117362.80537892356,34,27,1221.9229402289438,886.2240877518956,1392.8152768980028,26.865175970683612,220.8228575612066,119.68771457956035,2,11,0,2,0,0.9236266053447417,191.68778543606376,15,27,41910.375724571284,11496.734545000685,0,3.717749282806224,2.9108700153875873,Benign
90918.04266784138,40,31,2153.1964758411677,2231.8510659970543,2099.272252070597,27.172983367031176,262.45937247774873,196.50597030900215,0,14,1,1,0,0.8637742890046847,223.69721475277652,25,14,77930.03861874758,9328.32209557038,0,2.887681327586486,6.447152486612612,Benign
91294.8986136106,54,15,2893.354080465937,2213.73734627454,1811.5776767091304,23.175287660102377,212.5005698974289,224.0813056309995,2,3,0,0,0,0.7846368149409197,171.6145393727302,20,18,10905.808754232952,8200.506163440963,0,4.024679810008582,2.715665261712317,Benign
163411.76088093306,45,20,2338.633951858344,1883.3722496050145,1717.010636205936,23.36384591146055,192.6440693470451,192.8748476275423,2,8,0,2,0,1.3502150286166816,189.41750744702563,28,17,48018.265857517516,9367.767919375856,0,2.102947567676696,3.423711115159415,Benign
115307.35562570105,49,38,1784.2306089511164,1392.6896531975,1697.4820934827455,25.731278185291867,174.2790368169864,182.29759123228018,0,4,1,2,0,0.7320504796149793,165.52462123561406,23,24,73493.04862650528,9241.00117239462,0,1.223898096561929,2.773863603322339,Benign
169210.62281694933,45,33,1232.9656802883362,1046.3932785283357,1962.9125229974254,22.98397379628375,202.2816013180347,191.067592276715,0,13,1,0,0,0.44277757289102954,167.62632000780596,6,25,86940.86285468914,10243.294202245435,0,3.4188869071418,2.4265847937913216,Benign
429042.96526259993,348,302,16669.12506624259,8352.188065050796,14370.899581257212,162.14857233272056,450.6198961708483,549.0697761414393,3,9,2,9,2,1.6957078961194834,575.5432551015231,158,158,19177.641453284625,28447.145747519804,1,11.567192236210325,32.92047494493171,USB_Attack
128736.1560339448,40,37,1594.224152521239,2374.188857891715,1454.8911785814848,21.099114353464806,290.332907091657,198.3690293331961,0,14,0,0,0,0.9262591777154338,213.57790399293205,22,27,45214.08821292127,4598.3790360392495,0,3.4542668066074245,1.2207271430580127,Benign
191780.30169054726,23,22,1456.4996330430458,1188.511176066018,1896.1241523293183,41.17914254997663,235.37537492082708,255.73748529225838,2,6,0,0,0,0.8246293798239354,147.59494145901675,32,10,58879.48772613591,4182.8323727382085,0,1.7599466813325284,2.767338069636865,Benign
88278.39766010162,54,34,1440.2265455209338,439.98209052627135,1569.6208960168178,22.983890053621188,216.6534802792491,182.87799485345832,2,4,1,0,0,1.1037151317056735,180.04437788881242,11,15,66408.0399464711,9199.20799506651,0,3.0762273870184775,1.0995731810297709,Benign
63065.565003006705,17,23,1636.843272264378,1963.574478818427,2266.7707166001314,29.55689126099773,280.2700616820951,206.5169535539379,0,14,1,1,0,1.0964367600350136,202.29450629391312,25,11,94331.75681818047,5071.892619954562,0,0.5868701758253583,5.162263535305996,Benign
158597.703938617,53,26,1748.8764535571565,2175.226401128052,1939.0911244187862,19.647711201254268,174.42064208599732,186.99794223118917,2,10,0,2,0,0.8363217766325315,217.29395149188088,5,24,80253.15586161436,9784.70950995713,0,1.9242570922811222,4.382090168015094,Benign
431255.9728709471,511,238,18014.564046975465,8972.115504201578,14920.467347963022,165.13090489353812,648.2252302338702,502.41721596146374,4,22,3,6,2,1.962940979596043,519.5691667247951,119,191,14900.696898589831,62530.65017092654,1,26.74395024010196,34.67501113214322,USB_Attack
531488.6151238633,349,80,16825.603626299817,15945.533832252695,11643.978168979073,178.70212674577368,466.4870858865701,413.98055609674054,6,27,4,3,2,1.704048024957099,334.1060007197613,193,115,16926.561301226608,16508.47784946941,1,23.59465141206975,34.04505149655469,USB_Attack
102422.45368645246,44,30,1458.8781019334751,2040.6838547556515,659.1840656040682,28.354081892257362,214.95858226463665,263.84228411603544,0,7,0,2,0,0.8935595238649877,172.93333125579102,31,10,36438.30107183484,11149.500187203272,0,1.9189395807629883,3.6865162792511317,Benign
557923.5302861838,304,304,20473.922159953225,15243.870531655793,11209.552612644042,188.59424542088829,463.15492281184584,460.67177516252787,7,33,6,6,3,1.6704029434656347,382.66308313843587,162,217,8445.262615905349,46781.4170084104,1,20.277370772554946,20.013132164488553,USB_Attack
544211.4416200039,359,216,12454.034140996422,15725.096760973116,3662.687022104128,216.70541129732283,585.4866394308373,475.48346103171315,9,19,5,5,4,1.1781782148793183,455.2374862467211,93,109,16595.824925959954,32001.264997150363,1,11.43932431210927,22.867807452139004,USB_Attack
114601.79736350082,25,8,2718.2118537067113,1512.546468675006,2252.8721174692078,38.489383885969445,265.70740680212816,203.54010116820484,0,12,0,0,0,1.1842605573539386,164.43389779232822,31,23,75387.47464213251,8189.4000568346055,0,3.218186333446701,4.962428807196914,Benign
133494.45979669603,53,29,1916.1232963619289,1779.7077475887377,1601.1224261181146,18.892210338314563,266.7213188209205,225.09966783636793,2,3,0,0,0,0.9685666282971536,230.5749739067311,6,24,48958.506351369826,5839.789008256508,0,2.657299964484095,3.8892085745425584,Benign
502044.5304340021,324,115,9460.313450984086,10037.29114157231,16171.649454625956,86.4560888766363,525.5414995888056,539.5498441306972,13,14,8,6,4,2.1108068540512077,537.6279082668881,220,101,19301.901773087277,33088.24373910862,1,6.996019895802174,19.257730484601637,USB_Attack
98997.47911062333,14,34,2009.0906807933823,1418.6237465671732,1393.4021151121667,17.44262935854958,202.91259173915483,210.4524184762792,2,5,1,0,0,0.6918454761594839,201.86819386656154,18,17,42516.92061351647,3725.493573842995,0,3.5070566184564953,2.6337677008920015,Benign
109578.51499204405,20,8,2072.8318613719894,1066.146882441755,1214.4274165337633,33.067065884814156,215.95958880418553,167.926386860279,2,12,1,1,0,0.9363475318575438,207.95647729487206,28,15,45910.74048476733,6093.949130336694,0,4.378488389760551,3.4229524281828954,Benign
423443.2999172821,304,80,16405.615639359625,10854.348417477488,4103.758939998055,182.15364664691353,597.9534364167256,552.2906675284657,4,13,7,7,3,2.5637269898027597,453.5795566845024,146,203,17011.01555023173,56928.84026687079,1,12.36982219372043,31.64823251774023,USB_Attack
107323.17051603762,31,7,1193.3016627953994,2327.1668316447312,1368.540953644198,17.29449689968,217.6912990869572,154.4482984088554,1,13,0,2,0,0.9477273457299491,146.86920783618098,15,18,76871.1888191411,4117.249461008836,0,0.0,2.009266150989582,Benign
123563.89619708706,19,30,2679.0273476567313,2343.4558664460637,1199.5376525195782,19.301260186424788,219.84578827642636,197.17750941285718,1,12,1,0,0,1.0454195655503276,197.5349975798036,9,16,53257.24811789379,4941.002750118716,0,2.784585960010593,1.090315166323587,Benign
108013.53175234715,49,35,1265.0580432093714,1498.8087909392534,1608.0255246330496,20.569579226711813,279.12322483617214,232.86836111380111,1,3,0,0,0,1.0796247316775431,189.45297168666656,15,16,41727.87607826205,5905.466295405158,0,2.3297988368967024,5.699517790403082,Benign
111858.70521204827,14,11,2130.3861032079667,1626.685622291817,1656.489665362693,28.237386839393757,240.7646498754617,216.42661636982615,0,14,0,0,0,0.9257781222910653,164.22782244008226,13,7,80876.12811229746,6027.496811809915,0,0.057108981375647794,3.0474020995052213,Benign
471540.11031940934,314,355,16138.912970284604,9819.040826275557,11173.116373305702,221.45897452548908,385.92171952286014,235.66792966162822,9,26,3,3,2,1.1340537285052834,350.2734157660851,116,74,13580.63158985558,25589.675137992053,1,21.7760355239634,9.10272725731477,USB_Attack
100327.69612703058,32,34,2100.405274514885,1789.1586824727542,836.6924947824009,16.238751360697353,144.4159565824618,143.0484085148871,2,7,0,1,0,0.797603868153372,188.60388473862898,7,15,74062.34083273623,6409.290419527153,0,3.4588789597027705,1.7995908203058697,Benign
140731.87697600632,10,7,2653.4289620836653,2291.84212722639,1624.3825808598287,24.77642388960944,177.403470498952,214.90833741382303,1,13,1,0,0,1.1265138515729938,149.2660092478918,17,25,56087.77375057797,7483.859379621193,0,2.722804353919573,4.912676207645388,Benign
163079.34374405327,28,38,2080.8194360705174,811.846149024888,1712.7682204478135,15.85198874167123,207.56291353171218,247.4359638607524,1,5,1,2,0,0.7225752462318843,185.69776009916356,23,11,35918.993611886195,5791.297586137411,0,2.5967624459292455,4.456111532287048,Benign
106068.58823413655,55,36,1520.6678864782334,1708.7474848660772,1792.0867047844936,30.148458920007833,272.23730624049716,171.08161889389498,0,5,1,1,0,0.8585063301650261,182.07880599169835,24,27,59673.609266075124,6764.421552636037,0,1.7198885181024473,3.084666409826321,Benign
607432.2847119542,400,295,12289.281547322022,5774.77326153973,12797.26955042774,105.11755518803875,399.26296743195206,473.7045853094128,13,32,5,8,2,1.992949760885303,467.3563003868369,104,206,13794.879141363399,43460.29838574621,1,13.13998755530148,28.174637515465044,USB_Attack
370578.1531342012,308,304,13652.306781269795,9083.00106008586,12058.3841260827,165.3899715644654,328.17631290808936,254.79235413555946,5,22,9,7,1,1.4955123065142646,574.053310445935,175,75,14746.332612990063,25147.921461152124,1,0.0,17.69235998885547,USB_Attack
130964.62035115514,24,29,1881.779005697634,2239.267950531811,1898.8271547725053,27.173227223942092,211.4206447347863,141.23919398976903,0,8,1,2,0,0.6318428665047047,208.6586363564635,20,21,61043.975398677365,13149.986704592382,0,1.4344869765908599,3.1374576720636145,Benign
166973.38593609762,11,6,1153.458195992105,2416.2081954770188,2571.9312785662305,39.01699288531528,178.084060978578,153.17358929859495,0,8,1,1,0,0.8178499502590705,168.65509016187983,7,12,95987.42574795819,7926.714626743669,0,2.118691791260817,3.781067782881739,Benign
436717.50004432735,217,370,12017.517624215534,11000.70432324479,14192.54030121549,75.9202407755294,468.75618721096447,456.58616362134245,3,17,4,4,2,2.551867940330628,571.7294189581156,107,75,3531.582491393736,49567.29518392062,1,19.80590890286156,11.48666981106903,USB_Attack
66797.56383570959,27,8,1825.6933352180931,1802.928152470361,796.7589649421145,17.44593639959288,289.9589736178865,203.88704122505104,2,4,0,1,0,0.4458527478645996,183.4188784578277,34,23,57195.39502654392,1507.8922726106794,0,1.4420074091903838,2.7537362595845325,Benign
133619.86894340877,46,24,1984.0433542904361,1537.9051675767266,621.1445475056618,29.63356188750232,207.6936896661772,244.4666289737979,0,2,1,1,0,0.9204786358069752,242.59904156471652,30,21,30291.144865525825,8623.806082815365,0,3.77388490165037,1.3639899985964925,Benign
156985.91229927028,14,17,948.8046886544848,1215.548118177137,1497.043480861314,15.938769873877241,226.06035019808797,164.05625699905443,1,5,1,0,0,0.7731992945199868,172.43737263128557,23,24,73710.41401508322,2864.777807323805,0,1.4868554997427972,2.964525445205252,Benign
113352.11490005691,42,30,2048.643684000332,1621.8663705964566,1701.6929719521288,23.31544829381646,216.74652784911697,203.5548439449134,2,10,0,1,0,0.8664731796715529,141.6600988004081,17,17,43706.844898292584,9434.407354133553,0,3.437051439032178,4.050363297900644,Benign
487007.1051840574,537,237,14454.513926848236,14810.458655328855,17732.1161072167,140.00007639091095,444.73547029478686,432.0474043423073,7,34,4,11,5,1.0193161914180981,764.1353900468547,292,195,12394.335869366643,13543.426106439281,1,16.668876829887342,18.794408887840806,USB_Attack
99296.53376544162,55,22,2439.8440078355834,1597.6179084376436,1781.432178423104,19.385441334329037,190.57686386993282,195.70956430828275,0,4,0,2,0,1.0920966503438783,202.7686274134174,18,6,39021.71056914892,10074.532644586125,0,2.2978769459901787,4.837379847529502,Benign
572357.0701296177,541,90,17071.167687897017,12128.259558262827,9954.106035091427,186.0168756724289,784.7059750656913,513.3430534305841,6,27,7,8,2,1.7742405819186164,557.546448005753,87,231,7314.952713128756,27325.22225396525,1,21.10627090079453,14.151809691281281,USB_Attack
124235.0705649792,29,26,1238.1888652250072,1291.3977120649452,1222.4196946343507,32.19913060971266,231.80324174834516,189.11901873384556,2,9,1,2,0,1.10210695353041,199.28931424572028,22,6,25237.687908951208,8070.147470178161,0,2.576097051276593,3.9822741527011587,Benign
67305.69837761058,59,39,1837.902278979626,1294.8416609214041,1282.8436560595821,33.84535030659349,269.6522359222384,205.23937472841124,0,14,0,2,0,1.1568262942690632,260.2002672539621,5,12,29512.062627506035,9756.991544192124,0,0.0,3.2624193680439055,Benign
112806.86961319225,28,13,1341.8824994606373,1120.900220281183,1419.9326523743184,32.40964690472536,253.1602472793926,209.07743083514646,0,10,1,0,0,0.9059794011182748,184.33335974487133,26,8,72304.2513572429,5583.175289995486,0,1.8653174887123822,3.4809049732206665,Benign
440281.69554938853,239,232,13287.288700421752,11807.066741406365,13492.498539440987,191.8269529113102,501.8677266595671,494.42956273811893,12,26,6,7,2,2.118441754635782,599.7698003574983,280,152,8899.797793036305,32199.26492596377,1,9.852352238195301,31.634329051220966,USB_Attack
547917.9255455348,254,373,8426.356222081664,16998.96867078897,12234.515196301683,129.17815408758904,442.625308101894,466.18964200095064,14,21,9,6,1,2.2851142336977595,600.8329465820505,164,188,14399.757912103994,48957.40735351555,1,8.236375276557517,21.595586019325633,USB_Attack
81615.09612258305,45,31,1724.1616884533564,1940.7829203992383,1384.4125188333178,6.13740003680034,236.6403304034579,163.96164463133837,1,9,1,2,0,1.0140373905768496,204.75329579002008,23,8,52932.11946077058,7649.345053278345,0,2.3179011662209223,4.853144413304427,Benign
89039.03264515268,22,35,2095.900509465504,1114.069943327716,1728.0867376177414,27.941287946218196,198.13476497852764,145.64949396485792,0,7,0,0,0,0.6693418479217694,210.34067321188172,6,24,98239.75276308463,12104.187976419234,0,1.7704385808273502,4.4582787695701835,Benign
118100.4042086712,37,15,1297.5262803998535,1240.134591197043,1420.4814409819242,6.765346201928903,226.3733983665299,230.5089516316359,1,3,0,0,0,0.9472127616888424,214.97688368724909,5,19,88198.09812457359,9340.43796864162,0,1.674376040722202,3.778904581107821,Benign
109028.49643061373,53,9,1155.423172335743,2199.5562533690572,1946.6842202581558,9.613061788215896,240.03005142774646,171.69424877273025,0,11,1,0,0,0.8492880749155982,213.2897972992946,30,18,57636.4627156756,3647.202262337898,0,1.9380395389792697,2.663084486478763,Benign
161974.0914508826,42,26,2004.1757897208186,1425.976861167186,1132.1975071059755,23.706658753704424,221.64685317380065,188.61572544154467,2,15,1,1,0,0.8159303071919404,92.89795013610367,19,7,77956.01008857398,10570.589067735486,0,3.2489597140570488,2.501639163872725,Benign
148630.44987275093,32,26,1250.1646459955955,1513.5589631632354,1045.4544974138053,27.116617957043978,236.80851669548525,181.6370108035167,1,7,1,2,0,0.7618110044691339,187.93968232754193,18,5,62662.06794609805,6288.91690701443,0,2.9201098489348665,2.776301226199481,Benign
529531.05912644,497,143,14961.004486142238,18004.76316134291,10691.850661633114,227.65281034645096,606.4087807851313,247.21674674482,12,12,5,10,3,1.6656839167619368,409.5329567848062,97,207,17202.06605026838,46494.76377827017,1,25.338677645480875,29.11785866098976,USB_Attack
124368.90943031655,25,12,2218.378015610444,2009.8638684247396,1661.7153849059187,37.284249188751744,289.74912154862795,156.25207885325227,1,3,0,1,0,1.151128170242155,178.66344298580563,32,12,17030.56772436532,8768.37088188565,0,3.2560430672699354,3.3845441144259265,Benign
131796.89330954483,52,34,2062.5320549919697,2027.3139063217632,1154.0162023666348,28.696813260148055,152.4750344857621,182.91417236795854,1,10,0,0,0,0.8272014940859168,181.497706756894,18,26,39994.67875757236,1131.4711059854772,0,2.5006407160802246,0.0,Benign
94140.52934059875,19,34,1173.0852287735443,2000.9436452649816,2037.4381605309702,23.00473674563794,240.22479281648495,219.47993336838593,1,6,1,2,0,1.128751701713863,219.32421999884434,21,14,25333.43010046002,9572.648781623167,0,0.8981887885929825,2.2456955760634787,Benign
530844.6588192133,385,103,14888.342056416377,14164.8768712756,13258.013476647962,188.17763391246794,552.2915869296677,489.60398613045396,7,24,3,4,3,1.7700598778852041,518.2984429282119,169,233,27984.01729809338,50119.03148308091,1,13.396472803133637,13.252007218374443,USB_Attack
86638.67236922396,33,25,1348.13422202684,1107.4038101299493,1248.8583148637138,37.520906780512725,242.50301877081,215.13521385520744,1,2,1,0,0,0.6734570754870317,174.77430212229805,19,11,47901.33024533735,6805.437886681297,0,3.2220140987325463,6.5023196306384055,Benign
145061.30981706694,24,14,2688.15964902029,2366.3458849916647,2094.9202690924762,29.100469547797353,195.20703769231082,185.11754007665454,0,6,0,1,0,0.9381536132671168,145.95205658975033,24,12,69357.23898999185,6902.285167137299,0,0.8512192106976733,3.0061969205742383,Benign
155584.27506356494,45,19,2253.0052137853045,1885.3390396299828,547.147131199711,18.797938721940028,260.921895991657,227.0853797234579,0,8,0,2,0,0.6624160880780332,235.99172980607906,10,18,69695.31224952795,10051.08502512813,0,2.042829957148278,3.057786400215005,Benign
126325.93806264261,26,8,1589.577576997363,1294.5034583734246,1930.44490668721,20.59783655182614,216.22067614125908,184.74914373969395,2,8,0,2,0,1.0214291265587303,170.58046006642093,16,23,75180.60406836931,5604.696059052718,0,2.3630151106541963,1.8330581498221594,Benign
114713.60823114072,22,14,2088.097344671746,2140.718481124985,1156.894891548633,13.426090296053305,178.48247713255228,136.7432809842232,1,12,1,2,0,0.8584453296115372,186.0788066077233,19,6,39526.339478043985,10894.530153008589,0,1.2599687931828383,5.407350536313425,Benign
132009.2972492902,35,21,1121.9069070345854,1258.9759881334073,1890.4290727888558,24.660664961595895,181.68163641034153,209.49871378778892,2,9,0,2,0,1.0710363682193131,254.16606654117982,20,22,71344.77758564152,4048.9101342066974,0,0.49871087813233483,1.8612540809407074,Benign
34154.44889697981,47,20,1463.6769244052534,2134.8165314348953,1115.4896056173338,16.599668468443742,224.3646774093156,223.02154307086042,1,12,1,1,0,1.1867091699999093,171.3967726694124,19,5,38979.827722221205,8768.804911456795,0,1.0902764350559586,5.8459179359647235,Benign
129067.74655456384,52,8,1852.4316329709432,2165.228065223021,1472.6049861492818,22.367401846427853,164.1217466788478,183.22282962742318,2,6,1,1,0,0.5529309734461336,181.72962316974258,17,12,75649.47849359806,10008.34533554719,0,0.3283245195615674,1.9640807824947406,Benign
482685.0408413974,197,148,17074.237621217264,9203.14203073899,6912.706325164265,274.09125076933043,434.45573363265237,592.4375109472865,14,29,3,7,4,2.110400878903607,640.2867968870213,104,230,18415.51271939149,38837.44207545988,1,15.627275485166603,24.598406923090867,USB_Attack
118481.15660829027,42,15,1751.270437243278,1761.7912363594323,1414.4477208871676,9.130330863968487,256.71224481899225,174.4792343688551,1,9,1,1,0,0.6581079997320695,141.8216049493867,29,7,75909.37862337368,8478.602002523665,0,2.9769681505959147,2.9206234584137674,Benign
141195.97538693482,48,23,1924.006755357113,1851.985816782598,2231.969611572178,14.890069851830104,283.9395512297849,220.12180438602002,1,3,0,2,0,1.3316522434612479,138.34603298279038,31,11,56104.294054992584,7462.331113117483,0,1.5884468822244222,2.2126715505857986,Benign
422149.4787323348,184,216,14012.022818893665,7839.988410670366,10767.177083518694,211.92928635235836,618.3514310122196,492.81214116389464,10,18,2,3,5,2.162000126339901,362.3163727627138,128,92,6241.357505671073,45832.12672389655,1,16.533099663223066,23.241294827686115,USB_Attack
529241.0074895406,150,117,16223.545701556557,14698.521383379888,12532.048457905714,151.22456641328202,596.4350564265768,505.8191165677063,5,25,5,10,3,2.4423261303271833,634.2278690402354,246,103,27482.848799103143,17343.24985018826,1,21.561813695289487,15.510896877279723,USB_Attack
115757.91987523866,33,34,1651.9272039045532,2144.644474647223,1345.6749755628655,21.048873602095135,189.5734688072438,193.2055074193092,0,14,0,0,0,1.3480677260966827,194.02678645922362,17,6,21308.476114942307,6217.257734660259,0,3.0284154424333987,2.740258850121333,Benign
425211.87687192066,168,129,10714.098634327085,13419.839709243002,18056.847842916006,163.82312454966373,462.8361092197754,216.8162905473974,3,19,9,4,1,1.5804835428919084,348.26925697677774,230,81,1.0,45959.0326728637,1,10.742339065863305,20.540133077849873,USB_Attack
123448.01734743039,41,35,1915.968754314294,941.3861173887439,849.7229573948788,19.35050243099554,205.7818056287462,248.8488616085539,1,9,0,2,0,0.5756278670282295,203.01941297300985,24,14,88770.15769865227,5074.177692914129,0,3.924546537842184,2.4223486897290094,Benign
124857.58101855204,15,18,2005.407794599728,1446.0057735745709,1385.3963778487234,13.40480126553099,281.7978499542583,212.0834772137353,0,6,1,2,0,0.6683201524144,125.29849251868212,30,19,32908.12836302651,12689.647253314517,0,2.6651254850488146,3.3136781549709875,Benign
151181.0713475566,48,15,1899.179583659417,1501.1091424948681,1285.556005869857,20.721993780866413,191.02522698759785,264.32608031656014,2,6,1,1,0,0.9286382371817812,187.8912580003599,30,9,60334.061307839176,3529.489143756069,0,2.8816173151006024,1.4674727909318743,Benign
413978.12908490637,232,110,14047.845612502004,7145.470955972732,16420.586018733582,205.29010581403466,724.2032137058633,545.9118823997874,5,32,3,10,4,1.6502759969047622,851.3947764337306,151,227,18170.93045869088,30379.611544331434,1,22.949474019649315,14.614513249612266,USB_Attack
125271.0136849455,53,25,1300.5360744284062,1640.4781284831884,1574.0995144144297,22.516879171150013,200.5900412820991,180.3861002028877,2,8,0,2,0,0.7327994804468834,199.85332721565487,21,22,46479.85944021127,4785.094712271066,0,0.6805139257205612,0.38168057078845186,Benign
158697.89095854724,45,17,1999.4409029740336,1931.0141649743618,664.7667321410019,25.894367350371624,233.12483037627004,182.4947919436037,0,3,0,0,0,0.8029904487296394,185.11670530855818,15,19,52533.57988445138,5342.471406449642,0,0.6159172840371041,2.690513460594212,Benign
67961.65509188414,59,21,2535.836650335439,1607.1902943279056,975.9481381105751,28.351156563801577,265.0129639475009,201.8482179647884,0,4,1,1,0,0.9106162051235056,170.18984226802326,32,9,73491.35226659442,5299.96333871818,0,4.999639970840045,1.5021649148865555,Benign
512104.13751323574,140,346,17277.882358562296,7441.831327651108,11261.220652121645,141.26461439474772,590.6510316951423,590.7810912450475,9,32,5,8,1,1.5804459670633693,494.52500304222036,271,173,15641.571133530695,68043.77161685895,1,17.403147595222855,29.8416400036234,USB_Attack
102438.6449408087,35,25,1594.165793761503,1433.1875692168653,1873.6201176448676,19.931593315908874,172.82784064292926,185.75030489838116,1,2,1,2,0,0.9666557880942991,227.0187771601199,14,13,62476.25889845724,10399.423033147596,0,2.578208171026087,2.282527513835331,Benign
108878.68846580686,17,30,1912.1702277213878,1497.955489442947,1822.0029934625104,12.39362556864172,272.03170137460245,186.41606497850697,2,8,0,1,0,0.7873668293479926,172.0159769290174,33,19,38389.43510582323,9529.75387028321,0,3.0515355520990637,2.01108332688155,Benign
570905.7327178435,192,113,18008.941813608264,13100.050063775523,15122.880169411023,65.55316154590064,635.7285874432635,404.0393859215157,4,19,5,4,4,2.108070262903252,613.7763716497298,178,86,18976.165760642598,43084.681967522396,1,16.227687704424973,22.863998183118028,USB_Attack
452612.0847459187,288,278,8224.440398347899,13358.582237538398,17043.805306327653,63.128361346199,403.2139366160293,345.52847365021114,7,28,6,5,4,1.51098401623908,610.6691728251735,236,134,10636.887329696894,54216.03718399069,1,10.328980379347701,21.042924587112978,USB_Attack
460752.9959105477,173,85,16299.444702054434,7667.553093661168,9442.345449666023,124.3468166276053,392.71397042450496,468.862009276729,5,24,2,7,4,1.7270421547084105,749.7395436252557,243,180,6690.483735109374,23976.50423484045,1,13.451020827464108,23.4071466863103,USB_Attack
392047.8391981329,462,139,20791.018634766857,9183.521657901527,12791.578605514456,182.6579994229906,472.3204973509002,430.74996447677165,12,13,9,10,5,2.01876104175987,476.2423236134718,258,174,12659.29521045661,51823.482958168664,1,18.385008061590874,13.874631190164205,USB_Attack
571545.9612858185,391,201,20800.786174251167,9416.366549475923,12867.29845248544,168.15914234297202,598.750380987461,211.13916250584987,4,14,9,4,1,2.1005450526110274,583.8062203639049,129,158,12207.426462001538,51063.7175213326,1,17.940021543906447,30.681487841921154,USB_Attack
80941.96289509485,38,35,1536.481883968192,1574.7094729034866,1649.0071987480933,38.83341220191513,217.61166618976003,207.8686358561274,0,11,1,2,0,0.8374443325165339,144.94498437448965,17,14,40897.88871232366,5907.692642428982,0,1.971355481078091,0.3260692529375442,Benign
171822.54859884304,40,17,2455.834988408417,2005.8560182293513,1390.164162773294,27.004882209261847,241.22903426045124,202.78984279036092,0,12,0,0,0,0.5751546337918152,213.76092513983457,19,14,60265.97510338535,6613.905452162555,0,0.0,1.538677833693503,Benign
106129.80883436139,59,21,1698.8799552764704,2084.0308986914483,1659.0711860182862,33.477365098798884,136.44967607561543,248.7336656693775,0,8,0,0,0,0.5355530571078578,204.19968756800168,7,12,51969.30527046433,10214.496007047212,0,0.2643438853039193,3.1611781356570985,Benign
119230.82818956977,56,20,1877.6828730577963,2298.6084037143546,1540.8377412298737,15.323183421482206,210.87538240369778,228.80231895114122,2,3,1,1,0,1.1668349252596406,197.90378219433276,8,16,39493.938370486445,9484.918034031674,0,0.9423409763493578,3.3387695056069377,Benign
425180.7170559011,387,368,12049.790160461333,8194.066878453392,14592.383618983737,174.26671339136274,227.22784998571365,474.44417955338764,4,28,3,3,5,2.4511767449451267,550.8411502570617,229,155,1.0,40577.0772269173,1,18.25566589972221,22.25147226945101,USB_Attack
91667.31364790726,36,35,1429.616698117729,1843.4891289761222,966.3590766079625,22.319898805949443,217.78344235618098,193.4860072354247,0,2,1,2,0,0.786183496539902,196.3139278892245,13,19,80844.25085321869,6135.599796828987,0,2.1727570659462834,1.8859650115994036,Benign
112945.48060156693,49,27,1896.8547330675785,845.4923095186638,1745.8007922114807,27.740558813633676,263.9354220480298,232.97363109652633,1,14,1,1,0,0.8575710702037799,150.68610436198747,13,13,76418.81532183904,9532.723588758892,0,3.3368889325258517,2.148836241005871,Benign
193747.3081720968,10,38,1937.217784697105,1693.4467079226674,1910.6405318009088,37.88955148348977,262.76317524992754,173.12230621408125,1,8,0,0,0,0.5435282091074509,192.31785826520507,25,19,42293.209564438075,8794.321249431128,0,2.961862568229972,2.797758336820648,Benign
161762.12762922765,38,38,1022.9605894896895,1016.1311543426123,1628.380568225778,26.999115154234065,186.45027311727927,229.0488292788121,0,9,0,1,0,1.0524081891433559,170.1534748276142,21,27,74996.6972484182,9128.925463694772,0,2.8121152330309194,2.931381650625151,Benign
94411.86546623183,32,20,1926.348244388805,1471.8573619103627,1740.4863403966,17.498474085864984,248.83974279667882,191.52743290527897,1,12,1,2,0,0.8943239032992747,221.52372456497397,5,19,37454.67940770794,5754.183344331861,0,1.3670953093835567,1.4629731405150905,Benign
790864.1762019764,154,177,12846.366410167062,13624.386868519132,6343.890046428908,75.66586984442587,444.8326119355065,417.14542348403387,12,34,9,5,4,1.8276725465744093,544.3069361443954,185,122,8939.524786430058,81736.66565442584,1,15.699513679601385,27.90972515558948,USB_Attack
95054.31682000871,49,23,1864.9831460579983,1636.5994062856935,1856.5330265052173,38.166240502031506,221.8905404404165,217.79710101844623,1,4,1,0,0,0.9409481515502909,196.93726481238554,7,11,48333.84477894484,9401.759537630576,0,2.8053761310250906,3.331838805547366,Benign
66708.97083461337,42,22,1817.8148567452834,1111.284051368852,1526.0988511919418,29.110347299081862,242.96448872576673,241.92630855843157,2,13,1,1,0,0.6221128487875246,197.00104071867332,21,12,53892.99989743087,10269.386661039272,0,5.140814889595328,2.846071798862976,Benign
150585.3275299389,42,31,1929.584936475041,1683.5050526810574,1040.823487018156,28.584650775800455,190.76509740587963,187.8019438605211,1,11,1,2,0,1.0114993360144768,187.72601163838692,6,6,74215.95878464372,6392.404227291153,0,2.0847855204427597,2.0326116610731697,Benign
314306.7449436439,198,167,10746.827143543958,9973.09314754578,11968.647362610202,235.23714127998107,628.8494347055323,338.42333863759654,13,11,6,6,1,1.5400375699448736,368.2301057130072,267,169,17989.517661742473,61939.94045533096,1,18.73278595409812,41.28241578224065,USB_Attack
151381.56753143697,38,36,1210.2462939574452,1067.6651490791019,846.341500996891,27.142894277342748,202.3125488846834,150.32177257035363,2,7,1,1,0,0.9674138336795706,199.11340720103556,29,6,52527.93191046177,11118.373729383564,0,2.351344774461495,4.85306958738397,Benign
659498.5645212965,499,373,16743.54888333186,15288.020979331535,16938.91893307271,166.65346728453773,674.0584675399465,484.52813159302076,9,27,9,8,2,1.9343133345893904,701.074757038571,191,228,10529.10989545461,42348.40387675656,1,15.445397988238982,27.91568434028273,USB_Attack
114996.72797994042,22,27,2133.3093144814184,1980.0654118200387,1346.3108599812083,28.097586845629216,244.73278442389005,195.59821874743585,2,3,0,0,0,0.4268601614430499,202.08818022884088,34,27,61357.57548749873,4259.087168266604,0,3.543441837366133,2.1201068221098165,Benign
324002.9059816729,311,146,9258.517704829406,10728.816212574937,7899.357599831386,158.92500004449522,648.1041100129414,468.0429959805394,8,17,2,7,1,1.5721870985646729,607.7852002181662,191,195,18166.723308090775,31608.353724654873,1,26.1318034869201,28.829912763643904,USB_Attack
131744.88112044323,40,9,2029.702776671042,1323.6795193886064,1568.795499970482,22.125692439777925,188.96075857229167,179.9859984182233,0,12,1,0,0,1.1101868778220227,201.9204413030753,29,8,65294.11816205967,6241.040961429446,0,2.814406036116922,1.3611816822690268,Benign
108190.87586108867,20,31,3176.7886078366687,1360.1447326625103,1216.2847236728023,19.856854810724755,256.44046140105286,204.0103315645467,2,9,1,0,0,0.795643326650716,179.37479766792052,10,19,81838.56396961155,6840.364009489091,0,1.680359346236811,1.2128103763927816,Benign
513846.2636688694,201,376,26174.96257694999,15444.090794501513,7936.848045500642,167.50845637465767,579.9168012328922,393.65130220589583,13,32,3,10,3,1.6025885151496233,614.5037504190175,273,172,21200.359434223054,36626.70408477423,1,13.210010835941553,25.70096774096136,USB_Attack
404502.9501438734,274,208,19318.076867997195,13625.548607725445,14275.474934530994,189.90943237425105,408.3366053561815,307.6662411343001,9,24,5,4,5,1.5381560044502236,546.3799522633228,212,121,23962.362305137427,63229.75781808309,1,17.57358398056834,16.807240515326864,USB_Attack
152370.2891770834,40,32,1646.4639705737459,112.7376856730341,1253.0824194351208,17.80906860429657,249.94744824358736,208.35275211051112,1,9,0,1,0,0.994097890426648,186.43780228686978,7,21,31960.031136676494,7291.86151521728,0,5.1598050506538,1.76738092394144,Benign
429626.9755965168,244,117,15782.950964611631,8871.43847703155,3720.630232120089,209.16906734064793,655.486980342916,554.6376858579573,9,33,7,3,4,2.2788155343446452,818.199096607613,237,145,7148.552974409173,64004.90713349542,1,11.274563326130231,21.110654879762606,USB_Attack
139162.78145027932,56,36,1642.841285383183,1582.3780606375283,1581.9130441197992,25.013782403854833,170.8945331153487,196.8194551604308,0,13,1,2,0,0.9833596280240461,231.40198051596445,8,15,53674.57212082662,6021.988580853194,0,1.3796969920570672,0.18693135869443012,Benign
129946.25085401078,20,22,2155.980085671702,1654.5160525806677,1752.3203733697924,39.143455543852674,132.24397460934262,180.63382860921232,1,14,0,2,0,0.828468574502199,248.06462612905543,15,25,11599.869330965455,11288.15342307454,0,4.029632019511446,3.863509279966628,Benign
142504.44789697,30,17,2003.4139274145878,1989.0126660456585,2066.6354917977687,27.43767197726007,251.6195003961343,163.8313874971991,2,3,1,2,0,0.9855832327279461,168.88207597838394,34,6,43942.16343206235,10444.171256688265,0,3.4304320068338274,5.01663869113861,Benign
146159.2649915702,52,17,2001.62568529944,1709.431272290214,2060.071414317749,27.672901063868302,189.90286768609502,222.91106524021112,0,6,0,2,0,0.8140103985252521,213.58512821894354,21,25,50341.07679575118,10253.698517485855,0,3.622475485930793,1.7261819219711263,Benign
